task_id,created_date,deadline_date,estimated_effort,business_impact,urgency,dependency_count,task_type,priority_label
1,2026-08-31,2026-09-16,29.6,9.0,7,-5,Other,Medium
2,2025-10-15,2025-11-11,23.8,1.0,3,5,Testing,Low
3,2026-07-27,2026-08-19,24.3,8.0,7,4,Other,High
4,2026-06-06,2026-06-09,31.0,4.0,7,10,Testing,Medium
5,2026-04-29,2026-06-12,24.6,4.0,7,10,Testing,Medium
6,2026-08-15,2026-08-18,16.3,11.0,8,10,Design,Critical
7,2025-12-11,2026-01-18,23.5,3.0,2,1,Testing,Low
8,2026-08-11,2026-09-19,21.4,1.0,2,8,Design,Low
9,2026-01-23,2026-01-18,30.6,2.0,5,8,Testing,Low
10,2025-12-15,2026-01-23,1.3,5.0,4,1,  Design,Low
11,2025-12-14,2025-12-23,37.9,9.0,7,8,Testing,High
12,2025-10-04,2025-11-02,18.3,2.0,10,9,Development,Medium
13,2026-08-09,2026-10-04,20.8,8.0,3,9,Testing,Medium
14,2026-06-07,2026-07-20,17.2,1.0,2,5,Development,Low
15,2026-01-26,2026-02-07,10.4,8.0,9,10,Development,High
16,2026-05-14,2026-06-15,34.7,3.0,7,7,Other,Medium
17,2026-06-07,2026-06-11,21.9,1.0,8,8,Other,Medium
18,2026-08-09,2026-08-25,37.7,10.0,10,10,Other,Critical
19,2025-10-05,2025-10-21,5.7,8.0,2,-1,Development,Medium
20,2026-07-07,2026-09-02,395.2,8.0,5,10,Other,High
21,2026-07-06,2026-09-01,22.4,10.0,6,10,Other,High
22,2026-08-17,2026-09-14,2.2,3.0,5,7,Documentation,Medium
23,2025-09-24,2025-10-29,,9.0,3,-3,Development,Low
24,2026-05-08,2026-05-31,35.4,10.0,4,2,Development,Medium
25,2026-02-14,2026-04-11,10.3,2.0,1,3,Documentation,Low
26,2026-05-19,2026-07-01,13.5,5.0,9,8,Development,High
27,2026-06-13,2026-06-30,,6.0,6,8,doc,Medium
28,2026-02-01,2026-01-23,37.6,4.0,2,5,Development,Low
29,2026-04-07,2026-04-28,12.2,7.0,7,2,Design,Medium
30,2026-04-10,2026-05-08,24.5,8.0,4,2,Design,Medium
31,2026-03-25,2026-05-13,12.8,3.0,0,9,Development,Low
32,2025-11-22,2026-01-06,16.3,1.0,2,3,Other,Low
33,2026-07-12,2026-09-02,21.5,6.0,8,8,Other,High
34,2026-01-12,2026-03-02,25.7,9.0,4,1,Testing,Medium
35,2025-12-10,2025-12-20,27.9,2.0,6,6,,Low
36,2025-11-17,2025-11-19,30.7,1.0,5,6,Other,Low
37,2026-01-06,2026-02-03,15.9,7.0,8,9,Documentation,High
38,2026-08-01,2026-08-10,7.7,6.0,6,6,Documentation,Medium
39,2026-09-03,2026-09-07,14.3,1.0,4,0,Testing,Low
40,2025-11-28,2025-12-28,30.8,10.0,2,2,Development,Medium
41,2025-11-22,2025-12-17,28.7,0.0,5,9,Other,Low
42,2026-02-05,2026-02-10,14.0,8.0,6,7,Documentation,High
43,2025-10-14,2025-12-05,31.1,10.0,4,1,Documentation,Medium
44,2025-11-04,2025-11-26,,3.0,6,5,Other,Medium
45,2026-09-07,2026-09-20,775.3,4.0,8,0,DEV,Medium
46,2025-10-08,2025-11-08,14.1,9.0,8,4,Testing,High
47,2025-09-24,2025-10-08,11.4,9.0,2,4,Testing,Medium
48,2026-07-10,2026-07-14,28.0,8.0,1,7,Design,Medium
49,2026-01-11,2026-01-16,3.4,1.0,10,1,Development,Low
50,2025-11-11,2025-11-26,15.5,5.0,7,9,Other,Medium
51,2026-04-30,2026-05-11,22.3,7.0,10,0,Design,Medium
52,2025-09-26,2025-10-13,25.2,4.0,9,2,Testing,Medium
53,2025-11-12,2025-12-19,17.8,5.0,5,7,Other,Critical
54,2025-11-07,2025-11-13,27.1,10.0,5,2,Documentation,Medium
55,2025-11-17,2026-01-09,4.1,6.0,2,5,Documentation,Medium
56,2025-12-05,2025-12-03,13.3,7.0,1,8,Development,Medium
57,2025-12-31,2026-02-18,413.4,5.0,8,10,Testing,High
58,2026-09-05,2026-09-11,33.7,2.0,3,4,Design,Low
59,2026-01-14,2026-02-19,8.0,3.0,5,6,Other,Low
59,2026-01-14,2026-02-19,8.0,3.0,5,6,Other,Low
61,2025-11-16,2025-12-29,6.4,6.0,9,5,Testing,High
62,2026-02-14,2026-02-06,32.6,3.0,1,9,Development,Low
63,2025-12-17,2025-12-18,16.7,3.0,5,6,Design,Low
64,2026-03-02,2026-04-12,30.5,1.0,4,4,Development,Low
65,2025-10-23,2025-10-30,27.9,1.0,1,5,Testing,Low
66,2026-06-12,2026-06-18,15.6,8.0,3,10,Design,High
67,2026-01-17,2026-03-02,3.4,10.0,7,7,Testing,High
68,2026-07-20,2026-08-26,12.2,1.0,7,9,Development,Medium
69,2026-04-19,2026-05-04,14.4,10.0,3,10,Design,High
70,2026-03-10,2026-03-16,13.4,4.0,9,5,Design,Medium
71,2026-01-09,2026-01-28,13.9,2.0,4,10,Other,Medium
72,2026-09-05,2026-09-13,27.1,10.0,6,3,Other,High
73,2025-11-04,2025-11-09,18.8,7.0,1,4,Development,Medium
74,2026-03-07,2026-04-24,21.8,3.0,2,9,Design,High
75,2026-01-28,2026-03-24,39.2,6.0,5,1,Documentation,Medium
76,2025-11-11,2025-11-15,10.1,10.0,9,3,Testing,High
77,2025-11-11,2025-11-08,21.8,2.0,1,5,Testing,Low
77,2025-11-11,2025-11-08,21.8,2.0,1,5,Testing,Low
79,2026-07-10,2026-08-13,3.0,6.0,2,3,Development,Low
80,2025-10-10,2025-11-09,1.7,7.0,2,7,development,Medium
81,2026-07-10,2026-08-20,28.6,10.0,8,6,Other,High
82,2025-12-04,2025-12-18,35.6,8.0,2,5,Design,Medium
83,2026-01-13,2026-03-08,545.1,6.0,9,8,Development,High
84,2026-02-08,2026-03-27,429.8,2.0,4,7,Development,Low
85,2026-07-16,2026-08-22,17.4,10.0,9,-3,Testing ,High
86,2026-03-23,2026-04-04,22.9,3.0,1,8,Documentation,Low
87,2026-04-06,2026-05-26,24.1,3.0,10,-5,Documentation,Low
88,2026-04-26,2026-05-29,17.5,10.0,5,-2,Development,High
89,2026-07-04,2026-07-23,0.8,3.0,9,8,Design,Low
90,2026-01-20,2026-03-17,17.5,7.0,7,-3,Other,Medium
91,2026-03-11,2026-05-05,17.7,2.0,5,3,Testing,Low
92,2026-06-05,2026-06-28,38.3,3.0,3,2,Development,Low
93,2026-01-03,2026-02-09,18.2,10.0,10,10,Documentation,Critical
94,2026-04-25,2026-05-18,12.8,1.0,5,1,Other,Low
95,2026-08-22,2026-10-13,7.9,9.0,1,5,Development,Medium
96,2026-05-09,2026-06-07,24.6,5.0,6,0,Design,Low
97,2026-02-27,2026-04-15,38.6,3.0,10,5,Documentation,Medium
98,2026-07-31,2026-08-25,13.5,9.0,7,0,Testing,Medium
99,2026-01-07,2026-01-16,12.2,9.0,9,-3,Other,Medium
100,2026-06-21,2026-08-05,32.5,8.0,12,3,Other,High
101,2026-01-26,2026-02-11,32.4,4.0,10,7,Documentation,High
102,2026-06-22,2026-08-13,35.0,15.0,9,8,Design,Medium
103,2025-12-24,2026-01-21,927.5,6.0,7,8,Documentation,High
104,2026-08-29,2026-09-05,26.2,3.0,12,2,Documentation,Medium
104,2026-08-29,2026-09-05,26.2,3.0,12,2,Documentation,Medium
106,2026-05-04,2026-05-14,29.2,2.0,4,0,Other,Low
107,2025-12-31,2026-01-02,23.2,5.0,10,9,Development,High
108,2025-12-17,2026-02-06,22.4,8.0,12,4,Design,High
109,2025-10-11,2025-11-30,30.4,6.0,3,10,Documentation,Medium
110,2026-08-11,2026-09-10,,4.0,6,8,Other,Medium
111,2025-10-16,2025-11-08,2.4,5.0,6,6,Documentation,Medium
112,2025-09-23,2025-11-22,11.0,15.0,10,2,Design,Critical
113,2026-04-14,2026-05-23,7.1,8.0,12,6,Development,Critical
114,2025-09-30,2025-10-02,24.5,1.0,4,5,Other,Medium
115,2026-03-07,2026-04-25,310.0,6.0,4,0,Documentation,Low
116,2026-07-14,2026-07-31,9.0,8.0,3,7,Documentation,Medium
117,2026-04-02,2026-05-18,633.2,3.0,3,8,Testing,Low
118,2026-01-03,2025-12-25,19.0,3.0,2,6,Documentation,Low
119,2025-11-22,2025-12-13,18.3,6.0,9,2,Testing,Medium
120,2026-08-15,2026-09-18,7.0,4.0,9,1,Other,Medium
121,2025-11-02,2025-12-05,23.9,3.0,10,9,,Low
122,2025-11-21,2025-12-05,17.0,8.0,9,4,Documentation,High
123,2026-08-13,2026-09-09,8.6,6.0,6,5,Testing,Medium
124,2026-07-20,2026-08-19,18.3,1.0,7,6,Testing,Low
125,2026-04-05,2026-04-16,20.8,5.0,2,8,Testing,Medium
126,2026-08-18,2026-09-26,26.3,9.0,0,4,Documentation,Medium
127,2025-11-25,2025-12-19,3.4,9.0,10,1,development,High
128,2026-03-23,2026-04-16,8.4,9.0,0,5,Other,Medium
129,2025-12-23,2026-02-21,6.9,5.0,9,8,Other,High
130,2026-03-08,2026-03-16,23.6,1.0,5,9,Development,Low
131,2025-10-25,2025-12-14,6.3,1.0,2,7,Testing,Low
132,2025-12-30,2026-02-27,34.0,3.0,9,10,Documentation,Medium
133,2025-12-14,2026-01-06,34.8,5.0,4,4,Testing,Medium
134,2026-04-18,2026-06-02,13.0,5.0,10,6,Documentation,High
135,2026-06-30,2026-07-19,3.6,5.0,4,8,Other,Medium
136,2025-11-01,2025-11-17,27.0,4.0,7,7,,Medium
137,2026-06-24,2026-08-23,19.3,5.0,1,1,Testing,Low
138,2026-08-24,2026-09-05,33.6,1.0,7,2,Design,Low
138,2026-08-24,2026-09-05,33.6,1.0,7,2,Design,Low
140,2026-07-20,2026-08-11,39.6,8.0,3,7,Development,Medium
141,2025-10-16,2025-10-28,,5.0,4,10,Documentation,Medium
142,2025-10-05,2025-10-14,37.5,,8,5,Other,High
143,2026-08-12,2026-09-11,16.5,5.0,5,3,Testing,Medium
144,2025-11-06,2025-12-21,19.1,4.0,10,1,Other,Medium
145,2025-11-28,2026-01-21,20.5,3.0,9,10,Other,Medium
146,2026-01-27,2026-02-26,16.9,9.0,5,6,Development,High
147,2026-08-20,2026-10-04,994.3,2.0,8,-2,Testing,Low
148,2025-10-17,2025-11-10,15.6,7.0,9,5,doc,High
149,2026-05-21,2026-07-09,,9.0,7,3,Testing,High
150,2026-07-17,2026-07-10,37.5,4.0,2,7,Development,Low
151,2026-01-31,2026-02-14,31.2,5.0,10,9,Design,High
152,2025-10-09,2025-11-05,2.9,3.0,7,0,Documentation,Low
153,2026-02-11,2026-03-03,30.3,4.0,3,0,Documentation,Low
154,2026-05-11,2026-06-02,36.9,2.0,4,6,Other,Low
155,2025-11-16,2025-12-22,8.8,5.0,1,3,Development,Low
156,2026-05-11,2026-06-26,36.6,5.0,9,4,Other,Medium
157,2026-01-15,2026-02-05,15.1,10.0,3,-1,Other,Medium
158,2026-06-04,2026-06-29,10.2,6.0,8,10,Documentation,High
159,2026-06-18,2026-07-23,36.7,1.0,2,10,development,Low
160,2026-05-17,2026-05-27,,6.0,10,10,Development,High
161,2026-09-04,2026-09-22,11.8,7.0,3,1,Testing,Low
162,2026-03-15,2026-04-10,966.5,4.0,4,1,Development,Critical
163,2026-01-12,2026-01-13,3.8,6.0,2,0,Other,Low
164,2026-08-05,2026-08-23,22.8,,6,-4,Documentation,Low
165,2025-11-28,2026-01-21,27.2,7.0,3,1,Design,Critical
166,2026-08-05,2026-09-24,24.0,6.0,12,7,Design,High
167,2026-06-09,2026-07-22,31.0,4.0,2,6,Testing,Low
168,2026-07-20,2026-08-09,30.6,2.0,8,8,Development,Low
169,2026-03-30,2026-03-31,15.8,0.0,3,2,Testing ,Low
170,2026-06-19,2026-07-16,31.4,4.0,8,3,Testing,Medium
171,2026-03-26,2026-04-20,13.5,10.0,6,3,Testing,High
172,2026-04-16,2026-05-27,23.2,7.0,7,9,Other,High
173,2026-08-30,2026-09-29,8.8,2.0,7,2,Testing,Low
174,2026-02-08,2026-02-13,24.1,9.0,7,5,Other,High
175,2026-07-19,2026-08-31,7.1,10.0,7,5,Documentation,High
176,2026-05-22,2026-06-25,27.7,6.0,10,2,Development,Medium
177,2026-07-31,2026-09-16,12.8,4.0,6,7,Documentation,Medium
178,2025-09-14,2025-11-08,4.8,4.0,9,8,Documentation,Medium
179,2026-06-10,2026-07-23,1.7,4.0,7,3,Development,Medium
180,2025-12-12,2026-01-02,5.0,8.0,6,9,Development,High
181,2025-10-31,2025-12-14,12.2,2.0,6,4,Testing ,Low
182,2026-02-10,2026-03-19,7.8,3.0,8,2,Documentation,Medium
183,2026-09-08,2026-09-21,38.6,8.0,8,7,Development,High
184,2026-05-23,2026-06-10,11.9,10.0,8,1,Design,High
185,2026-03-09,2026-04-27,,9.0,7,10,Design,High
186,2026-05-01,2026-06-23,891.4,4.0,10,9,Testing,High
187,2026-05-30,2026-07-06,11.6,6.0,5,4,Other,Medium
188,2026-07-26,2026-09-13,36.8,3.0,3,5,Documentation,Low
189,2026-04-28,2026-05-23,25.5,2.0,5,5,Documentation,Low
189,2026-04-28,2026-05-23,25.5,2.0,5,5,Documentation,Low
191,2026-07-27,2026-08-26,28.0,9.0,7,7,Design,High
192,2025-11-27,2026-01-17,27.5,,8,-4,Development,Low
193,2025-09-25,2025-11-21,6.8,5.0,6,5,Testing,High
194,2026-05-16,2026-05-22,0.5,3.0,9,0,Testing ,Low
195,2026-02-08,2026-03-11,506.1,2.0,6,2,Testing,Low
196,2026-08-08,2026-08-09,7.0,4.0,3,9,Testing,Low
197,2026-07-11,2026-08-05,17.5,4.0,2,9,Other,Medium
198,2026-08-30,2026-10-12,8.6,4.0,5,3,Development,Low
199,2026-08-07,2026-08-08,37.4,10.0,9,7,Development,Low
199,2026-08-07,2026-08-08,37.4,10.0,9,7,Development,Low
201,2026-08-13,2026-09-08,25.3,7.0,7,8,Testing,High
202,2025-12-25,2026-02-15,13.4,2.0,7,3,development,Low
203,2025-11-03,2025-11-23,26.5,1.0,1,5,Design,Low
204,2026-04-28,2026-05-06,1.7,5.0,5,9,Documentation,Medium
205,2025-12-31,2026-01-11,10.6,10.0,2,8,,High
206,2026-01-14,2026-03-14,37.3,9.0,7,3,Design,High
207,2026-03-06,2026-04-19,7.6,1.0,2,4,Design,Low
208,2026-09-08,2026-09-27,12.5,8.0,8,3,Other,High
209,2026-09-09,2026-09-11,14.2,1.0,1,6,Design,Low
210,2026-05-14,2026-05-18,6.1,1.0,9,5,Development,Medium
211,2025-10-21,2025-10-26,3.0,3.0,5,6,Design,Low
212,2026-08-05,2026-08-14,23.6,3.0,6,8,Testing,Medium
213,2026-07-13,2026-09-03,33.1,1.0,6,3,Documentation,Low
214,2026-05-02,2026-05-14,,8.0,9,7,,High
214,2026-05-02,2026-05-14,,8.0,9,7,,High
216,2026-05-22,2026-07-14,27.6,2.0,5,1,development,Low
217,2026-07-09,2026-09-02,13.6,,3,6,Documentation,Low
218,2026-02-06,2026-02-20,11.4,3.0,100,10,Documentation,Critical
219,2026-07-30,2026-08-08,25.9,4.0,9,6,Design,Medium
220,2026-03-20,2026-04-22,11.2,,1,4,  Design,Low
221,2026-05-16,2026-05-23,10.0,1.0,4,6,Testing,Low
222,2025-09-20,2025-10-28,,10.0,10,7,Testing,Critical
223,2026-05-16,2026-05-18,0.5,4.0,6,5,DEV,Medium
224,2026-07-18,2026-09-12,3.4,7.0,6,2,Documentation,Medium
225,2025-10-15,2025-11-30,27.9,6.0,10,6,Design,High
226,2025-09-18,2025-10-14,30.9,3.0,10,9,  Design,High
227,2026-05-14,2026-06-04,35.5,11.0,5,1,Development,High
228,2026-01-31,2026-02-11,20.0,9.0,8,9,Testing,High
229,2026-08-26,2026-09-16,4.6,7.0,2,1,Other,Low
230,2026-02-04,2026-02-15,17.7,11.0,4,8,Other,High
231,2026-05-14,2026-06-09,33.7,6.0,0,10,Documentation,Medium
232,2026-06-17,2026-06-23,5.1,8.0,5,8,Design,High
233,2026-01-27,2026-01-19,9.4,1.0,2,5,Documentation,Low
234,2025-12-03,2025-12-28,17.0,8.0,4,1,Development,Medium
235,2025-11-24,2026-01-03,38.0,3.0,4,6,Other,Low
236,2025-10-26,2025-12-04,36.5,2.0,9,5,Other,Medium
237,2025-09-19,2025-10-23,4.9,10.0,2,9,Design,High
238,2026-02-14,2026-03-28,24.6,,3,10,Development,Low
239,2025-09-24,2025-11-11,11.1,6.0,5,7,Development,Medium
240,2026-04-12,2026-05-11,13.2,10.0,4,6,Other,High
241,2025-12-23,2025-12-28,20.5,9.0,1,3,Testing,Low
242,2025-09-17,2025-10-11,20.5,2.0,4,9,Documentation,Low
243,2026-06-21,2026-07-08,27.7,7.0,100,3,Testing,Critical
244,2026-02-15,2026-04-12,30.8,,3,0,Other,Low
245,2025-09-14,2025-10-12,34.1,4.0,9,6,Development,Medium
246,2026-03-05,2026-04-13,12.3,2.0,5,4,Design,Low
247,2026-05-12,2026-07-03,32.5,6.0,1,4,Documentation,Low
248,2025-11-18,2025-12-25,14.1,9.0,8,10,Design,Critical
249,2025-12-01,2025-12-08,29.8,9.0,3,5,Testing,Medium
250,2026-04-08,2026-06-04,10.8,2.0,10,9,DEV,Medium
251,2026-03-01,2026-03-28,882.5,4.0,10,7,,High
252,2026-01-06,2026-01-18,2.8,4.0,3,2,Development,Low
253,2026-02-05,2026-03-08,2.0,6.0,6,8,Development,Medium
254,2025-09-22,2025-10-12,15.7,3.0,1,4,Other,Low
255,2025-09-26,2025-10-18,19.9,3.0,7,-4,Testing,Low
256,2025-12-28,2026-01-21,31.8,5.0,10,-5,Development,Low
257,2026-03-02,2026-03-19,6.5,1.0,2,4,Testing,Low
258,2025-12-25,2026-01-02,31.5,10.0,5,3,Documentation,High
259,2026-01-01,2026-02-15,13.6,,2,10,Development,Low
260,2026-07-23,2026-09-03,39.6,8.0,3,4,Design,Medium
261,2026-08-20,2026-08-17,7.2,8.0,5,1,Design,Medium
262,2026-01-22,2026-02-16,19.4,3.0,1,2,doc,Low
263,2026-01-31,2026-02-25,24.6,3.0,8,6,Development,Medium
264,2025-09-17,2025-10-21,23.3,6.0,10,10,Documentation,High
265,2026-02-27,2026-04-21,39.5,0.0,8,2,  Design,Low
266,2026-04-23,2026-05-08,15.5,2.0,10,7,Development,Medium
267,2026-09-03,2026-09-30,,2.0,10,8,Documentation,Medium
268,2026-08-16,2026-10-10,22.6,8.0,6,1,Other,Medium
269,2025-10-23,2025-11-11,15.3,3.0,7,9,Development,Medium
270,2026-01-21,2026-02-03,4.8,10.0,8,9,Testing,Critical
270,2026-01-21,2026-02-03,4.8,10.0,8,9,Testing,Critical
272,2025-12-03,2026-01-26,37.0,3.0,3,2,Other,Low
273,2025-12-28,2026-01-24,36.7,5.0,6,7,Testing,Medium
274,2025-12-24,2026-02-07,12.9,9.0,4,4,Testing,Medium
275,2026-06-13,2026-07-28,28.6,9.0,10,6,Other,High
276,2026-09-06,2026-09-08,2.6,11.0,3,10,Development,High
277,2025-12-09,2025-12-01,34.8,4.0,9,8,Design,Medium
278,2026-03-01,2026-04-21,12.8,1.0,4,7,Design,Low
279,2025-11-08,2025-12-25,12.1,2.0,3,1,Documentation,Low
280,2026-06-22,2026-07-09,,3.0,12,10,Design,High
281,2026-03-13,2026-04-28,9.2,2.0,3,8,Design,Low
282,2026-03-27,2026-04-15,30.2,9.0,1,5,Other,Medium
283,2026-08-23,2026-09-13,32.0,5.0,5,-1,Design,Low
284,2026-01-06,2026-01-02,3.8,-1.0,4,3,Documentation,Low
285,2025-09-18,2025-11-05,26.0,3.0,100,1,DEV,Critical
286,2025-11-22,2026-01-20,15.8,7.0,7,8,Other,High
287,2025-11-17,2025-11-15,20.4,5.0,5,7,Development,Medium
288,2026-07-05,2026-08-25,22.1,3.0,6,0,Other,Low
289,2025-11-23,2025-12-28,3.9,6.0,9,2,Design,Medium
290,2025-11-26,2026-01-20,39.6,9.0,2,3,Documentation,Medium
291,2025-10-04,2025-10-11,3.3,8.0,10,9,Other,Critical
292,2026-02-05,2026-02-26,9.3,7.0,6,5,Documentation,Medium
293,2026-01-06,2026-01-18,3.7,3.0,4,10,development,Medium
294,2025-10-24,2025-10-14,30.9,1.0,9,8,Testing,Medium
295,2025-11-15,2025-12-04,20.3,11.0,4,9,Other,High
296,2025-11-27,2026-01-09,6.3,6.0,12,4,Development,High
297,2026-03-12,2026-05-10,2.3,6.0,9,4,Design,Medium
298,2026-03-04,2026-03-28,36.0,11.0,4,5,Design,High
299,2025-11-07,2025-11-04,9.6,5.0,3,9,Development,Medium
300,2026-03-27,2026-04-27,19.4,7.0,0,9,Other,Medium
301,2026-05-03,2026-06-06,24.2,1.0,5,3,Documentation,Low
302,2026-02-14,2026-04-06,30.8,9.0,6,9,Testing,High
303,2026-09-04,2026-10-30,27.5,10.0,8,9,,Critical
304,2026-07-27,2026-08-05,21.8,,7,5,Other,Low
305,2026-01-09,2026-02-03,32.3,10.0,3,3,Development,Medium
306,2026-02-15,2026-02-16,31.7,2.0,7,5,Development,Low
307,2026-05-06,2026-06-10,14.9,7.0,7,8,Design,High
308,2026-04-08,2026-05-28,29.6,2.0,8,2,doc,Low
309,2025-12-05,2026-01-18,6.8,1.0,3,9,Development,Low
310,2025-11-05,2025-10-29,16.3,5.0,10,2,Documentation,High
311,2025-11-10,2025-12-25,7.2,,1,1,Documentation,Low
312,2025-11-16,2025-11-17,3.2,11.0,9,5,Design,Critical
313,2026-01-23,2026-03-01,,9.0,2,5,Other,Medium
314,2025-11-22,2025-12-21,22.7,6.0,8,9,Documentation,High
315,2025-10-23,2025-11-07,9.6,6.0,1,4,Development,Low
316,2026-03-21,2026-05-20,12.9,10.0,4,3,Testing,Medium
317,2026-06-01,2026-07-25,6.7,2.0,8,8,Documentation,Medium
318,2025-11-22,2025-12-24,30.7,7.0,10,8,Documentation,High
319,2026-03-19,2026-05-02,18.6,9.0,1,-4,Development,Low
320,2026-05-03,2026-05-20,19.1,6.0,7,5,Documentation,Medium
321,2026-07-07,2026-08-20,4.4,4.0,7,2,Development,Medium
322,2025-10-25,2025-12-11,19.7,10.0,0,0,Design,Medium
323,2026-01-25,2026-02-11,22.6,5.0,7,10,Testing,High
324,2025-12-11,2026-01-30,13.3,8.0,7,7,Testing,High
325,2026-03-24,2026-05-03,34.0,0.0,6,4,Other,Low
326,2026-01-28,2026-02-21,21.1,3.0,1,3,Development,Low
327,2026-07-26,2026-09-21,2.6,9.0,2,9,Documentation,High
328,2026-04-20,2026-04-29,33.6,,6,7,Other,Low
329,2026-07-05,2026-08-19,23.8,10.0,9,5,Testing,High
330,2026-03-09,2026-03-19,0.5,3.0,8,7,Documentation,Medium
331,2026-04-16,2026-06-06,,7.0,7,2,Documentation,Medium
332,2026-08-03,2026-08-19,32.1,5.0,9,6,Development,Medium
333,2025-10-21,2025-11-19,25.1,1.0,9,-5,Testing,Low
334,2026-05-16,2026-05-17,14.0,8.0,8,0,Testing,Critical
335,2026-01-15,2026-03-14,32.8,2.0,4,7,Development,Low
336,2026-07-26,2026-08-09,27.4,6.0,1,8,Design,Medium
337,2026-03-12,2026-05-07,38.9,7.0,3,9,,Medium
338,2025-11-19,2025-12-20,6.6,4.0,2,5,Development,Medium
339,2026-07-20,2026-08-04,22.6,6.0,8,0,Design,Medium
340,2026-08-23,2026-09-21,21.9,10.0,6,7,Other,High
341,2026-08-08,2026-09-06,10.9,1.0,9,2,Other,Low
342,2026-05-13,2026-05-18,21.8,9.0,9,4,Design,High
343,2026-08-09,2026-08-06,1.7,4.0,10,6,Other,Medium
344,2026-08-18,2026-09-26,1.0,8.0,2,10,doc,Medium
345,2026-03-08,2026-03-12,11.0,,5,3,Development,Low
346,2026-02-27,2026-04-02,23.0,9.0,7,10,Documentation,High
347,2026-07-21,2026-08-02,20.4,9.0,8,5,Design,High
348,2025-10-23,2025-12-09,10.0,7.0,5,7,Documentation,Low
349,2025-11-11,2025-11-08,12.4,4.0,6,-3,Other,Low
350,2026-06-25,2026-07-25,6.0,10.0,5,1,Other,Medium
351,2026-03-30,2026-04-11,36.0,2.0,5,-1,Development,Low
352,2026-02-02,2026-03-30,30.9,10.0,7,8,doc,High
353,2025-09-20,2025-09-24,39.9,10.0,2,4,Testing,Medium
354,2025-11-24,2025-12-30,3.9,3.0,8,7,Other,Medium
355,2025-12-18,2025-12-23,17.5,10.0,7,5,Design,High
356,2026-04-09,2026-05-02,39.6,3.0,4,5,Development,Low
357,2025-10-30,2025-12-25,11.9,2.0,8,-4,Testing,Low
358,2026-05-03,2026-06-12,6.1,1.0,9,-4,DEV,Low
359,2026-08-16,2026-08-17,727.6,6.0,1,10,Documentation,Medium
360,2026-04-04,2026-05-13,7.9,8.0,1,-1,Documentation,Low
361,2026-03-19,2026-04-11,9.8,9.0,1,6,Development,Medium
362,2026-05-20,2026-07-17,5.9,9.0,10,10,Testing,Critical
363,2026-04-06,2026-04-28,5.7,10.0,4,4,Other,High
364,2026-06-30,2026-08-06,13.0,2.0,3,5,Documentation,Low
365,2025-10-21,2025-11-08,7.9,1.0,10,9,Testing,Medium
366,2026-08-30,2026-10-14,5.8,8.0,6,6,Testing,High
367,2026-02-15,2026-02-16,38.0,4.0,2,7,Documentation,Low
368,2026-05-09,2026-06-28,,7.0,7,9,Other,High
369,2026-08-24,2026-09-22,35.2,4.0,7,0,Other,Low
370,2026-06-07,2026-07-03,31.1,3.0,10,8,Documentation,Medium
371,2025-12-30,2026-02-18,35.8,7.0,8,-2,Testing,Medium
372,2026-03-31,2026-05-29,7.0,2.0,8,1,Documentation,Low
373,2025-11-03,2025-11-28,2.2,6.0,3,2,Development,Low
374,2026-01-27,2026-02-08,5.7,10.0,1,7,Development,Medium
375,2026-05-24,2026-06-24,18.0,1.0,9,10,Testing,Medium
376,2026-03-18,2026-03-17,33.6,2.0,12,2,Other,Medium
377,2025-11-23,2025-12-05,30.1,1.0,5,6,Documentation,Low
378,2026-01-14,2026-02-28,13.5,4.0,10,9,Other,High
379,2025-09-25,2025-11-15,11.8,6.0,10,5,Other,High
380,2025-10-24,2025-12-15,24.6,4.0,0,1,Testing,Low
381,2026-02-13,2026-02-07,25.7,,5,1,Other,Low
382,2026-07-16,2026-08-07,23.0,3.0,6,7,Development,Medium
383,2025-10-26,2025-12-21,13.7,7.0,1,4,Design,Low
383,2025-10-26,2025-12-21,13.7,7.0,1,4,Design,Low
385,2026-03-27,2026-05-23,3.1,1.0,7,2,Documentation,Low
386,2026-04-08,2026-04-29,11.2,0.0,5,4,Design,Low
387,2026-07-27,2026-07-29,36.2,6.0,9,5,,Medium
388,2026-08-25,2026-10-10,5.1,1.0,10,5,Development,Medium
389,2026-04-06,2026-04-01,8.8,5.0,6,10,DEV,Medium
390,2025-10-29,2025-11-05,14.3,3.0,5,2,doc,Low
391,2026-08-18,2026-09-18,2.5,2.0,3,9,Documentation,Low
392,2026-06-03,2026-07-16,3.6,8.0,2,7,Testing ,Medium
393,2026-01-17,2026-02-01,35.9,6.0,6,5,Development,Low
394,2026-01-19,2026-02-07,24.4,2.0,2,10,Testing ,Low
395,2026-02-13,2026-03-01,39.0,6.0,10,6,Design,High
396,2025-10-08,2025-11-25,23.2,10.0,6,7,Documentation,Low
397,2025-11-11,2025-12-06,26.0,0.0,10,10,Testing,Medium
398,2026-04-16,2026-05-23,8.6,5.0,5,6,Design,Medium
399,2025-11-03,2025-11-29,34.2,-1.0,100,5,Testing ,Critical
400,2025-09-18,2025-10-29,15.6,9.0,3,3,Design,Medium
401,2025-10-04,2025-10-05,212.6,8.0,3,10,Documentation,High
402,2026-02-07,2026-03-09,22.3,6.0,7,9,Testing,High
403,2025-12-07,2025-12-10,22.9,2.0,2,8,Design,Low
404,2025-11-04,2025-12-05,26.7,9.0,5,5,Development,High
405,2026-01-15,2026-02-06,38.4,5.0,10,9,Documentation,High
406,2025-10-11,2025-12-02,1.6,3.0,5,9,Design,Low
407,2025-11-14,2025-12-27,32.4,4.0,9,5,Testing,Medium
408,2026-01-02,2026-01-29,9.9,3.0,6,4,Development,Critical
409,2026-04-11,2026-05-30,9.7,7.0,3,6,,Medium
410,2025-12-15,2025-12-18,624.5,7.0,5,4,Design,Medium
411,2025-10-02,2025-11-18,30.9,3.0,1,1,development,Low
412,2026-03-17,2026-04-05,1.8,1.0,4,10,development,Medium
413,2025-10-16,2025-10-28,28.0,8.0,2,4,Design,Medium
414,2026-04-24,2026-05-19,39.8,5.0,2,3,Testing,Low
415,2025-12-10,2025-12-24,4.7,5.0,2,4,Development,Low
416,2025-10-20,2025-10-19,11.0,7.0,9,7,Documentation,High
417,2026-08-08,2026-08-09,27.7,2.0,6,4,Development,Low
418,2026-03-22,2026-04-21,12.0,9.0,12,4,Development,Critical
419,2026-07-31,2026-08-29,6.0,10.0,7,8,Documentation,High
420,2026-01-25,2026-01-27,,-1.0,4,10,Other,Low
421,2026-08-07,2026-08-04,1.3,10.0,100,0,Development,Critical
422,2026-07-25,2026-08-05,3.0,2.0,10,3,Documentation,Medium
423,2025-11-22,2025-12-13,31.8,10.0,2,2,Testing,Medium
424,2026-01-31,2026-03-10,,15.0,1,1,DEV,High
425,2025-11-13,2025-12-10,31.8,3.0,5,6,Testing,Low
426,2026-06-12,2026-07-22,25.3,6.0,9,1,Development,Medium
427,2025-12-10,2026-01-09,26.5,4.0,3,7,Testing,Low
428,2025-10-17,2025-10-31,13.7,8.0,100,8,Development,Critical
429,2026-05-15,2026-06-22,17.1,6.0,2,1,Documentation,Low
430,2026-05-23,2026-06-30,35.7,10.0,7,7,Design,High
431,2026-07-09,2026-06-29,309.1,8.0,6,4,Other,Medium
432,2025-12-03,2025-12-09,21.1,4.0,8,6,Testing,Medium
433,2026-05-22,2026-06-29,36.6,7.0,1,8,doc,Medium
434,2025-09-21,2025-10-20,3.8,7.0,3,3,Development,High
435,2026-01-20,2026-03-09,39.1,3.0,7,5,Development,Medium
436,2025-09-24,2025-09-27,30.2,10.0,4,1,Design,Medium
437,2025-10-02,2025-10-06,14.9,6.0,9,8,Testing,High
438,2025-12-10,2026-01-10,30.2,4.0,4,4,Documentation,Low
439,2026-03-20,2026-04-22,5.3,9.0,8,10,Development,Critical
440,2026-07-30,2026-09-26,38.4,0.0,3,3,Development,Low
441,2025-12-09,2026-01-09,18.0,5.0,1,3,Other,Low
442,2026-03-21,2026-05-11,23.9,9.0,5,4,Design,Medium
443,2026-04-18,2026-04-22,11.7,10.0,9,2,Testing,High
444,2026-04-03,2026-05-02,7.8,1.0,6,7,Testing,Low
445,2026-08-31,2026-10-02,37.9,3.0,100,8,Design,Critical
446,2025-11-23,2026-01-14,36.3,2.0,1,8,development,Low
447,2026-01-27,2026-02-17,712.4,4.0,5,1,Documentation,Low
448,2025-12-24,2026-01-25,24.4,6.0,7,5,Testing ,Medium
449,2025-11-29,2026-01-15,29.8,8.0,7,6,doc,High
450,2026-04-10,2026-06-05,13.7,10.0,2,-3,Other,Medium
451,2026-07-04,2026-08-27,22.4,,10,8,Testing,Low
452,2026-04-12,2026-06-05,5.4,5.0,8,10,Development,High
453,2026-08-09,2026-09-02,22.8,8.0,2,9,Testing ,Medium
454,2026-04-02,2026-05-17,7.0,7.0,6,-3,Development,Medium
455,2026-06-11,2026-07-20,22.0,5.0,6,9,Testing,High
456,2026-01-07,2026-03-07,4.5,4.0,9,8,Other,Medium
457,2026-02-11,2026-02-16,5.7,,6,7,Other,Low
458,2026-06-16,2026-06-18,5.2,3.0,5,2,Documentation,Low
459,2026-08-04,2026-07-27,2.2,9.0,8,4,Testing ,High
460,2026-07-11,2026-07-25,8.4,1.0,5,5,Other,Low
461,2025-12-28,2026-01-04,30.6,4.0,3,8,Other,Medium
462,2025-09-15,2025-10-30,17.9,3.0,7,8,Development,Medium
463,2026-01-17,2026-01-26,14.8,1.0,8,4,Design,Low
464,2026-05-20,2026-06-08,17.4,8.0,6,10,Development,High
465,2025-10-01,2025-10-11,28.0,3.0,4,9,Documentation,Medium
466,2025-12-31,2026-02-15,23.9,7.0,10,7,Testing,High
467,2026-05-07,2026-05-22,5.8,-1.0,8,2,Design,Low
468,2026-07-25,2026-09-06,30.8,4.0,8,4,Other,Medium
469,2026-08-27,2026-10-23,15.7,7.0,1,-1,Design,Low
470,2026-02-04,2026-03-22,30.7,8.0,9,7,Testing,High
471,2026-01-02,2026-01-27,14.4,6.0,10,-3,Other,High
472,2026-02-05,2026-02-28,2.7,4.0,10,1,Development,Medium
472,2026-02-05,2026-02-28,2.7,4.0,10,1,Development,Medium
474,2026-01-20,2026-02-17,36.1,8.0,6,6,Development,High
475,2025-10-02,2025-11-03,30.7,10.0,7,10,Development,Critical
476,2026-04-18,2026-05-08,16.4,2.0,10,5,Other,Medium
477,2026-05-28,2026-06-02,12.4,7.0,6,6,Other,Medium
478,2026-06-12,2026-07-23,34.6,4.0,8,10,Other,High
479,2025-11-27,2025-12-01,14.9,3.0,5,6,Development,Low
480,2026-04-29,2026-06-10,27.6,4.0,4,-3,Other,Low
481,2026-08-25,2026-09-12,10.7,9.0,1,7,Development,Medium
482,2025-11-08,2025-11-13,16.6,2.0,3,9,Development,Low
483,2025-12-18,2026-02-13,679.3,6.0,10,3,Testing,High
484,2026-04-25,2026-05-12,2.7,2.0,7,3,Testing,Low
485,2026-04-08,2026-03-29,,1.0,4,6,Design,Low
486,2025-12-13,2026-02-06,0.8,5.0,4,2,Design,Low
487,2026-02-16,2026-03-06,33.0,8.0,6,1,Design,Medium
488,2025-11-08,2025-12-14,18.4,,3,10,  Design,Low
489,2025-11-22,2025-12-03,28.7,3.0,7,5,Testing,Medium
490,2026-03-29,2026-04-11,493.7,7.0,10,0,Other,Medium
491,2026-01-19,2026-03-05,2.5,10.0,2,2,Development,Critical
492,2026-01-23,2026-02-24,28.7,5.0,8,6,Other,Medium
493,2025-10-01,2025-10-13,6.3,5.0,8,5,Documentation,Critical
494,2026-03-31,2026-04-26,28.7,10.0,2,0,Testing,Medium
495,2025-11-06,2025-12-28,30.1,,10,6,Testing,Low
496,2025-11-19,2025-11-30,37.2,3.0,9,4,development,Medium
497,2026-04-22,2026-06-21,36.2,5.0,7,5,Documentation,Medium
498,2025-10-11,2025-11-09,318.7,1.0,3,6,  Design,High
499,2025-11-29,2025-12-31,28.9,6.0,5,2,Design,Medium
500,2026-05-27,2026-05-28,23.0,2.0,8,5,Other,Medium
501,2026-03-05,2026-03-12,6.6,15.0,5,0,Development,High
502,2026-03-30,2026-05-16,32.0,1.0,5,0,Other,Low
503,2026-02-20,2026-03-08,34.7,0.0,7,10,Design,Medium
504,2026-04-07,2026-05-16,26.8,9.0,8,7,Other,High
505,2026-03-08,2026-04-05,4.2,8.0,3,8,Other,Critical
506,2026-01-11,2026-01-20,12.4,7.0,1,0,Other,Low
507,2025-10-09,2025-12-01,10.6,-1.0,8,2,Development,High
508,2026-01-23,2026-02-21,11.0,3.0,2,9,Development,Low
508,2026-01-23,2026-02-21,11.0,3.0,2,9,Development,Low
510,2026-09-06,2026-10-07,16.5,10.0,5,9,Documentation,High
511,2026-07-05,2026-07-03,28.0,1.0,3,6,Other,Low
512,2026-01-18,2026-02-15,,3.0,8,7,  Design,Medium
513,2025-11-25,2025-12-21,206.3,7.0,8,9,Design,Critical
514,2025-11-14,2026-01-13,32.8,1.0,7,8,Other,Medium
515,2026-01-02,2026-02-13,28.1,,4,7,Testing,Low
516,2025-11-08,2025-12-24,5.7,7.0,6,2,Design,Medium
517,2026-01-08,2026-01-21,19.9,8.0,4,0,Design,Medium
518,2025-12-29,2025-12-27,5.0,9.0,5,5,Other,High
519,2025-09-24,2025-11-02,28.4,8.0,2,9,Development,Medium
520,2026-07-21,2026-07-29,36.5,5.0,9,1,Design,Medium
521,2026-06-01,2026-06-28,0.8,8.0,9,4,Documentation,High
522,2026-06-27,2026-07-31,9.5,7.0,8,8,Design,High
523,2026-09-07,2026-10-11,3.8,3.0,7,10,Testing,Medium
524,2025-10-24,2025-12-15,21.0,7.0,9,5,Development,High
525,2025-11-04,2025-12-19,25.9,10.0,8,10,Testing,Critical
526,2025-12-11,2026-01-27,35.3,9.0,2,4,Testing,High
527,2026-04-10,2026-05-13,2.9,9.0,1,1,Other,Medium
528,2026-05-15,2026-06-22,35.8,9.0,4,4,Other,Medium
529,2025-12-20,2025-12-27,23.5,6.0,3,6,development,Medium
530,2026-05-26,2026-06-19,16.4,7.0,10,6,Documentation,High
531,2026-06-21,2026-06-30,18.6,9.0,2,7,Testing,Medium
532,2026-07-14,2026-08-10,15.1,9.0,6,5,Documentation,Medium
533,2025-11-15,2026-01-14,35.6,8.0,100,0,Other,Critical
534,2026-03-24,2026-04-24,33.4,3.0,8,10,Design,Critical
535,2026-02-22,2026-02-25,35.7,2.0,1,4,Development,Low
536,2025-10-31,2025-12-19,655.6,8.0,1,8,Development,Medium
537,2025-09-16,2025-10-24,32.4,7.0,8,0,Testing,Medium
538,2026-04-03,2026-04-09,4.4,3.0,2,6,Development,Low
539,2026-08-30,2026-09-19,13.1,6.0,2,3,Other,Low
540,2025-12-28,2026-01-05,13.1,2.0,7,0,Other,Low
541,2025-12-02,2025-12-11,16.6,0.0,3,2,Other,Low
542,2025-12-02,2025-12-03,38.5,3.0,12,4,Documentation,Medium
543,2026-05-27,2026-06-29,6.9,2.0,7,2,Design,Low
544,2025-12-28,2026-01-18,37.8,8.0,6,7,Design,Medium
545,2026-09-11,2026-09-12,27.1,8.0,9,10,Other,Critical
546,2026-03-16,2026-04-10,14.6,1.0,6,7,Other,High
547,2025-09-14,2025-09-20,25.2,4.0,8,0,Other,Medium
548,2025-10-21,2025-12-16,20.3,4.0,10,9,Development,High
549,2026-07-09,2026-08-15,35.3,5.0,1,10,Design,Medium
550,2026-09-11,2026-10-23,26.2,6.0,7,10,Documentation,High
551,2026-05-21,2026-05-14,13.0,6.0,10,3,Documentation,High
552,2026-06-04,2026-06-24,699.6,,1,10,Design,Low
553,2026-03-22,2026-05-14,31.9,10.0,2,9,development,High
554,2025-09-22,2025-10-01,841.1,15.0,1,4,Documentation,Critical
555,2025-11-10,2025-12-20,,7.0,10,10,Development,High
556,2026-06-06,2026-06-07,3.2,4.0,3,4,Documentation,Low
557,2026-05-11,2026-05-14,449.0,6.0,9,2,Other,Medium
558,2026-09-08,2026-10-21,2.8,9.0,7,3,Testing,High
559,2025-10-06,2025-11-20,24.2,10.0,6,6,Development,High
560,2026-08-22,2026-10-20,,4.0,4,5,Documentation,Low
561,2026-09-09,2026-09-14,22.4,8.0,10,5,development,High
562,2026-05-23,2026-07-09,34.0,4.0,12,0,Testing,Medium
563,2026-07-18,2026-08-01,10.0,3.0,10,1,DEV,Medium
564,2026-03-03,2026-03-24,39.1,1.0,10,8,Testing,Medium
565,2026-04-22,2026-06-16,23.6,2.0,10,8,Other,Medium
566,2026-06-13,2026-07-07,19.6,8.0,7,9,Testing,High
567,2026-05-15,2026-06-04,15.4,6.0,2,1,Other,Low
568,2026-01-17,2026-02-08,19.0,8.0,7,-2,Development,Medium
569,2025-12-30,2026-02-10,420.9,2.0,1,5,Design,Low
570,2025-09-28,2025-10-11,39.9,9.0,1,4,Documentation,Medium
571,2025-10-12,2025-10-03,38.1,4.0,4,8,Other,Medium
572,2026-01-19,2026-01-25,7.9,7.0,8,0,Other,Medium
573,2026-09-08,2026-10-21,13.9,7.0,9,9,,Medium
574,2026-03-27,2026-05-18,24.5,7.0,7,6,Development,High
575,2025-10-20,2025-10-26,27.2,10.0,3,6,Testing,High
576,2026-01-23,2026-02-26,,7.0,2,6,Development,Medium
577,2026-05-30,2026-06-13,32.8,3.0,5,8,Documentation,Medium
577,2026-05-30,2026-06-13,32.8,3.0,5,8,Documentation,Medium
579,2026-08-11,2026-09-19,21.3,8.0,10,-5,Documentation,Medium
580,2026-04-13,2026-06-05,7.4,10.0,8,10,Other,Low
581,2026-06-24,2026-08-04,26.8,0.0,7,8,Testing ,Low
582,2026-03-30,2026-04-10,20.5,2.0,8,6,Documentation,High
583,2026-07-05,2026-08-22,18.7,0.0,8,4,Testing,Low
584,2026-06-14,2026-07-19,7.2,1.0,3,2,Development,Low
585,2026-01-29,2026-03-24,21.2,2.0,5,9,,Medium
586,2026-05-08,2026-05-24,1.1,,0,1,Development,Low
587,2026-06-19,2026-06-22,4.8,9.0,10,8,Documentation,Critical
588,2026-03-14,2026-03-15,13.0,8.0,5,5,DEV,Medium
589,2025-12-31,2026-01-07,31.8,10.0,2,10,Testing,High
590,2025-09-25,2025-11-19,3.2,,8,10,Other,Low
591,2026-05-16,2026-05-14,29.6,10.0,3,4,Documentation,Medium
592,2025-11-10,2025-12-09,13.5,1.0,7,4,Testing,Low
593,2026-05-11,2026-05-15,26.8,4.0,7,2,Development,Critical
594,2026-06-06,2026-06-16,5.5,9.0,4,1,Documentation,Medium
595,2026-05-10,2026-06-18,11.8,4.0,8,5,Testing,Medium
596,2025-11-04,2025-12-23,38.2,7.0,2,4,Testing,Medium
597,2026-03-02,2026-04-01,22.7,6.0,8,3,,Medium
598,2026-01-04,2026-01-31,38.8,8.0,10,0,Development,High
599,2026-06-05,2026-06-22,30.2,8.0,6,10,Documentation,High
600,2026-08-26,2026-09-19,27.2,3.0,8,2,Other,Medium
601,2026-06-22,2026-06-20,36.7,10.0,2,3,Testing,Medium
602,2026-04-11,2026-05-16,15.6,7.0,2,9,Design,Medium
603,2026-05-28,2026-06-23,0.8,8.0,0,6,Design,Medium
604,2026-03-05,2026-03-14,7.7,8.0,4,0,Testing,Medium
605,2026-02-15,2026-04-15,34.8,5.0,2,5,DEV,Low
606,2026-07-23,2026-07-18,0.8,1.0,9,6,Design,Medium
607,2026-03-24,2026-04-15,35.7,4.0,7,0,Design,Low
607,2026-03-24,2026-04-15,35.7,4.0,7,0,Design,Low
609,2026-02-19,2026-04-17,1.5,9.0,4,9,Documentation,High
610,2026-09-11,2026-11-03,25.5,6.0,4,6,Development,Medium
611,2026-01-12,2026-03-08,4.5,10.0,3,9,Other,Critical
612,2026-04-11,2026-05-17,18.9,2.0,9,3,Development,Medium
613,2026-08-29,2026-10-28,15.6,5.0,2,8,Documentation,High
614,2025-11-22,2025-12-31,474.2,7.0,9,6,Testing,High
615,2026-07-17,2026-09-03,7.9,10.0,6,9,Design,Medium
616,2026-02-08,2026-03-04,37.4,10.0,2,8,Design,High
617,2026-05-23,2026-06-22,11.7,1.0,5,1,Other,Low
618,2026-01-02,2026-01-27,847.4,4.0,4,0,Testing,Low
619,2026-04-12,2026-05-25,6.8,,7,5,Documentation,High
620,2026-06-05,2026-07-11,5.7,10.0,1,4,Testing,Medium
621,2026-01-08,2026-01-18,32.3,1.0,10,2,Documentation,Low
622,2026-08-15,2026-09-15,2.6,6.0,3,6,Development,Medium
623,2025-09-25,2025-10-07,15.3,2.0,7,10,Development,Medium
624,2026-01-05,2026-03-05,1.4,10.0,2,2,Documentation,Medium
625,2026-03-30,2026-05-28,21.7,1.0,9,8,Other,Medium
626,2025-10-14,2025-12-02,26.5,10.0,1,5,DEV,Medium
627,2026-07-30,2026-09-23,3.8,5.0,9,10,Testing ,High
628,2026-01-28,2026-03-01,21.1,6.0,9,1,Development,Medium
629,2026-04-12,2026-04-26,24.3,6.0,10,8,Documentation,High
630,2026-01-22,2026-02-08,37.6,4.0,5,10,Design,Medium
631,2025-12-25,2026-01-21,13.0,7.0,100,4,development,Critical
632,2026-03-28,2026-04-21,31.2,4.0,2,3,Development,Low
633,2025-12-17,2026-01-06,32.4,11.0,5,9,development,High
634,2026-02-25,2026-04-18,38.7,10.0,7,2,Other,High
635,2026-07-01,2026-08-18,36.8,6.0,4,6,Testing,Medium
636,2026-01-16,2026-02-03,21.1,4.0,2,6,Development,Low
637,2026-05-13,2026-05-24,3.8,8.0,1,6,Testing,Medium
638,2025-10-01,2025-11-15,1.0,1.0,9,3,Other,Low
639,2026-01-26,2026-03-11,30.7,3.0,3,0,Documentation,Low
640,2026-03-23,2026-04-08,34.1,5.0,5,0,Other,Low
641,2025-10-18,2025-12-15,,10.0,1,9,Design,High
641,2025-10-18,2025-12-15,,10.0,1,9,Design,High
643,2026-06-09,2026-06-10,19.9,0.0,8,-3,Documentation,Low
644,2026-06-11,2026-06-29,17.8,3.0,7,-4,Testing ,Critical
645,2026-03-27,2026-04-07,38.0,5.0,8,10,Design,High
646,2026-02-20,2026-04-21,33.1,2.0,3,8,Other,Low
647,2026-03-21,2026-04-29,17.7,8.0,7,2,Testing,Medium
648,2026-05-01,2026-05-17,17.5,2.0,9,3,Other,Medium
649,2026-07-13,2026-07-16,8.1,1.0,2,6,Design,Low
650,2026-05-22,2026-06-22,541.2,-1.0,5,6,Development,Low
650,2026-05-22,2026-06-22,541.2,-1.0,5,6,Development,Low
652,2026-04-01,2026-05-02,24.5,5.0,6,1,development,Medium
653,2026-07-08,2026-08-25,29.8,10.0,5,6,development,High
654,2026-07-13,2026-07-09,18.1,11.0,8,3,Testing,Medium
655,2025-09-13,2025-11-09,33.9,6.0,8,1,Development,Medium
656,2025-12-29,2026-01-09,28.0,1.0,1,3,Documentation,Low
657,2025-12-24,2026-01-04,20.6,7.0,5,0,Testing,Medium
657,2025-12-24,2026-01-04,20.6,7.0,5,0,Testing,Medium
659,2025-12-24,2026-02-08,10.7,5.0,9,3,DEV,Medium
660,2026-04-23,2026-05-11,2.5,4.0,1,10,Design,Low
661,2025-12-05,2025-12-14,24.7,1.0,1,3,Design,Low
662,2025-12-11,2026-02-05,31.3,7.0,5,10,Testing,High
663,2026-04-28,2026-06-08,30.2,4.0,7,7,DEV,Medium
664,2026-06-14,2026-07-16,7.6,5.0,3,10,Development,Medium
665,2026-01-23,2026-02-18,21.3,1.0,7,1,Development,Low
666,2026-04-28,2026-06-08,31.8,,9,5,Development,Low
667,2025-11-28,2026-01-20,13.6,1.0,5,1,development,Low
668,2025-12-25,2026-01-21,36.5,,3,4,Documentation,Low
669,2026-07-17,2026-07-25,38.3,2.0,2,1,Other,Low
670,2026-03-25,2026-05-08,35.8,10.0,6,4,Design,High
671,2025-09-13,2025-11-03,,3.0,3,6,Documentation,Low
672,2026-02-06,2026-02-24,13.3,7.0,8,6,Design,High
673,2026-05-10,2026-06-15,21.6,4.0,10,8,Testing,High
674,2026-09-11,2026-11-05,,3.0,1,5,Testing,Low
675,2025-12-04,2026-02-01,8.8,3.0,3,0,Documentation,Low
676,2025-10-08,2025-11-08,34.9,,2,0,Documentation,Low
677,2026-07-03,2026-08-17,19.1,8.0,1,2,Other,Medium
678,2026-09-07,2026-10-05,35.1,5.0,9,3,Testing,Medium
679,2026-03-03,2026-03-12,16.3,15.0,9,1,Documentation,Critical
680,2026-02-17,2026-02-28,496.8,5.0,2,5,Testing ,Low
681,2026-05-27,2026-07-15,7.9,1.0,2,9,,Low
682,2026-07-27,2026-07-28,30.2,9.0,7,2,Development,High
683,2025-12-29,2026-02-19,1.4,8.0,1,2,Development,Low
684,2026-05-17,2026-07-08,6.1,9.0,10,5,Testing,High
685,2026-02-04,2026-01-28,39.9,3.0,8,0,,Low
686,2026-07-30,2026-08-29,37.4,5.0,6,2,Documentation,Medium
687,2026-05-04,2026-06-02,6.0,10.0,6,6,Other,High
688,2026-03-09,2026-04-18,15.3,9.0,1,10,,Medium
689,2026-09-08,2026-09-15,6.7,2.0,8,5,Other,Medium
690,2026-07-31,2026-08-07,36.9,4.0,2,9,Documentation,Medium
691,2025-12-07,2026-01-07,8.9,10.0,1,5,Documentation,Medium
692,2026-09-01,2026-10-15,10.5,3.0,7,7,Other,Medium
693,2026-06-10,2026-06-16,17.4,5.0,6,7,Testing,Medium
694,2025-09-23,2025-11-15,,10.0,10,5,Design,Critical
695,2025-12-31,2026-01-08,27.1,1.0,3,10,Development,Medium
696,2025-12-07,2026-01-15,14.2,10.0,6,0,Design,Medium
697,2025-09-19,2025-10-19,14.4,7.0,6,2,Design,Medium
698,2025-12-09,2025-12-28,27.7,5.0,2,1,development,Low
699,2026-01-01,2026-02-10,4.4,10.0,5,3,Documentation,High
700,2026-01-15,2026-02-07,36.6,7.0,12,8,Design,Critical
701,2026-02-12,2026-02-13,16.9,,6,8,Other,Low
702,2025-11-24,2025-12-10,16.0,7.0,10,10,Testing,High
703,2026-06-23,2026-06-30,5.5,10.0,5,2,Testing,Low
704,2025-10-26,2025-11-05,,2.0,1,2,Design,Low
705,2026-05-22,2026-06-26,29.2,7.0,1,2,Other,Low
706,2025-11-11,2025-11-21,35.8,15.0,4,7,Documentation,Low
707,2026-02-10,2026-03-03,18.3,5.0,0,10,Development,Medium
708,2026-03-19,2026-04-28,0.7,5.0,4,8,doc,Medium
709,2026-03-10,2026-03-24,,2.0,3,7,Development,Low
710,2026-04-15,2026-06-06,20.7,4.0,4,4,Development,Low
711,2026-04-06,2026-04-20,19.8,7.0,5,9,  Design,High
712,2026-03-05,2026-04-27,333.6,,10,9,Other,Low
713,2026-06-12,2026-07-10,14.6,11.0,6,5,Design,High
714,2026-04-01,2026-05-07,426.6,4.0,5,10,Other,Medium
715,2026-04-03,2026-04-16,32.2,5.0,2,9,Documentation,Medium
716,2026-09-03,2026-10-28,0.7,3.0,7,-1,Development,Low
716,2026-09-03,2026-10-28,0.7,3.0,7,-1,Development,Low
718,2026-02-12,2026-03-02,14.2,11.0,1,7,Development,High
719,2026-07-22,2026-07-21,6.0,7.0,2,5,Other,Medium
720,2026-08-17,2026-10-07,,,5,9,Documentation,Low
721,2026-07-04,2026-07-12,34.5,7.0,2,3,Documentation,Medium
722,2026-01-08,2026-01-25,28.6,4.0,4,1,Development,Low
723,2026-01-16,2026-01-29,13.9,9.0,6,4,Testing,High
724,2026-07-08,2026-08-01,18.4,4.0,4,6,Design,Medium
725,2026-07-22,2026-09-17,4.9,,5,-1,Design,Low
726,2026-03-15,2026-03-25,17.5,8.0,2,-2,Documentation,Low
727,2026-06-14,2026-07-18,21.0,1.0,2,0,Other,Low
728,2026-07-23,2026-09-18,28.8,2.0,5,2,Design,Low
729,2026-04-18,2026-04-25,36.4,5.0,4,10,DEV,Medium
730,2026-09-06,2026-10-04,7.5,2.0,1,7,Documentation,Low
731,2026-08-20,2026-09-26,12.0,9.0,3,1,Design,Medium
732,2025-12-07,2026-01-08,18.6,5.0,9,9,Design,High
733,2026-09-02,2026-09-29,26.5,8.0,100,6,Development,Critical
734,2025-10-20,2025-11-07,27.3,8.0,9,10,Design,High
735,2026-04-24,2026-04-27,28.2,2.0,8,5,Development,Medium
736,2026-01-17,2026-02-20,25.1,5.0,2,0,Testing,Low
737,2026-08-16,2026-08-17,26.6,,6,8,Other,Low
738,2026-04-27,2026-06-13,23.6,0.0,12,10,Documentation,Medium
739,2026-05-02,2026-06-10,22.8,6.0,3,3,Documentation,Low
740,2026-07-31,2026-09-29,22.1,7.0,9,5,Design,High
741,2026-02-09,2026-03-11,,7.0,3,4,Other,Medium
742,2025-12-08,2026-02-03,30.3,7.0,8,8,Development,High
743,2025-10-15,2025-11-23,432.2,6.0,2,10,Development,Medium
744,2025-11-29,2025-12-31,35.9,3.0,5,0,Other,Low
745,2026-09-12,2026-11-08,4.3,8.0,100,0,Design,Critical
746,2026-05-15,2026-06-19,24.7,10.0,3,2,Other,Medium
747,2025-09-19,2025-10-20,11.9,10.0,5,1,Documentation,Medium
748,2026-07-13,2026-07-14,1.8,10.0,6,7,Documentation,High
749,2026-03-13,2026-05-08,14.3,7.0,3,5,Other,Medium
750,2026-07-03,2026-08-21,37.0,15.0,8,2,Other,Critical
751,2026-07-08,2026-08-15,14.2,7.0,1,2,Development,Low
752,2026-03-31,2026-05-20,29.4,3.0,7,6,Development,Medium
753,2026-08-06,2026-08-30,33.7,6.0,8,10,Testing,High
754,2025-09-30,2025-10-13,17.6,4.0,1,10,development,Low
755,2026-03-12,2026-04-18,3.3,9.0,4,7,Design,High
756,2026-07-04,2026-08-02,15.4,-1.0,9,1,Development,Low
757,2026-05-21,2026-06-09,10.4,2.0,3,1,Testing,Low
758,2025-12-30,2026-02-08,757.3,8.0,5,0,Design,Medium
759,2026-08-13,2026-09-18,13.5,1.0,2,9,Development,Low
760,2026-02-11,2026-03-23,35.6,3.0,1,7,Design,Low
761,2026-05-19,2026-05-18,,4.0,7,0,Development,Low
762,2026-07-10,2026-08-07,5.1,10.0,6,5,Development,High
763,2026-09-07,2026-10-25,32.4,1.0,1,3,Development,Critical
764,2026-08-21,2026-09-29,10.1,10.0,2,1,Other,Medium
765,2026-03-14,2026-05-08,28.7,9.0,4,4,Other,Medium
766,2026-02-14,2026-03-26,3.6,9.0,9,5,Testing,Medium
767,2025-10-15,2025-10-23,,5.0,7,1,,Medium
768,2026-03-01,2026-03-04,15.5,9.0,5,-3,Other,Medium
769,2026-05-01,2026-06-08,1.6,10.0,7,0,Other,High
770,2025-09-30,2025-11-04,23.1,9.0,7,3,development,High
771,2026-04-25,2026-05-11,12.2,1.0,6,4,Other,High
772,2026-04-01,2026-05-26,18.8,8.0,12,8,Development,Critical
773,2025-11-04,2025-11-09,10.7,5.0,3,2,doc,Low
774,2025-10-12,2025-10-03,23.4,,1,4,Development,Low
775,2026-03-16,2026-03-19,14.3,15.0,2,5,Documentation,Critical
776,2026-07-01,2026-06-21,13.7,6.0,5,2,Design,Medium
777,2026-08-30,2026-09-13,20.7,9.0,6,6,Development,High
778,2025-10-15,2025-10-20,39.7,10.0,7,1,Other,High
779,2025-10-10,2025-11-08,8.2,4.0,6,5,Development,Medium
780,2026-02-15,2026-03-10,3.5,8.0,8,3,Testing,High
781,2026-02-16,2026-03-31,10.8,6.0,7,2,Testing,Medium
782,2026-09-05,2026-10-02,22.4,2.0,1,0,Development,Low
783,2026-02-26,2026-03-21,28.0,5.0,6,9,Other,High
784,2026-02-15,2026-04-04,11.9,3.0,10,8,development,Medium
785,2025-10-15,2025-11-05,20.6,2.0,8,9,Other,Medium
786,2026-02-06,2026-03-03,7.5,4.0,5,9,Design,Medium
787,2026-04-25,2026-05-10,11.9,10.0,4,2,doc,Medium
788,2026-08-29,2026-09-01,21.8,1.0,1,4,Other,Low
789,2026-07-10,2026-07-29,28.8,2.0,7,1,Design,Low
790,2026-03-15,2026-05-02,29.2,9.0,8,8,Development,High
791,2026-08-24,2026-10-23,21.1,9.0,1,10,DEV,Medium
792,2026-05-23,2026-06-09,19.6,8.0,4,1,Testing,Low
793,2025-11-04,2025-11-16,,10.0,10,5,Testing,Critical
794,2026-04-16,2026-05-18,16.0,8.0,4,4,Documentation,Medium
795,2026-07-15,2026-08-05,14.2,3.0,8,7,Testing,High
796,2026-02-15,2026-04-06,27.2,8.0,5,4,Testing,Medium
797,2026-04-08,2026-04-23,7.1,2.0,10,2,Development,Medium
798,2026-03-02,2026-04-17,14.4,2.0,9,8,Testing,Medium
799,2026-05-18,2026-05-29,13.6,4.0,1,8,  Design,Low
800,2026-04-21,2026-05-06,27.7,,7,2,Design,Low
801,2025-12-28,2026-02-15,1.3,9.0,3,9,Testing,High
802,2026-03-31,2026-05-18,,4.0,10,4,Testing,Medium
803,2026-01-08,2026-02-22,10.2,,7,8,Documentation,Low
804,2026-02-21,2026-03-22,22.7,6.0,2,2,Documentation,Low
805,2026-02-18,2026-03-21,33.7,1.0,5,5,Development,Low
806,2026-02-16,2026-03-06,30.3,9.0,4,7,Development,High
807,2026-08-04,2026-09-22,,2.0,8,1,  Design,Low
808,2025-12-18,2026-02-04,17.0,,5,10,Design,Low
809,2025-10-15,2025-11-03,8.6,6.0,5,3,Testing,Medium
810,2026-01-13,2026-01-06,19.1,1.0,4,1,Design,Critical
811,2026-08-09,2026-09-14,14.1,,5,6,Design,Low
812,2026-05-05,2026-06-16,3.6,4.0,5,2,Other,Low
813,2025-11-22,2025-12-30,38.7,10.0,8,0,Testing,Medium
814,2026-01-12,2026-02-02,974.9,8.0,8,8,Testing,High
815,2026-02-27,2026-03-22,21.1,10.0,3,4,Documentation,Medium
816,2026-05-07,2026-06-12,26.3,6.0,6,3,Testing,Medium
817,2026-09-07,2026-10-01,0.7,2.0,5,0,Development,Low
818,2026-02-21,2026-02-16,2.8,1.0,8,10,Testing,Medium
819,2025-12-07,2025-12-10,24.7,3.0,3,1,Other,Low
820,2025-12-08,2026-02-01,24.8,,6,2,Other,Low
821,2026-09-05,2026-10-01,26.9,0.0,9,4,  Design,Medium
822,2026-02-15,2026-04-04,37.7,9.0,6,1,Documentation,Low
823,2026-07-30,2026-09-06,1.3,1.0,6,3,Testing,Low
824,2026-04-07,2026-05-23,11.5,7.0,4,3,Design,Medium
825,2026-07-27,2026-09-03,31.0,3.0,100,8,Documentation,Critical
826,2026-04-18,2026-06-02,22.3,5.0,4,7,Development,Medium
827,2026-01-12,2026-02-19,22.8,1.0,2,0,Documentation,Low
828,2026-07-23,2026-08-15,18.9,1.0,10,9,Documentation,Medium
829,2026-03-05,2026-04-05,12.4,4.0,9,6,Other,Medium
830,2025-12-24,2026-01-13,38.6,4.0,10,2,Development,Medium
831,2026-07-02,2026-08-01,18.7,4.0,5,2,Testing,Low
832,2026-06-26,2026-08-20,0.7,2.0,7,7,Documentation,Medium
833,2026-07-25,2026-08-15,5.8,5.0,7,8,  Design,Medium
834,2026-08-30,2026-10-08,9.8,9.0,10,6,Testing,High
835,2026-05-27,2026-06-02,26.3,5.0,8,-2,Documentation,Medium
836,2026-01-17,2026-02-09,4.5,1.0,3,6,Development,Low
837,2026-02-19,2026-02-23,10.7,10.0,8,7,Other,High
838,2026-06-13,2026-07-18,34.9,-1.0,10,8,Documentation,Medium
839,2026-08-23,2026-09-24,2.5,6.0,6,0,Testing,Medium
840,2026-01-27,2026-03-09,,1.0,7,1,Testing,Low
841,2026-02-04,2026-02-27,27.7,9.0,1,5,doc,Medium
842,2026-07-23,2026-09-08,941.0,7.0,3,4,Development,Medium
843,2026-07-15,2026-08-21,12.5,4.0,1,7,Documentation,Low
844,2026-06-09,2026-07-22,,3.0,5,-4,  Design,Low
845,2026-01-19,2026-03-01,9.2,,2,9,Other,Low
846,2025-12-09,2026-02-07,14.0,8.0,8,2,Design,High
847,2025-11-24,2026-01-04,39.4,11.0,6,7,doc,High
848,2025-11-27,2026-01-15,,9.0,4,8,doc,High
849,2026-02-22,2026-03-02,7.6,7.0,6,6,Design,Medium
850,2026-07-20,2026-09-02,30.6,9.0,4,7,Design,High
851,2026-06-14,2026-06-15,13.7,3.0,2,10,Documentation,Low
852,2025-10-31,2025-12-10,40.0,7.0,6,2,Documentation,Medium
853,2026-09-01,2026-10-28,15.9,4.0,3,3,Testing,Low
854,2026-08-28,2026-09-27,27.5,4.0,8,1,Design,Medium
855,2026-05-10,2026-05-15,,,9,6,  Design,Low
856,2025-12-11,2026-01-30,39.6,8.0,1,6,Development,Medium
857,2025-12-25,2026-01-23,5.4,5.0,10,1,Design,Medium
858,2026-05-11,2026-05-25,13.5,8.0,8,4,Documentation,High
859,2026-05-03,2026-06-11,,9.0,4,9,Design,High
860,2025-11-26,2025-12-27,27.1,3.0,5,4,Development,Low
861,2026-06-29,2026-07-16,20.6,9.0,10,5,Other,High
862,2026-03-05,2026-05-04,7.2,3.0,7,-5,Design,Low
863,2025-11-05,2025-12-26,8.3,10.0,1,8,Testing,Medium
864,2025-10-27,2025-11-18,11.2,9.0,1,8,Design,Medium
865,2025-10-14,2025-10-29,18.5,,9,3,Development,Low
866,2026-04-10,2026-04-25,30.6,2.0,1,10,  Design,Low
867,2026-06-03,2026-07-11,19.7,10.0,2,7,Testing,High
868,2026-01-22,2026-02-08,24.3,3.0,8,10,Other,Medium
869,2025-11-29,2026-01-09,39.1,8.0,100,2,Documentation,Critical
870,2026-01-29,2026-03-14,7.7,4.0,9,8,Design,Medium
871,2025-10-03,2025-10-14,16.2,3.0,3,8,Other,Low
872,2026-04-28,2026-05-15,34.3,3.0,6,5,Documentation,Medium
873,2026-09-10,2026-10-06,526.6,3.0,5,-4,Design,Low
874,2026-04-01,2026-04-26,22.6,4.0,8,1,DEV,Medium
875,2025-11-13,2025-11-16,15.9,8.0,10,0,Other,High
876,2026-01-31,2026-02-08,35.3,15.0,3,9,Development,Critical
877,2025-12-07,2025-12-24,32.8,3.0,2,5,Design,Low
878,2026-05-26,2026-06-25,14.8,5.0,1,10,Documentation,Medium
879,2025-12-16,2026-01-18,22.8,9.0,6,7,Design,High
880,2025-11-27,2026-01-02,21.5,2.0,8,3,Documentation,Low
881,2026-06-27,2026-07-02,23.2,7.0,7,0,Documentation,Medium
882,2026-06-27,2026-07-12,30.8,4.0,10,9,Testing,High
883,2026-08-30,2026-10-24,,6.0,6,3,Testing,Medium
884,2026-04-27,2026-06-25,14.5,8.0,7,-4,Documentation,Medium
885,2026-03-02,2026-03-10,339.9,9.0,4,7,Design,High
886,2026-06-07,2026-06-13,14.7,2.0,1,-2,Development,Low
887,2026-08-10,2026-10-04,9.6,7.0,1,4,Design,Medium
888,2026-09-08,2026-09-18,19.1,,4,10,Other,Low
889,2026-06-16,2026-07-20,29.8,3.0,2,0,Design,Low
890,2026-04-30,2026-05-02,13.6,1.0,3,0,Other,Low
891,2026-07-23,2026-07-19,989.6,8.0,7,8,Other,High
891,2026-07-23,2026-07-19,989.6,8.0,7,8,Other,High
893,2026-05-04,2026-06-16,38.3,2.0,10,3,Testing,Medium
894,2026-07-26,2026-08-14,4.7,3.0,5,7,Other,Medium
895,2026-04-29,2026-05-08,15.3,1.0,7,3,Development,Low
896,2026-05-14,2026-06-04,,6.0,10,3,Design,High
897,2026-04-22,2026-05-25,13.8,5.0,8,7,Design,Medium
898,2026-03-09,2026-03-11,5.5,8.0,2,4,Testing ,Medium
899,2026-08-01,2026-09-03,32.9,9.0,4,3,Design,Medium
900,2025-11-28,2026-01-01,,9.0,9,2,DEV,High
901,2026-05-20,2026-07-08,21.9,7.0,5,-2,Other,Low
902,2026-01-16,2026-03-04,0.5,9.0,4,9,Development,Critical
903,2026-01-09,2026-02-27,39.1,7.0,7,3,Design,High
904,2026-02-19,2026-04-08,27.1,3.0,6,-5,Other,Low
905,2026-01-14,2026-02-12,5.4,8.0,6,0,Design,Medium
906,2025-11-17,2026-01-02,31.9,4.0,2,9,Design,Medium
907,2026-01-02,2026-01-30,25.7,5.0,5,10,Documentation,Medium
908,2026-03-14,2026-03-21,19.7,4.0,5,7,Other,Medium
909,2025-10-06,2025-11-14,33.6,2.0,2,3,Other,Low
910,2026-08-23,2026-10-13,18.7,1.0,7,0,Testing,High
911,2026-02-13,2026-04-01,35.7,6.0,4,0,Design,Low
912,2025-12-01,2026-01-06,29.8,3.0,2,9,Testing,Low
913,2026-07-28,2026-08-18,25.8,4.0,8,7,Testing,Medium
914,2026-07-17,2026-08-06,28.2,9.0,7,1,Development,Medium
915,2025-10-08,2025-10-25,13.9,3.0,2,4,Development,Low
916,2026-08-23,2026-09-02,11.3,4.0,4,3,Testing ,Low
917,2025-11-03,2025-12-02,22.3,7.0,9,10,Documentation,High
918,2026-03-10,2026-03-27,14.9,4.0,6,2,Testing,Low
919,2026-07-25,2026-09-14,28.5,2.0,10,5,Other,Medium
920,2026-04-28,2026-05-02,17.8,2.0,3,-2,Development,Low
921,2025-09-16,2025-10-30,38.2,5.0,1,7,Testing,Low
922,2026-01-24,2026-03-10,13.6,9.0,3,10,Development,High
923,2026-03-13,2026-05-02,24.7,3.0,4,2,Development,Low
924,2026-07-13,2026-07-20,23.2,7.0,7,2,Testing,High
925,2026-02-04,2026-03-08,408.1,6.0,2,1,Development,Low
926,2025-12-01,2025-12-25,201.4,1.0,12,9,Development,Medium
927,2025-10-30,2025-12-04,14.1,3.0,10,7,Testing,Medium
928,2026-01-28,2026-01-27,35.6,2.0,5,1,Testing,Low
929,2026-07-23,2026-08-31,24.7,8.0,9,7,Other,Medium
930,2026-05-13,2026-06-14,16.5,8.0,10,8,Other,High
931,2025-11-22,2025-12-26,22.1,6.0,4,10,Documentation,Medium
932,2026-01-04,2026-02-09,15.9,5.0,1,0,Development,Low
933,2025-11-24,2026-01-05,2.4,,7,8,,Low
934,2025-12-26,2026-01-07,27.4,,8,3,Development,Low
935,2025-11-24,2025-11-25,,2.0,1,10,Design,Low
936,2026-05-19,2026-07-12,6.7,10.0,7,10,Design,Critical
936,2026-05-19,2026-07-12,6.7,10.0,7,10,Design,Critical
938,2026-03-03,2026-04-30,31.3,1.0,7,-2,Other,Low
939,2026-07-15,2026-09-04,7.7,5.0,7,4,Other,Medium
940,2026-02-22,2026-04-20,3.9,4.0,1,1,development,Low
941,2025-09-22,2025-10-08,15.2,8.0,1,8,Testing,Medium
942,2026-08-21,2026-08-31,38.0,6.0,1,2,Other,Medium
943,2026-03-25,2026-04-23,,4.0,5,2,Design,Low
944,2025-12-13,2025-12-10,13.2,,4,-5,Documentation,Low
945,2026-05-21,2026-05-24,3.4,8.0,7,9,Testing,High
946,2026-03-20,2026-04-30,36.8,9.0,4,10,Documentation,High
947,2026-03-08,2026-04-05,6.2,9.0,7,10,Documentation,High
948,2026-01-24,2026-02-18,13.8,3.0,4,3,Other,Low
949,2026-02-15,2026-03-07,6.1,8.0,10,3,Other,High
950,2025-12-22,2026-01-20,,10.0,5,10,Testing,High
951,2026-06-03,2026-06-24,34.8,8.0,10,10,Development,Critical
952,2026-09-08,2026-11-03,881.2,6.0,3,4,Design,Medium
953,2026-01-27,2026-03-14,12.5,3.0,3,1,Other,Low
954,2025-10-26,2025-11-13,36.2,3.0,2,2,Documentation,Low
955,2026-09-02,2026-10-25,17.9,8.0,8,9,Design,High
956,2026-08-08,2026-09-17,16.0,4.0,6,1,Documentation,Critical
957,2026-03-10,2026-03-23,39.3,1.0,3,3,Design,Low
958,2026-08-23,2026-10-11,26.5,1.0,10,-1,  Design,Low
959,2026-02-26,2026-02-21,13.8,7.0,6,5,Other,Medium
960,2026-08-01,2026-09-29,32.3,9.0,1,1,Testing,Medium
961,2026-05-14,2026-07-09,777.8,6.0,10,9,Documentation,High
962,2025-10-07,2025-10-15,310.8,2.0,2,-4,Development,Low
963,2026-06-06,2026-06-19,20.1,8.0,10,0,Other,Medium
964,2026-05-01,2026-06-05,8.0,2.0,6,3,Other,Low
965,2025-10-20,2025-11-17,14.1,1.0,5,2,development,Low
966,2026-08-13,2026-10-05,27.1,8.0,100,5,Design,Critical
967,2026-08-10,2026-09-26,18.3,8.0,5,5,Testing,Medium
968,2025-09-24,2025-10-24,13.3,7.0,8,2,Documentation,Medium
969,2026-07-03,2026-07-28,25.5,1.0,3,2,Development,Low
970,2026-03-24,2026-04-25,12.5,9.0,4,7,Testing,High
971,2026-03-16,2026-03-21,28.4,3.0,8,6,Design,Medium
972,2026-04-06,2026-05-04,24.2,6.0,3,7,  Design,Medium
973,2026-03-29,2026-05-27,12.8,8.0,9,5,Testing,High
974,2025-11-23,2025-12-08,24.6,4.0,8,5,Development,Medium
975,2026-04-01,2026-05-03,36.1,5.0,7,4,Design,Medium
976,2026-05-09,2026-05-10,33.1,3.0,6,5,Other,Medium
977,2026-06-08,2026-07-17,12.2,0.0,9,6,Development,Low
978,2026-04-14,2026-04-07,571.5,3.0,7,9,Design,Medium
979,2026-04-24,2026-06-02,6.9,1.0,6,5,,Low
980,2025-10-26,2025-11-16,13.4,1.0,6,9,doc,Medium
981,2026-08-09,2026-08-16,37.6,6.0,6,5,Documentation,Medium
982,2026-02-11,2026-03-09,22.1,0.0,2,4,Development,Low
983,2026-08-17,2026-10-01,2.2,4.0,3,5,Documentation,High
984,2025-10-05,2025-11-01,2.1,4.0,8,-5,Design,Low
985,2026-02-21,2026-03-28,,10.0,9,6,Testing,High
986,2026-06-04,2026-06-21,26.2,8.0,9,3,Development,High
987,2026-05-30,2026-07-06,12.3,4.0,5,0,Testing,Low
988,2026-05-06,2026-05-08,9.0,6.0,7,7,Other,Medium
989,2026-01-10,2026-01-29,26.8,2.0,1,9,development,Low
990,2026-04-10,2026-05-27,6.8,0.0,7,5,  Design,Low
991,2026-08-26,2026-09-15,18.5,4.0,1,7,Development,Medium
992,2025-11-20,2025-12-08,28.3,3.0,7,0,  Design,Low
993,2026-09-06,2026-09-09,38.4,5.0,4,0,Testing,Low
994,2026-09-12,2026-09-15,33.5,8.0,1,1,Documentation,Low
995,2026-03-05,2026-03-29,21.9,6.0,10,7,Design,High
996,2026-01-02,2026-01-29,17.6,3.0,6,7,Testing,Medium
997,2025-10-27,2025-11-18,33.4,10.0,4,6,  Design,High
998,2025-12-08,2025-12-06,10.6,3.0,6,5,Design,Medium
999,2025-10-11,2025-10-26,30.1,2.0,8,3,Other,Low
1000,2026-08-07,2026-08-27,16.5,9.0,4,-5,Testing,Low
1001,2026-08-07,2026-09-05,17.2,7.0,100,6,Design,Critical
1002,2026-01-11,2026-02-18,,1.0,6,-2,Documentation,Low
1003,2026-02-08,2026-03-20,38.0,1.0,8,1,Other,Medium
1004,2025-10-24,2025-11-23,13.8,8.0,12,7,Documentation,Medium
1005,2025-10-02,2025-12-01,3.2,5.0,7,8,Development,Medium
1006,2025-12-22,2026-02-18,34.2,,7,2,Development,Low
1007,2026-09-10,2026-10-28,36.3,1.0,4,10,Documentation,Low
1008,2025-09-19,2025-09-27,6.0,10.0,8,6,doc,High
1009,2025-12-08,2026-01-08,,7.0,2,10,Documentation,Medium
1010,2026-07-04,2026-07-15,349.2,9.0,5,10,Documentation,High
1011,2026-06-01,2026-06-10,15.9,9.0,2,4,Development,Medium
1012,2026-04-02,2026-05-28,8.9,8.0,2,8,Other,Medium
1013,2025-10-06,2025-11-08,30.5,2.0,4,6,Design,Low
1014,2026-02-16,2026-03-16,,7.0,100,5,Other,Critical
1015,2026-07-09,2026-08-29,16.6,3.0,9,1,Development,Medium
1016,2025-09-17,2025-09-27,2.1,5.0,6,8,Design,Medium
1017,2026-01-06,2026-03-03,23.8,10.0,10,5,  Design,Critical
1018,2025-11-01,2025-11-18,37.4,10.0,6,5,Other,High
1019,2026-06-06,2026-07-10,11.5,4.0,3,4,Design,Low
1020,2026-05-31,2026-07-08,5.1,5.0,4,10,Testing,Medium
1021,2026-03-05,2026-04-05,37.3,6.0,10,1,Other,Medium
1021,2026-03-05,2026-04-05,37.3,6.0,10,1,Other,Medium
1023,2026-05-05,2026-06-04,22.3,9.0,4,6,Documentation,High
1024,2026-02-26,2026-03-07,14.8,1.0,0,8,Testing,Low
1025,2025-09-26,2025-09-29,22.9,,10,4,Testing,Low
1026,2026-04-29,2026-05-22,6.5,6.0,3,6,Other,Medium
1027,2025-11-02,2025-11-20,5.4,7.0,8,2,Design,Medium
1028,2026-04-08,2026-06-03,15.8,2.0,7,7,Documentation,Medium
1029,2026-09-01,2026-09-19,27.1,9.0,1,9,Documentation,Medium
1030,2025-09-17,2025-11-10,15.4,4.0,6,3,Testing,Medium
1031,2026-08-31,2026-10-07,28.1,1.0,6,0,Documentation,Low
1032,2026-05-05,2026-05-23,39.9,3.0,10,9,Testing,High
1033,2026-03-10,2026-03-06,931.8,-1.0,9,7,DEV,Low
1034,2026-06-09,2026-06-29,3.1,10.0,3,7,Testing,High
1035,2026-06-04,2026-06-09,281.1,3.0,8,5,Testing,Medium
1036,2026-09-08,2026-09-19,20.8,,1,2,DEV,Low
1037,2025-11-05,2025-12-12,18.8,2.0,3,0,  Design,Low
1038,2025-12-16,2026-01-29,22.2,9.0,9,9,Documentation,Critical
1039,2026-02-16,2026-04-12,32.3,10.0,5,6,Design,High
1040,2026-06-03,2026-06-17,25.7,10.0,3,4,Testing,Medium
1041,2026-05-06,2026-06-05,15.2,3.0,1,2,Development,Low
1042,2026-01-17,2026-03-15,17.6,6.0,9,7,Testing ,High
1043,2026-06-20,2026-06-18,28.6,1.0,9,7,Other,Medium
1044,2026-04-20,2026-06-11,5.4,8.0,9,-1,Other,Medium
1045,2026-06-26,2026-07-21,28.7,5.0,4,6,Testing,High
1045,2026-06-26,2026-07-21,28.7,5.0,4,6,Testing,High
1047,2026-02-10,2026-03-09,35.4,10.0,4,-5,Development,Medium
1048,2026-08-10,2026-10-08,37.0,2.0,6,5,Design,Low
1049,2026-03-27,2026-04-17,26.9,10.0,5,3,Development,High
1050,2025-12-26,2026-02-11,2.5,5.0,3,3,Testing,Low
1051,2026-07-24,2026-08-26,29.8,6.0,4,7,Development,Medium
1052,2026-08-14,2026-10-06,16.9,6.0,2,7,Documentation,Medium
1053,2026-05-26,2026-07-20,10.1,6.0,6,1,development,Medium
1053,2026-05-26,2026-07-20,10.1,6.0,6,1,development,Medium
1055,2026-01-03,2026-03-04,32.4,1.0,0,-3,Design,Low
1056,2025-09-19,2025-10-26,332.0,2.0,100,0,Testing,Critical
1057,2026-01-04,2026-02-11,33.6,11.0,8,4,Other,Medium
1058,2026-08-27,2026-09-18,27.9,6.0,5,6,Testing,Medium
1059,2025-10-06,2025-10-22,28.3,,2,7,Other,High
1060,2025-11-20,2025-12-21,5.3,9.0,5,3,Development,Medium
1061,2026-03-20,2026-03-23,32.2,8.0,7,5,Design,High
1062,2025-10-10,2025-12-08,34.8,3.0,7,5,DEV,Medium
1063,2026-04-23,2026-06-09,2.0,,6,5,Development,Low
1064,2025-12-30,2026-01-09,26.5,9.0,7,9,Other,High
1065,2026-08-23,2026-10-09,12.0,8.0,12,-1,Development,High
1066,2026-01-18,2026-02-26,37.0,4.0,5,0,Other,Low
1067,2025-12-15,2025-12-30,18.2,7.0,0,4,Other,Low
1067,2025-12-15,2025-12-30,18.2,7.0,0,4,Other,Low
1069,2025-10-20,2025-12-09,2.5,4.0,9,1,Documentation,Medium
1070,2025-12-07,2025-12-08,3.6,8.0,0,4,Design,Medium
1071,2026-02-06,2026-02-17,30.7,9.0,2,2,Development,Medium
1072,2026-04-27,2026-05-05,13.8,9.0,2,9,Development,High
1073,2026-06-14,2026-06-27,10.4,,2,2,DEV,Low
1074,2026-06-05,2026-08-04,14.4,7.0,7,8,Documentation,High
1075,2025-10-21,2025-11-28,3.1,4.0,8,7,Design,Medium
1076,2026-01-24,2026-03-02,39.5,6.0,1,7,,Low
1077,2026-01-13,2026-02-18,14.0,1.0,6,8,Design,Low
1078,2026-04-12,2026-04-21,32.7,5.0,7,8,Documentation,Medium
1079,2026-09-01,2026-08-27,28.6,9.0,2,1,Design,Medium
1080,2025-11-21,2026-01-12,239.2,9.0,2,8,Other,Medium
1081,2026-04-13,2026-05-09,2.1,7.0,6,0,development,Medium
1082,2026-07-20,2026-07-23,14.8,5.0,9,3,DEV,Medium
1083,2025-09-19,2025-10-30,19.1,3.0,9,6,doc,Medium
1084,2026-06-08,2026-06-24,368.6,4.0,5,6,Documentation,Medium
1085,2026-05-08,2026-07-04,17.1,8.0,0,3,Testing,Low
1086,2025-11-19,2026-01-01,28.6,4.0,2,2,Design,Low
1087,2025-10-14,2025-10-22,1.0,4.0,3,1,Design,Low
1088,2025-12-21,2026-01-19,34.4,7.0,4,4,Design,Critical
1089,2026-08-13,2026-09-16,16.8,3.0,3,0,Other,Critical
1090,2025-10-18,2025-10-31,11.4,7.0,8,2,DEV,Medium
1091,2025-12-04,2026-02-02,11.1,5.0,5,8,Documentation,Low
1092,2026-04-21,2026-05-07,26.9,10.0,9,10,Other,Low
1093,2025-09-24,2025-10-21,0.6,2.0,7,4,Documentation,Low
1094,2025-11-27,2025-12-04,25.2,6.0,12,3,Documentation,High
1095,2026-09-04,2026-09-11,5.9,1.0,7,1,doc,Low
1096,2026-05-26,2026-06-02,,,2,10,Documentation,Low
1097,2026-05-14,2026-05-20,31.7,4.0,100,2,Development,Critical
1098,2026-05-25,2026-07-21,4.0,10.0,7,5,Other,High
1099,2026-07-25,2026-08-31,,3.0,4,2,Testing,Low
1100,2026-08-12,2026-08-27,1.7,4.0,5,6,Development,Medium
1101,2026-03-03,2026-02-25,,7.0,3,2,Documentation,Medium
1102,2026-04-29,2026-06-14,27.2,10.0,10,7,Other,Critical
1103,2026-01-26,2026-03-07,18.1,10.0,1,4,Other,Medium
1104,2025-11-19,2026-01-03,2.6,9.0,2,6,Other,Medium
1105,2026-08-16,2026-09-20,32.1,1.0,10,1,Other,Low
1106,2026-03-26,2026-05-18,17.4,4.0,4,1,Other,Low
1107,2025-10-23,2025-12-10,18.7,6.0,0,10,Development,Medium
1108,2025-10-21,2025-10-27,19.5,8.0,9,0,Other,Medium
1109,2026-04-05,2026-04-13,20.4,5.0,2,2,Other,Low
1110,2025-12-19,2025-12-24,33.1,10.0,6,0,Documentation,Low
1110,2025-12-19,2025-12-24,33.1,10.0,6,0,Documentation,Low
1112,2026-05-10,2026-06-20,14.8,9.0,7,3,Design,High
1113,2026-03-07,2026-03-31,7.2,1.0,1,0,Testing,Low
1114,2025-12-01,2025-12-24,1.2,9.0,2,0,Documentation,Medium
1115,2025-12-02,2026-01-19,,5.0,3,7,Testing,Medium
1116,2026-06-08,2026-06-13,10.1,3.0,10,2,Design,Medium
1117,2026-05-11,2026-06-29,15.0,9.0,2,4,,Critical
1118,2025-10-24,2025-11-16,15.3,1.0,4,5,Testing,Low
1119,2026-09-01,2026-10-02,16.7,5.0,9,0,Development,Medium
1120,2025-12-30,2026-02-22,13.6,8.0,1,5,Other,Medium
1121,2026-04-16,2026-06-14,38.8,4.0,5,1,Testing,Low
1122,2026-07-28,2026-09-05,18.9,2.0,10,3,Testing,Medium
1123,2025-10-18,2025-11-02,,1.0,2,9,Documentation,Low
1124,2026-02-25,2026-03-30,31.3,9.0,1,3,Development,Medium
1125,2026-02-12,2026-02-21,21.2,,6,7,Design,Low
1126,2026-02-12,2026-04-10,8.9,6.0,1,9,development,Medium
1127,2025-11-22,2025-12-27,9.6,6.0,10,6,Testing,High
1128,2025-12-28,2026-01-13,13.7,2.0,1,4,doc,Low
1129,2026-03-09,2026-04-28,9.9,7.0,1,1,DEV,Low
1130,2026-08-22,2026-10-17,21.1,7.0,10,0,Documentation,Medium
1131,2026-06-15,2026-07-02,14.6,9.0,7,7,Documentation,High
1132,2026-07-01,2026-08-04,12.0,2.0,9,-1,Testing,Low
1133,2025-10-06,2025-11-23,5.9,,6,1,Other,Low
1134,2026-09-03,2026-09-07,39.7,2.0,5,0,Documentation,Low
1135,2026-06-20,2026-07-29,25.1,10.0,7,10,Other,Critical
1136,2025-10-01,2025-11-25,35.6,9.0,10,9,Design,Critical
1137,2025-12-30,2026-02-05,39.0,3.0,2,3,Testing,Low
1138,2025-11-28,2025-12-02,28.1,8.0,2,6,Development,Medium
1139,2026-05-25,2026-07-11,24.5,10.0,4,8,doc,High
1140,2026-04-20,2026-06-17,16.6,3.0,10,5,,Medium
1141,2025-11-14,2025-12-19,17.6,9.0,7,10,,High
1142,2026-02-06,2026-04-01,6.3,9.0,6,1,Testing,Medium
1143,2026-06-28,2026-08-18,34.1,1.0,3,3,Other,Low
1144,2026-02-24,2026-03-21,244.1,7.0,2,3,Design,Medium
1145,2026-08-30,2026-08-28,2.7,2.0,10,5,  Design,Medium
1146,2025-12-19,2026-01-26,25.9,1.0,4,4,  Design,Low
1147,2026-02-24,2026-04-11,35.5,7.0,10,0,Development,Medium
1148,2025-10-27,2025-12-26,2.4,10.0,5,-1,Design,Medium
1149,2026-01-23,2026-03-24,37.3,3.0,7,8,Documentation,Medium
1150,2026-08-03,2026-08-04,9.1,9.0,6,7,Design,High
1151,2026-01-26,2026-03-10,12.6,3.0,6,-2,Development,Low
1152,2026-04-24,2026-04-28,8.6,2.0,9,2,Documentation,Low
1153,2026-06-09,2026-08-02,4.1,10.0,3,3,Documentation,Medium
1154,2026-01-04,2026-02-17,9.7,4.0,9,1,Testing,Medium
1155,2026-02-15,2026-02-11,18.3,8.0,10,10,Development,Critical
1156,2026-02-18,2026-03-22,16.5,3.0,1,0,Testing,Medium
1157,2025-10-25,2025-12-08,39.7,6.0,12,7,Design,High
1158,2026-08-06,2026-09-25,3.4,6.0,8,0,Other,Medium
1159,2026-02-04,2026-03-11,22.1,,1,0,Testing,Low
1160,2025-11-10,2025-11-27,12.0,10.0,10,10,development,Critical
1161,2025-12-07,2026-01-28,1.9,2.0,3,8,Documentation,Low
1162,2025-10-11,2025-12-10,11.4,10.0,8,8,Other,Critical
1163,2026-02-01,2026-03-19,33.6,9.0,8,0,Other,High
1164,2026-02-20,2026-04-05,9.9,11.0,6,6,Other,High
1165,2026-08-24,2026-08-22,36.0,6.0,5,8,Other,Medium
1166,2025-11-03,2025-12-14,38.1,10.0,7,3,Testing,High
1167,2025-11-23,2025-12-15,10.8,6.0,6,7,Design,Medium
1168,2026-06-17,2026-07-25,27.9,10.0,6,8,Other,High
1169,2025-10-17,2025-11-03,38.0,1.0,8,4,Testing,High
1170,2026-07-13,2026-09-09,23.3,2.0,10,0,Design,Low
1171,2026-08-24,2026-09-17,12.6,8.0,6,3,Design,Medium
1172,2026-02-10,2026-04-06,4.3,8.0,1,-1,Testing,Low
1173,2026-07-19,2026-09-07,1.9,8.0,9,1,Other,High
1174,2026-07-07,2026-07-08,5.6,9.0,6,2,Other,Medium
1175,2026-02-05,2026-02-26,23.6,8.0,5,2,Other,Medium
1176,2025-10-05,2025-11-15,23.7,6.0,10,8,doc,High
1177,2025-09-23,2025-10-15,,1.0,1,4,Testing,Low
1178,2026-08-06,2026-08-15,33.1,2.0,6,0,Documentation,Medium
1179,2026-02-07,2026-02-19,11.7,9.0,7,9,Documentation,High
1180,2025-09-24,2025-10-09,36.0,5.0,3,2,Other,Low
1181,2026-03-08,2026-03-13,32.3,9.0,2,3,Testing,Medium
1182,2025-10-17,2025-10-12,2.8,2.0,7,2,Other,Low
1183,2026-06-20,2026-07-16,3.9,3.0,8,4,Design,Medium
1184,2026-07-05,2026-08-30,1.8,2.0,8,10,Development,Medium
1185,2026-06-11,2026-06-19,7.4,4.0,4,10,Testing,Medium
1186,2026-03-30,2026-04-09,22.9,7.0,2,5,Other,High
1187,2025-12-05,2026-02-01,26.3,4.0,9,8,Design,Medium
1188,2025-10-17,2025-12-04,9.1,5.0,1,4,Other,Low
1189,2025-11-04,2025-11-12,18.1,10.0,3,7,development,High
1190,2025-11-11,2025-12-15,28.9,6.0,9,8,Testing,Low
1191,2026-03-10,2026-04-30,2.6,1.0,5,7,Documentation,Low
1192,2025-11-25,2026-01-08,29.7,6.0,6,10,Development,High
1193,2026-08-23,2026-09-10,9.8,2.0,10,7,,Medium
1194,2025-11-24,2026-01-19,822.4,3.0,10,10,Testing ,High
1195,2025-12-25,2026-02-03,36.5,8.0,10,9,Testing,Critical
1196,2026-06-27,2026-07-08,27.6,8.0,3,9,Development,Medium
1197,2026-07-21,2026-08-02,,1.0,6,8,Testing,Low
1198,2026-05-26,2026-05-16,15.5,1.0,8,10,Other,Medium
1199,2026-04-21,2026-04-27,31.7,9.0,6,9,Testing,High
1200,2026-07-09,2026-06-29,34.0,6.0,2,10,DEV,Medium
1201,2026-03-20,2026-05-04,33.0,4.0,2,3,Design,Low
1202,2026-02-26,2026-04-27,33.9,2.0,3,-2,Documentation,Low
1203,2026-01-10,2026-02-11,7.1,8.0,2,9,DEV,Medium
1204,2025-12-15,2026-02-11,13.1,3.0,1,4,development,Low
1205,2026-02-17,2026-03-26,25.8,5.0,6,10,Design,Medium
1206,2026-06-16,2026-07-03,4.7,5.0,1,8,development,Low
1207,2026-08-24,2026-10-15,31.8,2.0,5,1,Documentation,Low
1208,2025-12-22,2026-02-07,18.2,1.0,2,0,Testing,Low
1209,2026-07-22,2026-08-21,13.6,5.0,9,7,Documentation,High
1210,2026-08-31,2026-08-24,21.5,6.0,7,7,development,Medium
1211,2025-10-04,2025-11-23,16.4,8.0,7,6,Development,High
1212,2026-05-12,2026-06-26,1.2,11.0,7,5,Development,High
1213,2026-08-18,2026-09-19,5.4,1.0,5,8,Other,High
1214,2026-04-04,2026-05-20,826.8,,9,-1,Other,Low
1215,2026-02-22,2026-03-28,25.7,4.0,8,6,Other,Medium
1216,2026-03-01,2026-03-11,11.8,,5,2,Documentation,Low
1217,2025-12-23,2026-01-31,23.0,10.0,1,4,Documentation,Medium
1218,2026-07-03,2026-06-25,568.1,3.0,7,2,Development,Low
1219,2026-05-03,2026-07-02,22.1,2.0,10,9,Other,Medium
1220,2026-07-17,2026-08-15,29.4,10.0,9,-5,Documentation,Medium
1221,2026-07-04,2026-07-12,35.3,9.0,4,7,Design,High
1221,2026-07-04,2026-07-12,35.3,9.0,4,7,Design,High
1223,2026-08-30,2026-09-02,13.1,3.0,7,4,Development,Medium
1224,2026-06-24,2026-07-26,23.8,10.0,9,2,Documentation,High
1225,2026-01-11,2026-01-15,23.8,2.0,2,6,  Design,Medium
1226,2026-04-20,2026-06-11,22.5,7.0,8,10,Documentation,High
1227,2025-11-07,2025-12-22,33.5,9.0,5,6,  Design,High
1228,2026-01-28,2026-01-19,15.7,6.0,4,6,Other,Medium
1229,2025-11-23,2026-01-12,21.6,9.0,1,2,Documentation,Medium
1230,2025-12-17,2026-01-23,217.6,2.0,4,1,Testing,Low
1231,2025-11-09,2025-11-20,35.0,2.0,8,0,Testing,High
1232,2025-12-25,2026-01-16,28.2,6.0,5,7,development,Medium
1233,2025-10-15,2025-10-11,11.3,7.0,2,7,Development,Medium
1234,2026-05-03,2026-06-09,25.4,1.0,8,2,development,Low
1235,2026-07-21,2026-09-13,7.8,7.0,9,10,Testing,High
1236,2025-09-21,2025-10-20,20.5,2.0,10,5,Development,Medium
1237,2025-11-10,2025-11-14,31.4,4.0,7,0,Development,Low
1238,2026-08-12,2026-09-20,31.0,4.0,4,10,doc,Medium
1239,2025-11-10,2025-12-12,,,10,2,Other,Low
1240,2026-03-04,2026-04-17,31.5,9.0,7,0,Documentation,Medium
1240,2026-03-04,2026-04-17,31.5,9.0,7,0,Documentation,Medium
1242,2026-04-06,2026-06-01,30.4,1.0,5,3,Other,Low
1243,2026-07-08,2026-08-28,32.1,3.0,3,5,Development,Low
1244,2025-11-07,2025-11-22,0.9,7.0,3,2,Documentation,Medium
1245,2025-09-22,2025-10-12,30.7,7.0,0,1,,Low
1246,2025-12-13,2026-01-23,2.9,9.0,12,6,Documentation,Critical
1247,2026-08-03,2026-09-11,14.7,1.0,5,6,Testing,Low
1248,2026-06-29,2026-08-27,8.6,8.0,7,9,Other,High
1249,2025-10-22,2025-11-08,7.4,9.0,4,4,Design,Critical
1250,2025-10-13,2025-11-24,29.7,2.0,4,7,Other,Low
1251,2026-01-04,2026-02-13,39.3,7.0,4,10,Testing,High
1252,2025-12-02,2026-01-15,3.4,1.0,1,1,Documentation,Low
1253,2026-05-05,2026-06-15,15.8,4.0,9,2,Testing,Medium
1254,2026-04-09,2026-04-07,28.7,8.0,9,6,Testing,High
1255,2025-10-04,2025-10-21,2.6,9.0,2,9,Other,High
1256,2025-10-14,2025-12-05,13.2,2.0,8,8,Other,Medium
1257,2025-11-26,2026-01-03,31.2,10.0,6,2,Development,High
1258,2026-07-04,2026-07-19,,15.0,3,3,Testing,High
1259,2026-05-15,2026-07-05,39.0,9.0,7,2,Other,High
1260,2025-12-23,2026-02-07,37.0,2.0,0,-4,Development,Critical
1261,2026-03-02,2026-04-30,,10.0,9,10,Documentation,Critical
1262,2026-04-14,2026-05-09,11.9,4.0,5,10,Development,Medium
1263,2026-01-08,2026-02-28,34.3,4.0,7,9,Development,Medium
1264,2026-09-04,2026-10-23,7.7,5.0,10,1,Development,Medium
1265,2025-10-05,2025-10-23,210.4,6.0,2,3,Development,Low
1266,2026-07-23,2026-09-14,23.9,8.0,100,-1,Documentation,Critical
1267,2025-12-03,2026-01-07,22.8,7.0,1,8,Other,Medium
1268,2026-07-14,2026-08-27,19.7,6.0,100,5,Development,Critical
1269,2026-09-01,2026-09-17,37.8,6.0,9,2,Design,Medium
1270,2026-09-10,2026-11-07,37.4,8.0,9,1,Documentation,High
1271,2026-07-04,2026-07-29,31.5,0.0,10,6,Documentation,Medium
1272,2025-11-08,2025-11-30,3.4,11.0,6,2,doc,High
1273,2026-01-07,2026-01-10,31.3,10.0,6,0,Development,Medium
1274,2025-10-24,2025-12-23,14.0,1.0,4,4,Documentation,Low
1275,2025-11-30,2026-01-26,31.6,,9,8,Design,Low
1276,2026-07-05,2026-07-10,37.4,6.0,0,5,Development,High
1277,2025-11-04,2025-12-04,4.8,2.0,7,0,Testing,Low
1278,2026-01-30,2026-03-08,2.2,7.0,1,-2,Development,Low
1279,2026-04-06,2026-04-27,9.5,10.0,7,9,Documentation,High
1280,2026-04-23,2026-06-12,33.5,0.0,4,8,,Low
1281,2026-05-03,2026-05-13,22.7,4.0,2,4,Design,Low
1282,2026-05-12,2026-07-10,21.4,5.0,7,-2,Other,Low
1283,2026-05-07,2026-07-06,8.2,3.0,4,10,Design,Medium
1284,2026-08-19,2026-08-23,18.1,1.0,8,5,  Design,Low
1285,2026-09-08,2026-10-13,36.1,1.0,5,10,Development,Low
1286,2026-08-01,2026-08-31,37.7,-1.0,5,7,Development,Low
1287,2025-10-23,2025-10-13,9.7,5.0,2,0,Testing,Low
1288,2025-11-27,2025-12-01,,1.0,2,2,Design,Low
1289,2025-09-26,2025-10-25,24.9,,8,7,Testing,Low
1290,2026-03-15,2026-04-22,25.9,2.0,12,10,Design,High
1290,2026-03-15,2026-04-22,25.9,2.0,12,10,Design,High
1292,2025-11-20,2025-12-08,37.5,7.0,100,4,doc,Critical
1293,2026-07-26,2026-09-06,24.8,9.0,4,10,Testing,Critical
1294,2026-08-13,2026-09-14,23.3,7.0,9,8,Documentation,High
1295,2025-09-21,2025-10-22,27.9,4.0,10,4,Design,Medium
1296,2026-02-23,2026-03-20,33.9,1.0,6,1,Documentation,Low
1297,2026-02-24,2026-03-03,10.6,3.0,10,2,Testing,Medium
1298,2026-08-08,2026-08-07,25.9,1.0,1,8,Documentation,Low
1299,2026-06-27,2026-07-05,513.7,3.0,1,10,Documentation,Low
1300,2025-11-28,2026-01-02,34.4,2.0,10,4,Development,Medium
1301,2026-02-10,2026-04-08,0.8,8.0,9,4,Documentation,High
1302,2026-07-10,2026-07-02,32.1,4.0,9,-4,Testing,Medium
1303,2025-12-18,2026-01-21,19.8,,2,1,Testing,Low
1304,2025-12-05,2026-01-12,23.0,8.0,2,8,development,Medium
1305,2026-05-14,2026-07-02,24.4,9.0,10,8,Documentation,Critical
1306,2026-04-24,2026-06-20,2.6,0.0,8,0,Testing,Low
1307,2025-10-27,2025-11-11,37.8,-1.0,8,10,Testing,Medium
1308,2026-07-18,2026-08-11,28.6,3.0,1,10,Development,Low
1309,2026-06-28,2026-07-07,17.8,3.0,2,3,,Low
1310,2026-02-11,2026-02-15,16.1,,1,9,Documentation,Low
1311,2025-11-17,2025-12-22,30.8,3.0,2,10,Development,Low
1312,2025-11-05,2025-11-02,38.3,1.0,9,1,Documentation,Low
1313,2026-06-01,2026-06-28,20.3,9.0,7,6,Development,High
1314,2026-06-26,2026-07-29,14.8,11.0,5,0,Documentation,Medium
1315,2026-04-09,2026-04-22,22.9,5.0,7,3,DEV,Medium
1316,2026-07-14,2026-07-24,31.5,6.0,9,4,Development,Medium
1317,2025-10-22,2025-10-25,20.0,10.0,10,2,Design,High
1318,2025-10-11,2025-11-24,9.2,4.0,5,2,Development,Low
1319,2026-05-10,2026-05-23,1.9,2.0,6,8,Development,Medium
1320,2026-03-07,2026-04-26,36.7,5.0,8,4,Design,Medium
1321,2026-05-13,2026-06-19,34.4,10.0,7,1,Design,High
1322,2026-04-19,2026-05-24,0.8,10.0,5,5,Documentation,High
1323,2026-03-06,2026-04-01,18.1,4.0,12,5,Other,High
1324,2026-02-27,2026-04-21,39.9,9.0,4,2,Development,Medium
1325,2026-04-07,2026-05-29,652.7,8.0,1,-5,Other,Low
1326,2026-07-02,2026-07-08,22.2,11.0,4,10,Testing,High
1327,2026-01-20,2026-03-16,35.7,2.0,3,10,doc,Low
1328,2026-06-29,2026-07-28,5.7,6.0,4,1,Development,Low
1329,2025-10-25,2025-12-17,17.9,1.0,6,8,Development,Medium
1330,2025-09-28,2025-10-07,348.9,4.0,1,3,Development,Low
1331,2026-02-21,2026-04-03,20.0,1.0,4,5,Testing,Low
1332,2026-08-30,2026-09-11,25.4,4.0,6,5,Testing,Medium
1333,2026-06-27,2026-08-16,9.5,9.0,3,-3,Testing,Low
1334,2026-05-19,2026-05-25,38.9,2.0,9,0,Documentation,Low
1335,2026-07-13,2026-09-03,34.2,2.0,0,1,Other,Low
1336,2025-09-30,2025-10-12,38.6,7.0,5,4,Documentation,Medium
1337,2026-05-01,2026-05-15,38.6,3.0,3,8,development,Low
1338,2026-06-26,2026-08-08,22.9,3.0,6,6,Other,Medium
1339,2026-03-06,2026-05-03,33.4,8.0,4,10,development,High
1340,2026-01-04,2026-02-26,19.7,9.0,2,5,Other,Critical
1341,2025-10-09,2025-11-29,16.3,8.0,7,4,Development,High
1342,2026-08-06,2026-10-05,3.2,11.0,10,10,Documentation,Critical
1343,2025-10-04,2025-11-20,39.4,8.0,6,0,Development,Medium
1343,2025-10-04,2025-11-20,39.4,8.0,6,0,Development,Medium
1345,2026-06-23,2026-06-28,26.3,-1.0,2,9,Documentation,Low
1346,2026-01-19,2026-03-02,1.9,8.0,3,7,Other,Medium
1347,2026-01-31,2026-03-16,18.7,10.0,9,10,Design,Critical
1348,2026-05-29,2026-07-12,36.7,4.0,2,6,Testing,High
1349,2026-07-11,2026-07-22,3.2,6.0,7,4,Documentation,Medium
1350,2026-09-09,2026-09-10,38.7,5.0,7,4,Other,Medium
1351,2026-07-29,2026-08-11,14.2,1.0,6,-2,Design,Low
1352,2026-08-24,2026-09-18,22.8,8.0,2,9,Testing,Medium
1353,2026-04-01,2026-05-16,18.9,,2,2,Testing,Low
1354,2026-08-03,2026-09-12,21.2,10.0,10,4,Documentation,High
1355,2026-05-01,2026-06-30,9.2,2.0,5,6,Other,Low
1356,2026-05-11,2026-07-05,23.3,10.0,7,8,Other,High
1357,2025-11-13,2025-12-10,29.1,4.0,9,8,Design,Medium
1358,2026-09-08,2026-10-27,5.6,2.0,1,4,Other,Low
1359,2025-09-14,2025-10-08,32.1,3.0,0,-3,Design,Low
1360,2025-11-04,2025-11-08,6.1,6.0,2,7,Documentation,Medium
1361,2025-11-12,2025-12-04,25.3,1.0,7,1,Other,Low
1362,2025-09-16,2025-10-06,28.0,4.0,4,8,Testing,Medium
1363,2026-02-16,2026-03-31,1.8,5.0,3,3,Development,Low
1364,2025-09-12,2025-10-15,27.2,9.0,1,10,Testing,Medium
1365,2025-11-18,2025-11-28,26.3,8.0,5,4,Development,Medium
1366,2026-08-14,2026-09-18,33.5,3.0,9,4,Design,Medium
1367,2026-06-23,2026-07-02,6.6,1.0,3,9,Testing,Low
1367,2026-06-23,2026-07-02,6.6,1.0,3,9,Testing,Low
1369,2026-06-03,2026-07-03,29.5,7.0,6,0,Documentation,Medium
1370,2025-11-04,2025-12-27,36.0,11.0,4,2,Other,High
1371,2026-01-06,2026-01-08,28.8,3.0,100,1,Other,Critical
1372,2026-09-04,2026-10-20,7.0,5.0,6,6,Design,Medium
1373,2026-07-22,2026-08-22,27.8,5.0,10,9,Testing,High
1374,2026-03-12,2026-03-27,36.9,8.0,6,1,Design,Medium
1375,2025-11-17,2025-12-09,30.5,5.0,3,7,Testing,Medium
1376,2026-08-04,2026-08-11,3.9,,9,-3,Other,Low
1377,2025-11-02,2025-10-31,2.5,5.0,4,5,doc,Medium
1378,2026-06-13,2026-07-31,30.7,3.0,8,4,Other,Medium
1379,2026-03-12,2026-03-22,15.3,6.0,5,10,Testing,Medium
1380,2026-09-12,2026-11-04,39.1,8.0,1,8,Other,Medium
1381,2026-04-27,2026-06-18,34.5,7.0,6,5,Documentation,Medium
1382,2026-06-11,2026-07-22,6.8,6.0,5,7,Testing,Medium
1383,2026-06-26,2026-06-24,14.3,0.0,12,2,Design,Medium
1384,2026-02-14,2026-02-24,13.0,10.0,7,10,Testing,Critical
1385,2025-10-29,2025-12-11,7.6,2.0,5,0,Other,Low
1386,2026-07-20,2026-08-24,2.1,9.0,4,2,Other,Medium
1387,2026-06-16,2026-07-10,20.7,2.0,9,6,Other,Medium
1388,2026-09-08,2026-10-16,13.4,1.0,5,10,,Low
1389,2025-12-29,2026-01-30,21.2,6.0,7,4,Documentation,Medium
1390,2026-07-14,2026-08-30,12.2,10.0,7,2,DEV,Low
1391,2026-06-21,2026-07-26,38.9,8.0,10,1,,High
1392,2026-02-16,2026-03-27,11.5,2.0,9,1,Development,Critical
1393,2026-09-02,2026-10-20,0.6,,3,3,Testing,Low
1393,2026-09-02,2026-10-20,0.6,,3,3,Testing,Low
1395,2026-03-29,2026-04-16,21.4,1.0,9,6,Other,Medium
1396,2025-11-03,2025-12-02,28.1,8.0,4,2,Testing,Medium
1397,2026-02-27,2026-04-25,9.0,2.0,2,8,Documentation,Low
1398,2026-05-09,2026-05-29,4.8,4.0,9,3,Other,Medium
1399,2025-12-26,2026-01-10,7.9,2.0,6,0,Documentation,Low
1400,2026-08-21,2026-10-01,33.1,9.0,5,1,Documentation,Medium
1401,2026-07-15,2026-08-17,14.4,10.0,4,4,Documentation,High
1402,2026-06-27,2026-07-22,38.2,7.0,10,9,Testing,High
1403,2025-11-01,2025-12-08,6.9,10.0,7,0,Design,High
1404,2025-11-05,2025-10-31,6.1,7.0,5,7,Documentation,Medium
1405,2025-12-03,2026-01-02,27.3,6.0,10,4,doc,High
1406,2025-12-28,2026-01-05,10.1,9.0,6,9,Other,High
1407,2025-11-17,2025-12-04,0.9,9.0,1,2,development,Medium
1408,2026-01-21,2026-01-14,24.3,0.0,5,1,Development,Low
1409,2025-12-02,2026-01-14,13.5,9.0,10,7,Development,Critical
1410,2026-05-14,2026-05-06,36.7,,6,10,Other,Low
1411,2026-03-14,2026-03-16,38.0,2.0,10,7,Design,Medium
1412,2025-12-29,2026-02-26,1.3,8.0,1,-4,Development,High
1413,2026-04-10,2026-04-27,24.0,,6,8,Documentation,Low
1414,2026-04-11,2026-05-06,31.2,6.0,7,2,Documentation,Medium
1415,2026-06-12,2026-06-13,9.0,5.0,1,4,Documentation,Low
1416,2026-03-30,2026-04-14,13.4,0.0,6,-5,Design,Low
1417,2026-07-22,2026-09-14,24.0,,3,1,Development,Low
1418,2026-05-14,2026-06-24,38.8,7.0,9,3,Other,High
1419,2025-12-03,2025-12-15,12.6,6.0,6,1,Design,Medium
1420,2026-01-26,2026-02-17,21.4,6.0,2,7,Documentation,Medium
1421,2026-05-26,2026-06-05,35.0,5.0,8,9,Other,High
1422,2025-11-08,2025-11-30,20.7,,9,1,Development,Low
1423,2025-10-18,2025-11-26,17.4,,9,8,,Low
1424,2026-06-04,2026-05-26,13.0,0.0,5,10,Design,Low
1425,2025-12-24,2026-01-26,4.7,8.0,5,7,  Design,High
1426,2026-06-21,2026-07-17,3.1,4.0,3,9,Documentation,Medium
1427,2026-03-22,2026-04-29,31.7,2.0,100,7,Development,Critical
1428,2025-09-27,2025-10-08,267.9,9.0,5,4,Other,Medium
1429,2025-10-04,2025-11-03,17.8,6.0,8,9,Other,High
1430,2026-07-18,2026-07-22,3.3,8.0,10,10,Development,Critical
1431,2025-12-10,2026-01-18,18.3,-1.0,10,4,Development,Low
1432,2026-05-30,2026-07-18,21.2,9.0,3,10,doc,High
1433,2025-12-12,2025-12-18,24.6,9.0,6,0,Other,Medium
1434,2025-11-23,2025-12-04,18.1,6.0,9,6,Testing,High
1435,2025-10-26,2025-11-16,21.8,,1,10,Testing,Low
1435,2025-10-26,2025-11-16,21.8,,1,10,Testing,Low
1437,2026-07-12,2026-09-01,0.9,9.0,10,4,,High
1438,2026-02-06,2026-02-05,13.5,2.0,2,-3,DEV,Low
1439,2026-05-30,2026-07-27,28.0,8.0,7,7,Other,High
1440,2026-02-19,2026-03-05,32.0,-1.0,9,6,Other,Low
1441,2026-05-09,2026-05-31,32.9,8.0,6,1,Testing ,Medium
1442,2025-11-02,2025-10-30,36.5,3.0,3,6,Documentation,Low
1443,2026-05-08,2026-06-11,845.0,7.0,2,7,Design,Medium
1444,2025-12-12,2026-01-22,16.7,6.0,1,8,Testing,Medium
1445,2026-04-30,2026-05-27,5.8,2.0,5,7,,Low
1446,2026-05-27,2026-07-03,32.0,7.0,10,0,Testing,Medium
1447,2026-04-23,2026-05-26,11.2,6.0,4,5,Documentation,Medium
1448,2026-01-23,2026-02-05,,9.0,2,6,Design,Medium
1449,2026-08-26,2026-09-09,30.5,9.0,9,10,Other,Critical
1450,2026-02-17,2026-03-20,33.3,-1.0,10,5,Documentation,Low
1451,2026-07-09,2026-08-01,7.1,,3,3,Other,High
1452,2026-07-06,2026-07-01,245.2,10.0,5,3,Design,High
1453,2025-12-04,2025-12-08,28.7,3.0,5,7,Other,Medium
1454,2026-02-25,2026-04-22,16.6,6.0,8,2,Development,Medium
1455,2025-10-17,2025-10-29,4.8,1.0,12,6,  Design,Medium
1456,2026-06-28,2026-07-27,7.2,3.0,1,3,Documentation,Low
1457,2026-03-12,2026-04-16,0.9,10.0,1,3,,Medium
1457,2026-03-12,2026-04-16,0.9,10.0,1,3,,Medium
1459,2026-05-25,2026-05-31,31.3,3.0,2,6,Other,Low
1460,2026-02-25,2026-03-09,32.3,5.0,2,1,Other,Low
1461,2026-01-13,2026-02-12,10.2,0.0,5,2,Testing,Critical
1461,2026-01-13,2026-02-12,10.2,0.0,5,2,Testing,Critical
1463,2026-05-26,2026-06-13,6.1,1.0,5,7,Documentation,Low
1464,2026-09-01,2026-09-13,25.2,4.0,8,10,Design,High
1465,2025-10-01,2025-10-24,14.7,2.0,3,9,Design,Low
1466,2026-07-28,2026-08-25,16.5,5.0,9,4,Documentation,Medium
1467,2025-12-23,2026-01-01,15.5,-1.0,5,4,Other,Low
1468,2025-12-01,2026-01-07,1.8,10.0,7,0,Other,High
1469,2026-06-01,2026-07-18,33.4,4.0,5,4,Development,Low
1470,2025-11-23,2025-12-20,17.6,1.0,3,7,Testing,Low
1471,2026-03-28,2026-03-24,0.6,,7,4,Documentation,Low
1472,2025-11-03,2025-10-25,30.8,2.0,2,0,,Low
1473,2025-10-26,2025-11-11,20.0,10.0,10,9,development,Critical
1474,2026-04-12,2026-06-05,37.7,9.0,5,0,doc,Medium
1475,2025-12-23,2026-01-07,5.2,0.0,2,8,Design,High
1476,2026-03-28,2026-05-16,32.3,1.0,5,10,Testing ,Low
1477,2026-04-23,2026-04-25,15.3,10.0,10,4,Documentation,High
1478,2026-07-26,2026-08-04,25.9,,9,8,Testing,Low
1479,2025-11-11,2025-11-30,6.4,3.0,12,1,Design,Medium
1480,2026-03-13,2026-03-26,6.8,6.0,1,-5,Development,Low
1481,2026-07-03,2026-07-25,5.1,2.0,6,0,Documentation,Low
1482,2026-01-18,2026-02-02,540.7,,9,2,Development,Medium
1483,2026-07-09,2026-09-07,3.2,-1.0,5,5,Other,Low
1484,2026-05-21,2026-07-10,36.6,5.0,1,4,Testing,Low
1485,2026-05-23,2026-06-12,38.7,2.0,1,10,Design,Low
1486,2026-05-15,2026-06-11,998.3,3.0,2,2,Testing,Low
1487,2025-12-26,2026-01-22,15.8,7.0,3,1,Other,Low
1488,2026-02-15,2026-03-16,33.9,5.0,2,9,DEV,Medium
1489,2026-07-19,2026-08-08,19.6,3.0,6,3,Design,Low
1490,2026-03-03,2026-03-11,13.8,5.0,6,4,Testing,Critical
1491,2026-04-24,2026-06-05,30.8,10.0,4,1,Documentation,Medium
1492,2026-02-05,2026-02-20,23.7,9.0,2,4,Documentation,Medium
1493,2026-02-17,2026-04-08,,2.0,3,5,Design,Medium
1494,2026-08-28,2026-09-23,688.4,7.0,0,1,Other,Low
1495,2026-06-01,2026-07-16,24.0,10.0,1,4,development,Medium
1496,2026-01-12,2026-01-28,27.7,10.0,9,1,Documentation,High
1497,2026-03-15,2026-04-24,39.6,5.0,5,10,Other,Medium
1498,2026-09-08,2026-09-13,17.8,9.0,2,-4,Documentation,Low
1498,2026-09-08,2026-09-13,17.8,9.0,2,-4,Documentation,Low
1500,2026-01-16,2026-01-20,19.0,2.0,9,1,Documentation,Low
1501,2026-06-01,2026-07-28,25.5,8.0,2,7,Testing,Critical
1502,2026-07-20,2026-07-21,11.8,,9,5,Other,Medium
1503,2025-10-05,2025-10-18,5.8,3.0,2,0,Documentation,Low
1504,2025-12-04,2026-01-03,26.8,,6,9,Testing,Low
1505,2026-03-10,2026-05-06,4.0,-1.0,5,6,  Design,Low
1506,2026-03-10,2026-03-01,35.8,4.0,2,3,Design,Low
1507,2026-08-10,2026-08-11,4.7,2.0,6,0,Testing ,Low
1508,2026-03-10,2026-04-25,15.8,4.0,10,3,Development,High
1508,2026-03-10,2026-04-25,15.8,4.0,10,3,Development,High
1510,2026-04-24,2026-05-21,39.7,10.0,2,3,Design,Medium
1511,2026-07-18,2026-09-06,558.8,2.0,10,9,Development,Medium
1512,2026-03-04,2026-04-14,,10.0,4,0,Design,Medium
1513,2026-03-07,2026-04-04,19.0,,2,-4,doc,Low
1514,2026-05-01,2026-06-01,25.8,1.0,8,3,Testing,Low
1515,2026-08-06,2026-09-08,28.4,7.0,100,4,Documentation,Critical
1516,2026-06-29,2026-07-11,33.4,8.0,5,7,Documentation,High
1517,2026-08-09,2026-09-24,13.9,7.0,3,2,Other,Medium
1518,2026-01-12,2026-02-08,27.9,9.0,9,9,Testing,High
1519,2026-05-15,2026-06-07,27.6,10.0,8,6,Design,High
1520,2026-05-04,2026-05-25,26.4,8.0,8,7,Design,High
1521,2026-08-04,2026-09-29,,9.0,3,6,Testing,Medium
1522,2026-08-13,2026-08-25,6.3,2.0,6,7,Development,Medium
1523,2026-06-20,2026-07-09,35.4,5.0,9,8,Design,High
1524,2026-02-07,2026-02-08,34.3,1.0,7,9,Development,High
1525,2026-02-21,2026-04-16,537.4,,8,0,Development,Low
1526,2026-08-23,2026-10-06,,,4,7,Design,Low
1527,2026-07-17,2026-08-15,11.5,4.0,1,9,  Design,Low
1528,2026-08-12,2026-09-04,24.7,6.0,10,9,Documentation,High
1529,2026-01-03,2026-02-28,915.0,7.0,1,9,Development,Medium
1530,2026-02-10,2026-03-24,7.3,9.0,6,9,Other,High
1531,2026-09-01,2026-09-02,22.1,1.0,8,6,Development,Medium
1532,2025-10-07,2025-10-14,33.8,1.0,2,4,Testing,Low
1533,2025-12-09,2025-12-12,7.3,4.0,3,-4,Development,High
1534,2026-03-27,2026-03-31,35.4,6.0,1,6,Other,Low
1535,2026-05-29,2026-07-17,8.1,4.0,3,2,doc,Medium
1536,2026-04-28,2026-05-04,23.4,6.0,7,9,Testing,High
1537,2026-05-11,2026-06-06,19.5,6.0,2,6,Design,Medium
1538,2026-01-26,2026-03-18,305.8,2.0,2,3,Testing,Low
1539,2026-04-25,2026-05-05,20.6,5.0,3,9,Documentation,Medium
1540,2026-09-10,2026-09-21,35.2,6.0,5,2,Development,Medium
1541,2026-03-27,2026-04-17,367.7,2.0,2,10,Other,Low
1542,2025-11-14,2025-11-23,24.4,5.0,3,8,Design,Medium
1543,2025-09-19,2025-11-09,7.6,1.0,9,0,Documentation,Low
1544,2026-05-29,2026-07-17,23.8,6.0,10,2,Other,Medium
1545,2026-04-25,2026-05-29,20.4,9.0,9,5,Documentation,High
1546,2026-09-03,2026-09-21,5.5,3.0,4,10,Design,Critical
1547,2026-06-23,2026-08-18,30.3,6.0,7,4,Other,Medium
1548,2026-05-07,2026-06-18,,3.0,4,1,Other,Low
1548,2026-05-07,2026-06-18,,3.0,4,1,Other,Low
1548,2026-05-07,2026-06-18,,3.0,4,1,Other,Low
1551,2026-02-11,2026-04-06,2.1,1.0,6,0,Design,Low
1552,2026-01-11,2026-02-22,,10.0,2,3,Testing,Medium
1553,2026-06-22,2026-07-22,958.8,1.0,7,8,  Design,Medium
1554,2026-04-22,2026-06-21,17.0,8.0,3,3,Design,High
1555,2026-06-16,2026-07-14,860.1,4.0,4,3,Development,High
1556,2026-07-27,2026-08-16,8.4,11.0,5,3,Documentation,High
1557,2025-12-19,2026-01-15,30.2,4.0,10,9,Design,High
1558,2026-01-13,2026-02-04,22.2,,8,9,Design,Low
1559,2026-06-18,2026-07-03,11.0,8.0,5,5,Other,Medium
1560,2026-01-26,2026-01-27,35.0,6.0,7,2,Other,Critical
1561,2025-12-22,2026-02-06,26.3,1.0,4,5,Design,Low
1562,2026-06-15,2026-08-01,13.2,1.0,1,3,Development,Low
1563,2026-04-09,2026-05-21,29.6,8.0,9,3,Documentation,High
1564,2026-01-24,2026-03-20,16.9,8.0,7,6,Development,High
1565,2025-09-22,2025-10-16,30.0,1.0,8,2,Development,High
1566,2025-09-20,2025-11-13,15.7,4.0,7,-5,Testing,Low
1567,2025-11-13,2025-11-27,,8.0,1,7,Development,Medium
1568,2026-06-11,2026-08-07,36.5,2.0,9,10,Design,Medium
1569,2025-10-01,2025-11-23,,4.0,4,2,Other,Low
1570,2026-01-09,2026-01-11,12.9,6.0,5,2,Documentation,Critical
1571,2026-08-04,2026-08-30,18.0,4.0,1,6,Other,Low
1572,2026-09-05,2026-10-27,7.5,10.0,10,2,Other,High
1573,2026-05-31,2026-06-15,18.6,1.0,5,2,Design,Low
1574,2025-09-21,2025-11-04,9.8,4.0,5,10,Development,Medium
1575,2025-11-27,2025-12-24,39.8,2.0,9,0,Other,Low
1576,2026-04-26,2026-06-24,31.1,4.0,3,10,Development,Medium
1577,2026-02-12,2026-04-09,15.8,5.0,2,10,Development,Medium
1578,2026-05-06,2026-06-13,26.5,9.0,1,7,Development,Medium
1579,2026-06-25,2026-07-15,,4.0,100,8,Development,Critical
1580,2025-12-16,2026-01-12,26.2,5.0,6,0,Development,Low
1581,2025-10-10,2025-11-01,7.8,5.0,7,6,Development,Medium
1582,2026-02-27,2026-03-10,16.5,9.0,0,3,Documentation,Medium
1583,2026-02-09,2026-04-08,11.6,10.0,3,5,Documentation,Medium
1584,2026-09-07,2026-09-26,37.3,3.0,6,9,development,Medium
1585,2026-05-21,2026-06-06,,5.0,7,0,Documentation,Medium
1586,2026-07-07,2026-07-26,13.1,5.0,12,6,Development,High
1587,2026-03-08,2026-03-26,38.9,5.0,9,1,Other,Medium
1588,2025-12-21,2026-02-05,6.5,3.0,1,7,Other,Low
1589,2025-11-17,2025-12-11,22.9,3.0,1,2,Documentation,Low
1590,2025-11-28,2025-11-29,16.2,10.0,3,5,Other,Medium
1591,2025-10-11,2025-11-18,24.3,9.0,6,7,Documentation,High
1592,2026-01-02,2026-01-14,31.3,,5,0,Design,Low
1593,2026-07-26,2026-09-03,8.0,2.0,3,0,development,Low
1594,2025-10-10,2025-12-09,33.7,2.0,5,10,Development,Medium
1595,2025-11-28,2025-12-18,8.6,8.0,9,0,Other,Medium
1596,2025-10-04,2025-10-15,26.9,5.0,6,10,Other,Medium
1597,2026-05-17,2026-05-09,17.4,2.0,5,9,Other,Medium
1598,2025-12-07,2026-01-29,,6.0,3,1,Design,Low
1599,2026-01-26,2026-02-22,21.3,8.0,5,0,Design,Medium
1600,2026-06-21,2026-06-26,19.5,7.0,1,7,Testing,High
1601,2026-02-10,2026-03-19,7.6,,10,9,Development,Low
1602,2026-06-05,2026-06-08,29.4,5.0,8,9,Testing ,High
1603,2025-12-13,2025-12-22,13.0,-1.0,8,1,Other,Critical
1604,2025-09-25,2025-11-14,4.0,3.0,10,4,Testing,Medium
1605,2026-08-06,2026-08-29,14.1,2.0,2,7,Other,Low
1606,2025-11-08,2026-01-06,26.0,1.0,1,0,Design,Low
1607,2026-04-24,2026-06-12,37.0,3.0,9,-4,Documentation,Low
1608,2026-08-23,2026-09-16,22.0,5.0,1,8,Testing,Low
1609,2025-09-20,2025-11-17,27.8,4.0,4,6,development,Medium
1610,2026-01-16,2026-03-12,,1.0,7,8,Other,Medium
1611,2026-08-22,2026-08-25,28.8,10.0,5,1,Other,Medium
1612,2026-02-25,2026-03-04,11.4,1.0,7,10,doc,Medium
1613,2026-01-23,2026-03-08,6.3,10.0,1,4,Design,Medium
1614,2026-08-14,2026-09-27,31.0,4.0,2,1,Other,Low
1615,2026-04-26,2026-06-16,15.8,7.0,6,9,Development,High
1616,2026-07-04,2026-07-09,12.4,8.0,8,-2,Development,Medium
1617,2026-02-23,2026-03-21,17.6,,100,10,Other,Low
1618,2025-10-28,2025-11-05,,1.0,3,3,Testing,Low
1619,2026-05-01,2026-06-15,37.7,10.0,10,1,Testing,High
1620,2025-10-28,2025-11-25,,8.0,8,10,Design,High
1621,2026-07-04,2026-06-29,38.5,5.0,4,1,Other,Low
1622,2026-02-25,2026-03-20,11.7,5.0,7,2,Other,Medium
1623,2026-07-11,2026-08-12,758.8,4.0,7,6,Design,Medium
1624,2026-09-07,2026-11-02,30.4,7.0,0,1,Design,High
1625,2025-09-29,2025-09-21,29.2,7.0,2,0,Documentation,Low
1626,2026-06-13,2026-06-18,23.8,10.0,7,5,Design,High
1627,2026-01-16,2026-02-06,5.4,2.0,9,8,Design,Medium
1628,2026-05-26,2026-06-20,22.4,6.0,8,10,Documentation,High
1628,2026-05-26,2026-06-20,22.4,6.0,8,10,Documentation,High
1630,2026-08-18,2026-09-03,27.9,2.0,4,10,DEV,Medium
1631,2026-02-03,2026-02-17,32.8,10.0,4,2,Documentation,Medium
1632,2025-11-29,2025-12-20,7.0,8.0,10,4,Documentation,High
1633,2025-09-14,2025-10-31,13.9,3.0,3,-5,Development,Medium
1634,2026-06-15,2026-07-04,38.5,2.0,9,9,Other,Medium
1635,2026-07-31,2026-08-18,5.5,8.0,10,9,doc,Critical
1636,2026-09-11,2026-10-07,39.4,3.0,7,2,Documentation,Low
1637,2026-05-31,2026-06-27,20.5,7.0,5,0,Documentation,High
1638,2026-03-03,2026-03-25,7.2,5.0,5,0,Design,Low
1639,2026-01-02,2026-02-15,17.7,6.0,7,2,Development,Medium
1640,2026-06-23,2026-06-22,16.5,6.0,7,4,Development,Medium
1641,2026-04-04,2026-05-16,4.6,10.0,10,9,Design,Critical
1642,2026-08-04,2026-10-02,17.4,10.0,6,-3,Testing,Medium
1643,2026-02-01,2026-02-10,9.3,7.0,2,8,Other,Medium
1644,2026-07-21,2026-08-09,13.9,1.0,3,6,Testing,Low
1645,2025-11-14,2025-12-30,37.6,3.0,8,7,doc,Medium
1646,2026-07-09,2026-08-12,26.1,11.0,9,-5,Testing,High
1647,2025-10-19,2025-11-08,39.2,5.0,6,10,Design,Medium
1648,2026-06-06,2026-07-11,0.6,8.0,7,0,Development,Medium
1649,2026-08-01,2026-08-10,,6.0,8,6,Design,High
1650,2026-02-20,2026-04-10,35.6,3.0,7,0,doc,Low
1651,2026-02-12,2026-04-08,27.5,7.0,5,2,Design,Medium
1652,2025-12-24,2026-01-24,0.7,4.0,7,6,,Medium
1653,2026-01-15,2026-03-03,215.9,4.0,100,4,Testing,Critical
1654,2026-06-16,2026-06-10,21.9,4.0,100,4,Testing,Critical
1655,2025-11-18,2025-12-29,685.3,10.0,3,5,Other,Medium
1656,2026-02-25,2026-03-31,,1.0,6,6,Documentation,Low
1657,2026-09-05,2026-10-07,38.2,1.0,10,8,Other,Medium
1657,2026-09-05,2026-10-07,38.2,1.0,10,8,Other,Medium
1659,2026-05-07,2026-06-18,34.3,2.0,9,2,Design,Low
1660,2026-01-16,2026-02-05,9.5,8.0,8,6,Other,High
1661,2025-10-11,2025-11-13,29.6,9.0,4,-1,Testing,Medium
1662,2025-10-19,2025-11-14,32.3,10.0,4,3,Documentation,High
1663,2026-03-04,2026-04-22,18.6,5.0,4,7,Development,Medium
1664,2025-11-14,2025-12-26,3.9,-1.0,9,2,Design,Low
1665,2026-02-12,2026-03-22,37.4,4.0,3,7,doc,Low
1666,2026-06-27,2026-07-12,33.2,15.0,5,8,Documentation,High
1667,2026-01-27,2026-03-14,25.3,8.0,4,1,Other,Medium
1668,2026-01-24,2026-02-23,14.4,15.0,9,5,Other,Critical
1669,2026-06-19,2026-07-25,10.9,7.0,1,0,Documentation,Medium
1670,2025-09-29,2025-10-07,31.6,6.0,9,8,doc,High
1671,2025-10-18,2025-11-29,4.4,1.0,8,-2,Other,Low
1672,2025-11-16,2025-12-17,23.8,9.0,4,8,Documentation,High
1673,2026-01-23,2026-02-08,2.2,8.0,7,3,Testing,Medium
1674,2026-09-06,2026-10-05,4.5,4.0,6,0,Design,Low
1675,2026-03-13,2026-03-19,24.9,4.0,5,4,Other,Low
1676,2026-08-04,2026-08-24,38.1,2.0,4,5,Testing,Low
1677,2026-07-16,2026-09-03,37.4,2.0,10,7,Other,Medium
1678,2026-04-11,2026-05-22,17.3,7.0,10,0,Testing,Medium
1679,2026-02-06,2026-03-31,,3.0,8,7,Testing,Medium
1680,2025-12-31,2026-02-15,24.3,3.0,4,6,Testing,Low
1681,2026-07-29,2026-08-22,26.6,4.0,5,5,Testing ,Medium
1682,2026-05-09,2026-06-30,37.9,5.0,7,4,Development,Medium
1683,2026-03-14,2026-04-25,701.1,10.0,2,5,DEV,Medium
1684,2025-10-07,2025-11-13,26.0,2.0,5,10,Development,Medium
1685,2025-11-29,2025-12-31,11.9,3.0,3,4,Testing,Low
1686,2026-08-29,2026-09-26,25.6,1.0,10,2,DEV,Low
1687,2026-07-11,2026-08-05,16.8,1.0,6,3,Development,Low
1688,2026-07-09,2026-08-23,11.1,1.0,4,6,Documentation,Low
1689,2026-09-04,2026-10-30,3.4,5.0,7,4,DEV,Medium
1690,2026-03-17,2026-04-06,36.4,5.0,7,1,Testing,Medium
1691,2026-05-24,2026-07-01,14.6,7.0,6,2,Documentation,Medium
1692,2026-05-01,2026-05-21,1.5,9.0,3,5,Testing,Medium
1693,2026-04-27,2026-06-26,35.1,3.0,9,0,Testing,Low
1694,2026-03-12,2026-04-28,3.8,5.0,4,1,Other,Low
1695,2025-12-22,2026-02-13,3.0,1.0,10,3,Documentation,Medium
1696,2026-08-17,2026-10-08,2.5,15.0,2,9,development,Critical
1697,2026-02-03,2026-03-02,4.6,8.0,2,1,Other,Medium
1698,2026-02-08,2026-03-02,33.6,9.0,1,6,Testing,Medium
1699,2026-08-07,2026-08-24,29.9,,0,2,Documentation,Low
1700,2025-09-24,2025-11-22,27.2,3.0,2,2,  Design,Low
1701,2026-08-05,2026-09-22,6.1,15.0,4,8,DEV,Critical
1702,2026-08-27,2026-09-11,23.7,3.0,12,0,Other,Medium
1703,2026-08-05,2026-08-19,12.6,2.0,3,8,Development,Low
1704,2025-11-10,2026-01-03,27.3,4.0,9,4,Documentation,Medium
1705,2025-11-18,2025-12-16,7.4,11.0,8,7,Testing,Critical
1706,2025-10-21,2025-11-02,33.3,2.0,3,6,Design,Low
1707,2026-01-06,2026-01-31,15.1,9.0,7,1,Design,Medium
1708,2025-11-19,2025-11-30,17.9,5.0,7,5,Design,Medium
1709,2025-09-25,2025-10-22,25.5,9.0,4,3,Documentation,Medium
1710,2026-04-13,2026-05-14,712.1,7.0,9,5,Design,High
1711,2026-02-05,2026-03-14,,7.0,3,7,Testing,Medium
1712,2025-12-07,2025-12-12,14.5,9.0,7,8,Documentation,Medium
1713,2026-05-29,2026-06-23,752.2,1.0,5,6,Other,Low
1713,2026-05-29,2026-06-23,752.2,1.0,5,6,Other,Low
1715,2026-02-27,2026-04-05,5.7,5.0,4,4,Documentation,Medium
1716,2026-04-23,2026-06-10,33.3,5.0,7,3,Documentation,Medium
1717,2025-11-15,2025-12-05,,10.0,2,1,Documentation,Medium
1718,2026-04-16,2026-04-22,18.3,7.0,9,5,Development,Critical
1719,2026-03-17,2026-04-23,,4.0,5,0,Development,Low
1720,2026-04-26,2026-06-24,33.4,4.0,5,1,Other,Low
1721,2026-07-29,2026-08-03,20.0,2.0,9,6,Testing ,Medium
1722,2025-10-08,2025-11-27,,3.0,1,8,Documentation,Low
1723,2026-02-18,2026-02-21,3.4,1.0,3,3,Design,Low
1724,2026-06-25,2026-07-09,3.5,15.0,2,9,doc,Critical
1725,2026-01-09,2026-02-23,31.7,3.0,2,4,Development,Low
1726,2026-01-18,2026-01-19,37.3,2.0,2,8,Design,Low
1727,2025-09-21,2025-11-20,38.8,9.0,7,6,Development,High
1728,2026-08-03,2026-07-26,38.8,7.0,10,2,Testing,High
1729,2026-08-19,2026-09-04,468.1,7.0,7,2,Documentation,Medium
1730,2026-03-24,2026-04-14,26.4,2.0,100,7,Development,Critical
1731,2025-12-09,2026-01-18,21.3,7.0,5,9,Development,Low
1732,2025-10-26,2025-11-17,14.2,7.0,6,4,Testing,Medium
1733,2026-01-22,2026-02-17,26.3,1.0,1,10,Testing ,Low
1734,2026-04-25,2026-05-10,,9.0,7,4,Other,High
1735,2026-07-22,2026-07-23,39.2,9.0,5,1,Other,Medium
1736,2026-06-18,2026-08-04,14.4,3.0,3,2,Testing,Low
1737,2026-01-14,2026-01-24,14.6,10.0,1,0,Other,Medium
1738,2026-07-15,2026-09-10,28.3,6.0,6,7,Testing,Medium
1739,2026-07-07,2026-07-08,17.7,6.0,9,9,Other,High
1740,2025-12-10,2025-12-08,,10.0,6,1,Testing,High
1741,2026-07-26,2026-08-12,22.4,5.0,3,2,doc,Low
1742,2026-05-21,2026-05-17,20.2,1.0,4,9,Testing,Critical
1743,2026-05-13,2026-06-08,1.0,9.0,6,5,Design,High
1744,2026-04-23,2026-06-20,33.4,7.0,1,5,Other,Medium
1745,2026-09-05,2026-10-22,,8.0,8,5,Development,High
1746,2026-02-12,2026-02-27,22.6,9.0,6,0,Testing,Medium
1747,2025-11-02,2025-12-12,12.2,8.0,3,0,Testing,Medium
1748,2026-05-07,2026-05-27,30.8,8.0,5,5,Documentation,Medium
1749,2026-03-23,2026-04-11,23.6,,8,6,Testing ,Low
1750,2026-05-13,2026-05-27,6.2,10.0,3,1,Other,Medium
1751,2026-02-26,2026-03-16,,10.0,3,9,Documentation,High
1752,2026-06-24,2026-08-17,12.4,9.0,3,5,Other,Medium
1753,2025-11-07,2026-01-01,0.7,3.0,1,1,Other,Low
1754,2025-12-14,2026-02-05,7.8,,10,-1,Testing,Low
1755,2026-01-05,2026-01-11,0.6,3.0,6,6,,Medium
1756,2025-10-01,2025-11-02,791.2,10.0,8,9,Testing,Critical
1757,2026-03-20,2026-04-03,9.8,8.0,9,4,Design,High
1758,2026-05-10,2026-06-30,24.8,6.0,10,1,Documentation,Medium
1759,2026-02-09,2026-03-03,341.3,7.0,1,2,Design,Low
1760,2025-10-08,2025-11-24,6.7,2.0,9,7,Other,Medium
1761,2026-05-31,2026-06-09,27.5,6.0,2,6,Other,Medium
1762,2026-03-08,2026-05-06,3.8,10.0,1,-4,Design,Low
1763,2025-12-11,2026-01-25,10.1,4.0,7,10,Documentation,Medium
1764,2026-01-10,2026-02-14,4.6,4.0,8,9,Testing ,Medium
1765,2026-07-03,2026-07-01,26.9,,6,6,Testing,Low
1766,2026-05-23,2026-06-16,315.5,5.0,6,3,Design,Medium
1767,2026-02-27,2026-03-26,17.9,7.0,5,9,Design,High
1768,2026-02-16,2026-03-09,,3.0,7,8,Development,Medium
1769,2026-02-09,2026-03-30,17.0,10.0,6,9,Testing,High
1770,2026-07-04,2026-08-10,17.8,6.0,3,3,Documentation,Low
1771,2025-09-24,2025-11-08,28.1,6.0,10,2,Other,Medium
1772,2026-01-21,2026-01-17,21.4,15.0,3,3,Testing,High
1773,2025-09-20,2025-10-11,937.1,8.0,0,3,Other,Low
1773,2025-09-20,2025-10-11,937.1,8.0,0,3,Other,Low
1775,2026-07-04,2026-08-26,33.0,9.0,5,4,Other,Medium
1776,2026-05-27,2026-06-25,15.6,9.0,9,7,Development,High
1777,2026-03-25,2026-04-11,11.8,10.0,9,6,Development,High
1778,2026-05-02,2026-06-20,36.4,6.0,100,0,Testing ,Critical
1779,2026-03-20,2026-04-23,35.8,9.0,4,8,Development,High
1780,2026-08-12,2026-08-30,14.3,9.0,4,3,Development,Medium
1781,2026-01-11,2026-02-01,2.5,,2,8,Documentation,Low
1782,2026-01-25,2026-01-28,940.8,,2,9,Other,Low
1783,2025-09-18,2025-09-24,20.9,9.0,2,9,Documentation,High
1784,2025-09-13,2025-10-26,16.8,1.0,1,8,Testing,Low
1785,2026-08-09,2026-09-06,28.4,4.0,4,9,Other,Medium
1786,2026-02-20,2026-02-27,31.2,9.0,100,4,Documentation,Critical
1787,2026-05-29,2026-05-25,,6.0,8,6,Other,High
1788,2026-04-03,2026-04-27,28.5,3.0,6,6,DEV,Critical
1789,2026-09-09,2026-10-16,5.4,1.0,4,2,Documentation,Low
1790,2026-07-15,2026-09-02,6.0,8.0,7,9,  Design,High
1791,2026-08-19,2026-10-04,6.1,5.0,1,10,Documentation,Medium
1792,2025-10-31,2025-12-21,17.4,10.0,8,5,Documentation,High
1793,2026-01-22,2026-01-25,29.1,4.0,5,-1,Testing,Low
1794,2026-04-21,2026-06-04,28.6,8.0,3,1,Design,Medium
1795,2026-09-06,2026-09-30,19.4,1.0,6,10,Development,Medium
1796,2025-09-18,2025-09-23,33.2,1.0,0,5,Testing,Low
1797,2026-03-24,2026-05-19,34.2,5.0,4,1,Development,Low
1798,2025-11-25,2025-12-12,38.8,7.0,7,10,Testing,Medium
1799,2026-01-02,2026-02-24,17.2,9.0,7,4,Other,High
1800,2025-12-31,2026-01-19,,3.0,12,1,Documentation,Medium
1801,2025-11-15,2025-11-09,33.0,2.0,4,10,Testing,Medium
1802,2026-02-09,2026-04-09,24.1,4.0,2,0,Other,Medium
1803,2026-01-28,2026-03-16,,9.0,3,3,Design,Medium
1804,2026-08-18,2026-09-02,,4.0,7,3,Documentation,Medium
1805,2026-08-31,2026-10-22,987.1,7.0,6,9,Documentation,High
1806,2026-01-21,2026-03-18,28.9,-1.0,12,3,Testing,Critical
1807,2026-06-01,2026-07-11,39.2,-1.0,3,9,Documentation,Low
1808,2026-08-29,2026-09-05,19.7,2.0,8,2,Other,Low
1809,2026-05-15,2026-06-18,26.8,,7,10,Documentation,Low
1810,2026-02-07,2026-03-08,27.8,,4,6,  Design,Low
1811,2026-06-09,2026-07-21,35.7,10.0,12,3,Other,Critical
1812,2026-03-22,2026-04-22,17.6,8.0,1,3,Design,Medium
1813,2026-04-03,2026-04-01,37.7,8.0,7,8,Other,Medium
1814,2026-03-16,2026-04-08,21.6,2.0,5,0,Other,Low
1815,2025-11-08,2025-11-26,25.7,8.0,8,7,Testing,High
1816,2025-11-15,2025-11-23,35.1,1.0,9,10,Testing ,Medium
1817,2026-09-01,2026-10-13,6.4,4.0,7,1,Development,Low
1818,2026-09-06,2026-10-08,1.3,5.0,7,6,Other,Medium
1819,2026-05-13,2026-07-03,11.9,,8,1,Design,Low
1820,2025-11-11,2025-12-08,36.4,7.0,8,5,Design,High
1821,2026-03-27,2026-04-14,17.5,9.0,7,8,Design,High
1822,2025-11-29,2025-12-14,37.1,7.0,7,3,Documentation,Medium
1823,2026-05-12,2026-07-07,18.7,8.0,100,4,Documentation,Critical
1824,2026-05-24,2026-07-05,10.1,7.0,6,0,Design,Medium
1825,2026-08-27,2026-10-01,18.8,1.0,4,9,Other,Critical
1826,2026-01-05,2026-03-01,12.9,6.0,1,0,DEV,Low
1827,2026-07-18,2026-08-31,28.0,,1,8,DEV,Low
1828,2026-07-03,2026-08-11,27.5,4.0,8,5,Development,Medium
1829,2026-03-16,2026-04-03,7.1,8.0,3,10,Testing,High
1830,2025-09-23,2025-10-17,21.4,6.0,6,4,Documentation,Medium
1831,2025-10-27,2025-11-11,3.6,5.0,6,10,Documentation,Medium
1832,2026-02-11,2026-02-23,4.8,4.0,7,2,Design,Medium
1833,2026-02-08,2026-03-29,7.1,2.0,7,-3,Other,Low
1834,2026-02-24,2026-04-03,2.8,2.0,7,3,Other,Low
1835,2026-01-03,2026-01-23,28.6,10.0,3,6,Development,High
1836,2026-05-25,2026-06-09,21.5,1.0,6,1,Testing,High
1837,2026-05-11,2026-06-04,,9.0,4,4,Testing ,Medium
1838,2026-01-17,2026-02-26,774.0,1.0,5,1,Testing,Low
1839,2025-11-02,2025-12-31,35.5,3.0,10,1,Development,Medium
1840,2025-09-28,2025-11-11,24.4,6.0,8,2,Documentation,Medium
1841,2026-08-16,2026-09-17,24.9,10.0,7,1,Documentation,High
1842,2026-01-08,2026-01-10,22.8,8.0,100,9,Development,Critical
1843,2026-05-05,2026-05-09,,1.0,7,8,Documentation,Medium
1844,2026-05-26,2026-06-15,35.3,6.0,8,0,Development,Medium
1845,2026-05-30,2026-07-13,27.3,2.0,3,6,Development,Medium
1846,2025-10-07,2025-10-19,896.2,4.0,7,8,Testing,Medium
1847,2025-12-06,2026-01-26,1.7,4.0,2,10,Development,Medium
1848,2026-05-22,2026-05-23,22.8,2.0,8,6,Documentation,Medium
1849,2026-04-09,2026-05-07,2.3,,5,1,Documentation,Low
1850,2026-02-02,2026-03-10,31.9,9.0,6,3,Other,High
1851,2025-11-17,2025-12-27,25.9,6.0,8,6,Documentation,High
1852,2026-01-23,2026-01-29,18.1,2.0,9,2,Testing,Low
1853,2026-07-06,2026-08-24,37.0,4.0,6,3,Testing,Medium
1854,2026-01-11,2026-03-05,7.1,5.0,2,6,Testing,Low
1855,2026-05-24,2026-05-22,565.2,5.0,2,4,Development,Low
1856,2026-02-09,2026-04-10,19.4,7.0,9,6,Documentation,High
1857,2025-12-04,2025-12-19,,4.0,10,3,Testing,Medium
1858,2026-03-20,2026-04-01,6.2,10.0,3,0,Other,Medium
1859,2026-04-30,2026-04-27,3.7,3.0,5,8,Development,Medium
1860,2025-11-18,2025-12-14,34.0,8.0,9,9,Design,High
1861,2025-11-09,2025-11-20,5.8,2.0,7,6,Development,Medium
1862,2026-07-22,2026-09-18,17.6,6.0,4,6,Development,Medium
1863,2026-03-09,2026-04-07,29.9,2.0,5,3,Other,Low
1864,2026-05-27,2026-07-11,26.1,1.0,3,1,Development,Low
1865,2026-01-03,2026-02-23,7.3,4.0,2,3,doc,Low
1866,2025-11-20,2025-11-19,24.3,15.0,10,4,Design,Critical
1867,2026-02-09,2026-04-03,27.4,9.0,2,4,Testing,Medium
1868,2026-04-01,2026-05-29,17.8,10.0,3,1,Design,Medium
1869,2026-06-13,2026-06-20,39.7,7.0,2,6,Other,Medium
1870,2026-05-29,2026-07-04,9.7,4.0,10,7,Other,High
1871,2025-10-29,2025-10-19,26.6,10.0,3,0,Other,Medium
1872,2026-07-19,2026-08-29,7.9,2.0,9,3,Other,Medium
1873,2026-01-24,2026-01-21,26.4,1.0,3,10,Testing,Low
1874,2026-07-26,2026-08-29,33.7,1.0,4,3,Design,Low
1875,2025-12-08,2026-01-28,11.1,9.0,5,10,Other,High
1876,2026-03-08,2026-02-26,16.7,2.0,9,1,Documentation,Low
1876,2026-03-08,2026-02-26,16.7,2.0,9,1,Documentation,Low
1878,2026-04-20,2026-05-22,25.0,2.0,8,-3,Testing,Low
1879,2026-07-27,2026-09-05,926.5,2.0,2,-4,Design,Low
1880,2025-11-21,2025-12-03,,4.0,7,10,Documentation,Medium
1881,2025-11-25,2025-12-10,4.2,2.0,9,3,Development,Medium
1882,2026-04-09,2026-05-21,6.4,,3,3,Testing,Low
1883,2025-12-22,2026-01-06,10.7,2.0,9,9,Development,Medium
1884,2026-03-11,2026-03-23,29.2,10.0,9,0,Testing,High
1885,2025-11-21,2025-12-02,34.2,9.0,6,7,Development,High
1886,2025-11-07,2025-12-05,8.8,8.0,1,1,Other,Low
1887,2025-11-13,2025-12-05,22.2,4.0,5,9,Documentation,Medium
1888,2026-01-25,2026-03-06,18.6,2.0,1,6,Development,Low
1889,2026-08-01,2026-09-19,21.2,8.0,7,5,Design,High
1890,2025-12-28,2025-12-30,15.7,5.0,3,3,Design,Low
1891,2026-02-02,2026-02-23,,5.0,1,6,Other,Low
1892,2026-03-21,2026-03-30,30.1,3.0,7,8,Design,Medium
1893,2026-08-26,2026-09-17,888.9,9.0,8,2,Design,High
1894,2025-10-25,2025-12-13,26.0,7.0,1,3,Design,Low
1895,2026-07-31,2026-07-29,6.1,7.0,2,9,Development,Medium
1896,2025-12-29,2026-01-08,36.2,6.0,8,-4,Documentation,Medium
1897,2026-02-08,2026-02-28,8.8,7.0,10,3,Other,Medium
1898,2026-03-07,2026-04-03,770.5,1.0,4,7,Design,Low
1899,2026-06-16,2026-08-12,10.2,9.0,1,8,Other,Medium
1900,2026-01-02,2026-02-26,11.3,4.0,9,2,Testing,Medium
1901,2026-05-06,2026-07-01,,4.0,8,7,Design,Medium
1902,2026-01-10,2026-02-02,676.8,5.0,6,3,Testing,Low
1903,2025-10-18,2025-11-24,29.7,6.0,9,4,Design,Medium
1904,2026-03-26,2026-04-23,14.0,4.0,3,6,Development,Low
1905,2026-01-17,2026-01-07,3.3,5.0,6,1,Other,Medium
1906,2025-11-14,2026-01-07,3.7,6.0,8,4,Development,Medium
1907,2026-01-26,2026-02-01,30.7,8.0,5,9,Documentation,High
1908,2025-11-02,2025-10-27,15.1,10.0,1,9,Other,High
1909,2026-05-17,2026-05-14,7.8,5.0,6,7,Other,Medium
1910,2026-06-25,2026-06-29,9.0,15.0,5,7,Testing,Critical
1911,2026-05-06,2026-06-23,7.1,5.0,1,9,Development,Medium
1912,2026-05-20,2026-06-20,33.6,9.0,7,7,Development,High
1913,2026-03-09,2026-04-22,6.1,4.0,7,8,Design,Medium
1914,2025-12-17,2026-01-10,27.9,10.0,10,0,Other,High
1915,2026-08-05,2026-09-10,13.5,2.0,6,2,Testing,Low
1916,2026-05-23,2026-07-11,4.1,1.0,4,1,Documentation,Low
1917,2025-11-06,2025-11-18,6.7,6.0,4,0,Development,Low
1918,2026-06-25,2026-07-08,39.6,7.0,4,10,Testing,High
1919,2026-04-01,2026-04-14,445.5,,2,1,Other,Low
1920,2026-03-12,2026-04-01,12.9,7.0,5,4,doc,Medium
1921,2025-11-14,2025-12-11,34.4,6.0,7,1,Development,Low
1922,2026-03-01,2026-03-26,4.2,0.0,5,1,Testing,Low
1923,2026-07-10,2026-07-16,20.2,7.0,7,9,Testing,Medium
1924,2026-01-01,2026-03-02,30.0,,3,10,Design,Low
1925,2025-12-04,2025-12-08,6.7,,8,4,Other,Low
1926,2026-06-07,2026-06-15,14.3,3.0,1,8,Development,Low
1927,2025-10-24,2025-11-19,,5.0,3,2,Documentation,Low
1928,2026-01-11,2026-03-04,39.2,1.0,1,1,Other,Low
1929,2025-09-25,2025-09-28,510.8,6.0,3,8,Other,Medium
1930,2026-03-01,2026-04-15,39.1,4.0,7,0,Testing,Low
1931,2025-11-14,2025-11-12,32.1,9.0,5,9,Documentation,High
1932,2025-11-21,2025-12-05,8.7,5.0,9,5,Other,Medium
1933,2026-04-17,2026-05-25,5.3,10.0,6,7,DEV,High
1934,2026-02-15,2026-03-28,651.0,3.0,7,8,Other,Medium
1935,2025-10-27,2025-12-16,32.1,3.0,3,10,Other,Medium
1936,2026-06-23,2026-07-04,36.1,2.0,3,3,doc,Low
1937,2026-04-13,2026-06-06,36.3,9.0,12,8,Design,Critical
1938,2025-11-22,2025-12-02,485.6,8.0,6,5,Testing,High
1939,2026-01-05,2026-02-20,11.4,2.0,5,6,Testing,Low
1940,2026-07-13,2026-08-24,24.9,5.0,5,5,Development,Medium
1941,2026-02-01,2026-02-09,17.9,4.0,1,0,Testing,Low
1942,2026-06-10,2026-06-18,8.1,,6,10,Testing,Low
1943,2025-12-18,2026-01-22,9.0,10.0,7,0,Other,High
1944,2025-09-22,2025-09-20,35.0,5.0,0,4,Development,Low
1945,2026-05-23,2026-06-08,35.3,8.0,6,4,Development,Medium
1946,2026-02-23,2026-02-16,11.1,7.0,3,0,Testing,Low
1947,2026-04-12,2026-04-17,27.8,6.0,3,5,Testing,Medium
1948,2026-03-14,2026-04-30,31.5,4.0,1,7,Design,Low
1949,2026-06-23,2026-07-20,37.7,8.0,5,6,doc,Medium
1950,2026-01-09,2026-01-15,35.8,2.0,2,5,Testing,Low
1951,2026-04-12,2026-05-02,7.0,2.0,5,2,Testing,Low
1952,2025-10-08,2025-10-26,17.7,6.0,1,5,Other,Low
1953,2026-05-28,2026-06-17,30.8,8.0,7,2,Development,Medium
1954,2025-11-03,2025-11-07,37.9,5.0,6,9,Development,Medium
1955,2026-07-18,2026-08-09,18.8,5.0,5,1,Design,Low
1956,2026-06-16,2026-07-10,20.3,2.0,5,10,Development,Medium
1957,2025-10-15,2025-10-29,12.9,3.0,6,0,Other,Low
1958,2026-01-07,2026-01-27,14.8,7.0,3,8,Design,Medium
1959,2026-06-05,2026-06-21,29.6,5.0,5,-5,Other,Low
1960,2026-07-25,2026-08-26,19.8,4.0,2,5,Development,Low
1961,2026-04-20,2026-06-09,5.3,,7,1,Other,Low
1962,2026-08-23,2026-09-21,37.6,5.0,8,9,Other,High
1963,2026-02-21,2026-03-03,32.0,4.0,10,6,Design,Medium
1964,2026-01-06,2026-01-30,31.9,10.0,8,2,doc,High
1965,2026-05-26,2026-06-18,30.3,2.0,1,4,Design,Low
1966,2026-02-17,2026-04-18,19.5,10.0,2,4,Development,Medium
1967,2025-10-06,2025-10-05,27.1,6.0,7,8,Documentation,High
1968,2026-03-21,2026-05-03,35.9,10.0,2,8,Other,High
1969,2026-07-21,2026-07-30,38.3,3.0,3,2,Development,Low
1970,2025-10-19,2025-12-10,33.8,5.0,6,4,Design,Medium
1971,2026-05-26,2026-07-09,11.6,2.0,9,5,  Design,Medium
1972,2026-09-03,2026-09-13,641.5,9.0,10,6,Development,High
1973,2026-01-01,2026-01-18,5.8,,9,3,Development,Low
1974,2026-01-29,2026-02-12,1.0,,7,7,Development,Low
1974,2026-01-29,2026-02-12,1.0,,7,7,Development,Low
1976,2025-10-07,2025-10-14,9.9,3.0,6,-2,Development,Low
1977,2026-07-26,2026-07-29,21.2,9.0,12,6,Testing,Medium
1978,2026-04-13,2026-06-03,24.8,2.0,2,5,Testing,Low
1979,2026-05-07,2026-06-13,,8.0,4,5,Development,Medium
1980,2025-09-28,2025-11-03,889.8,2.0,9,6,Development,Medium
1981,2026-03-26,2026-03-31,25.7,3.0,6,6,Testing,Medium
1982,2026-08-31,2026-10-03,31.8,3.0,10,5,Other,Medium
1983,2025-10-29,2025-10-30,18.2,6.0,8,4,Testing,Medium
1984,2026-07-12,2026-07-09,12.5,2.0,9,1,Design,Low
1985,2025-09-16,2025-10-24,,10.0,8,1,Development,High
1986,2025-12-30,2026-01-03,12.5,7.0,0,4,Testing,Low
1987,2025-11-14,2025-11-30,22.6,9.0,7,10,Development,High
1988,2026-03-30,2026-05-11,37.3,8.0,4,10,Testing,Medium
1989,2025-11-19,2026-01-06,29.1,8.0,5,5,development,Medium
1990,2025-12-13,2026-01-20,35.0,4.0,9,5,Design,Medium
1991,2026-08-17,2026-10-06,35.7,10.0,5,6,Development,High
1992,2025-11-22,2025-12-12,14.8,6.0,8,9,Testing,High
1993,2026-05-28,2026-06-19,39.6,,1,4,Documentation,Low
1994,2026-02-11,2026-02-04,23.8,7.0,9,6,Documentation,Critical
1995,2026-01-22,2026-02-15,30.4,10.0,7,3,Other,High
1996,2026-01-28,2026-03-20,956.1,6.0,9,2,Development,Medium
1997,2025-10-13,2025-11-01,9.7,4.0,3,9,Design,Medium
1998,2026-02-19,2026-04-17,,7.0,5,10,Documentation,High
1999,2026-06-07,2026-07-12,13.3,5.0,9,7,Development,Critical
2000,2026-04-30,2026-06-26,13.8,6.0,2,10,Other,Medium
2001,2026-03-11,2026-03-31,21.4,,8,4,Design,Low
2002,2025-12-01,2025-12-29,25.7,7.0,0,-1,Testing,Low
2003,2026-01-09,2026-01-07,28.8,7.0,4,9,Other,Medium
2004,2026-01-08,2026-03-06,8.5,2.0,3,9,Documentation,Low
2005,2026-01-13,2026-02-19,12.4,4.0,3,8,development,Low
2006,2026-06-13,2026-07-03,3.6,3.0,1,7,Design,Low
2007,2026-04-24,2026-06-03,34.7,11.0,3,5,Development,High
2008,2026-02-17,2026-03-26,11.4,4.0,7,8,Design,Medium
2009,2026-06-08,2026-07-15,20.6,4.0,4,10,development,Medium
2010,2026-03-25,2026-05-03,5.8,5.0,9,1,Documentation,High
2011,2026-07-20,2026-08-21,34.0,3.0,0,9,development,Low
2012,2026-03-16,2026-03-31,38.8,1.0,10,3,Other,Medium
2013,2026-07-22,2026-09-01,36.6,2.0,4,10,Design,Medium
2014,2026-01-17,2026-03-18,28.0,5.0,5,7,Other,Medium
2015,2026-03-19,2026-04-22,9.9,11.0,8,3,Documentation,High
2016,2026-06-17,2026-07-04,25.6,6.0,10,8,Other,High
2017,2026-01-12,2026-03-11,28.6,9.0,1,9,Development,Medium
2018,2025-12-13,2026-01-24,12.1,7.0,1,9,Other,High
2019,2026-01-11,2026-01-30,16.5,3.0,5,0,Other,Low
2020,2026-07-31,2026-08-18,25.4,-1.0,3,1,Development,Low
2021,2026-06-11,2026-08-09,592.6,7.0,1,10,Testing ,Medium
2022,2026-05-21,2026-06-12,39.4,5.0,10,3,Design,Medium
2023,2025-09-22,2025-10-23,3.8,10.0,0,2,Documentation,Medium
2024,2026-03-30,2026-03-26,22.7,1.0,8,10,Testing,Medium
2025,2025-09-16,2025-10-03,2.6,3.0,2,7,Development,Low
2026,2026-03-10,2026-03-28,9.4,4.0,7,4,Testing,Medium
2027,2026-06-11,2026-07-26,20.8,4.0,4,8,DEV,Medium
2028,2026-05-16,2026-06-01,33.6,3.0,7,2,Documentation,Low
2029,2025-11-25,2025-12-08,18.6,0.0,6,6,DEV,Low
2030,2026-08-29,2026-09-04,14.6,8.0,10,4,Development,High
2031,2025-10-16,2025-11-29,14.0,2.0,3,5,Testing,Low
2032,2026-08-25,2026-10-14,23.7,6.0,6,3,Design,Medium
2033,2026-08-08,2026-10-03,13.7,6.0,2,6,Testing,Medium
2034,2025-10-15,2025-11-02,1.2,2.0,3,1,Other,Low
2035,2026-02-03,2026-02-12,,8.0,2,4,Design,Medium
2036,2025-12-30,2026-02-11,24.0,2.0,4,6,doc,Low
2037,2026-08-03,2026-09-21,29.4,4.0,8,8,Development,Medium
2038,2026-04-22,2026-06-19,5.0,9.0,7,7,Design,High
2039,2025-11-11,2025-11-05,26.6,7.0,9,6,Other,Critical
2040,2025-09-12,2025-11-04,,9.0,5,10,Testing,High
2041,2026-01-17,2026-03-05,31.4,4.0,12,8,Other,High
2042,2026-07-22,2026-08-14,24.5,8.0,5,4,Documentation,Medium
2043,2026-02-11,2026-02-16,13.8,2.0,5,0,Other,Low
2044,2026-05-29,2026-06-14,4.0,,8,2,development,Low
2045,2026-03-19,2026-05-07,10.0,8.0,4,-4,  Design,Low
2046,2025-11-13,2026-01-06,15.2,3.0,0,10,Testing ,Low
2047,2026-04-01,2026-03-31,12.2,9.0,1,9,Testing,Medium
2048,2025-10-24,2025-11-27,5.8,7.0,4,4,Testing,Medium
2049,2026-08-28,2026-09-16,6.7,4.0,8,4,doc,Medium
2050,2026-04-05,2026-05-02,6.5,4.0,9,6,Design,Medium
2051,2025-10-24,2025-10-25,10.4,5.0,12,7,Development,High
2052,2026-03-08,2026-04-25,,9.0,3,8,Development,High
2053,2026-02-04,2026-01-26,34.1,3.0,9,4,Other,Critical
2054,2026-02-11,2026-02-20,24.7,5.0,3,-4,Design,Low
2055,2025-12-12,2026-01-07,3.3,4.0,5,3,Development,Low
2056,2026-06-26,2026-07-21,32.6,2.0,4,6,development,Critical
2057,2026-07-27,2026-09-02,5.4,10.0,10,5,Documentation,Critical
2058,2026-07-01,2026-08-17,22.6,4.0,1,1,Testing,Low
2059,2026-07-18,2026-09-11,4.6,,2,3,Development,Low
2060,2026-09-11,2026-10-10,,1.0,5,6,Design,Low
2061,2025-12-17,2025-12-19,10.9,7.0,8,2,Documentation,Medium
2062,2026-01-23,2026-01-25,34.4,5.0,10,8,Other,High
2063,2026-07-20,2026-08-15,40.0,3.0,7,1,  Design,Medium
2064,2026-01-25,2026-01-30,22.5,7.0,1,8,Design,Medium
2065,2026-06-20,2026-07-16,,1.0,8,8,Other,Medium
2066,2025-10-22,2025-12-14,11.2,2.0,4,1,development,Low
2067,2026-01-16,2026-01-14,38.0,4.0,6,4,Testing,Medium
2068,2026-01-28,2026-02-05,3.4,7.0,1,0,Development,Low
2069,2026-03-14,2026-04-21,11.5,9.0,10,5,Testing,High
2070,2026-01-10,2026-01-12,29.2,1.0,1,9,Documentation,Low
2071,2026-05-26,2026-07-11,29.7,8.0,8,9,Documentation,High
2072,2025-12-27,2026-02-12,36.8,9.0,9,5,Testing,High
2073,2026-01-10,2026-02-04,26.7,2.0,4,3,Documentation,Low
2074,2026-08-26,2026-09-19,25.8,4.0,8,1,Development,Medium
2075,2026-02-23,2026-04-02,7.9,5.0,7,9,Other,Medium
2076,2026-04-14,2026-05-25,14.7,,10,4,Documentation,Low
2077,2025-12-10,2026-01-05,23.5,6.0,1,9,Documentation,Medium
2077,2025-12-10,2026-01-05,23.5,6.0,1,9,Documentation,Medium
2079,2026-07-18,2026-09-04,853.6,7.0,10,8,Design,High
2080,2025-10-27,2025-11-05,34.3,,9,10,Other,Low
2081,2026-03-04,2026-04-13,743.6,9.0,8,10,Development,High
2082,2026-01-03,2026-02-02,10.2,6.0,7,2,development,Medium
2083,2026-07-05,2026-07-07,30.2,7.0,2,1,Testing,Low
2084,2026-02-13,2026-02-21,17.7,9.0,10,6,Documentation,High
2085,2026-06-29,2026-08-05,28.7,3.0,3,8,Other,Low
2086,2026-07-22,2026-09-17,18.7,10.0,3,5,Other,Medium
2087,2026-04-11,2026-04-29,10.3,7.0,9,1,Development,Medium
2088,2026-02-06,2026-03-17,1.5,8.0,6,5,Development,High
2089,2025-09-20,2025-11-09,19.4,3.0,10,2,Other,Medium
2090,2026-05-15,2026-05-23,35.5,7.0,4,5,Development,Medium
2090,2026-05-15,2026-05-23,35.5,7.0,4,5,Development,Medium
2092,2026-03-20,2026-04-27,19.8,8.0,10,5,Other,High
2093,2025-11-28,2026-01-20,28.9,2.0,8,6,Documentation,Critical
2094,2026-03-15,2026-04-26,17.5,6.0,5,2,Development,Medium
2095,2026-03-11,2026-03-27,,3.0,3,10,Other,Medium
2096,2026-06-17,2026-06-20,27.5,4.0,8,6,Design,Medium
2097,2026-09-11,2026-09-12,558.9,,9,10,Other,Low
2098,2025-09-20,2025-11-16,16.1,11.0,2,0,Testing ,Medium
2099,2026-07-16,2026-08-30,10.6,7.0,4,0,Development,Medium
2100,2026-05-12,2026-05-22,21.4,,5,10,Documentation,Low
2101,2026-07-16,2026-09-04,34.1,10.0,7,3,,High
2102,2026-02-27,2026-03-30,12.6,1.0,5,1,Documentation,Critical
2103,2026-01-18,2026-01-09,31.7,1.0,2,4,  Design,Low
2104,2026-09-11,2026-09-30,486.6,1.0,7,6,Other,Low
2105,2026-06-21,2026-07-15,10.2,9.0,6,8,Documentation,High
2106,2026-05-15,2026-06-02,38.2,5.0,7,5,Testing,Medium
2107,2026-07-20,2026-09-17,6.8,9.0,3,8,Testing,High
2108,2026-01-28,2026-03-07,,5.0,6,8,Other,Critical
2109,2025-12-08,2026-01-29,33.8,3.0,4,5,Design,Low
2110,2026-06-12,2026-06-06,18.0,10.0,2,3,Other,Medium
2111,2025-09-15,2025-10-07,38.9,5.0,2,6,doc,Low
2112,2025-12-15,2026-02-12,32.0,6.0,3,3,Other,Low
2113,2026-09-09,2026-09-22,17.6,3.0,10,9,Testing,Critical
2114,2026-07-20,2026-09-06,33.6,8.0,10,1,Design,High
2115,2026-05-23,2026-07-06,21.9,6.0,3,10,Other,Medium
2116,2025-12-24,2026-01-28,10.7,10.0,4,9,development,High
2117,2026-04-20,2026-05-30,37.7,5.0,6,10,Design,Medium
2118,2026-08-21,2026-09-28,7.2,7.0,6,3,Documentation,Medium
2119,2026-07-19,2026-07-21,29.5,10.0,9,9,Other,Critical
2120,2025-11-06,2025-12-13,14.9,8.0,4,7,Other,Critical
2121,2026-05-24,2026-07-07,,4.0,8,1,Documentation,Medium
2122,2025-09-26,2025-10-09,1.5,8.0,4,2,DEV,Medium
2123,2026-04-21,2026-04-17,23.7,9.0,1,3,DEV,Medium
2124,2026-02-23,2026-03-06,12.9,6.0,5,2,Development,Medium
2125,2026-05-10,2026-06-11,538.7,1.0,6,5,Development,Low
2126,2026-08-23,2026-09-23,8.2,5.0,6,7,Development,Medium
2127,2025-11-28,2026-01-10,38.3,1.0,6,-2,DEV,Low
2128,2025-12-09,2026-01-20,1.5,5.0,6,0,Design,Low
2129,2026-03-22,2026-03-26,16.6,7.0,12,8,Design,Critical
2130,2025-10-17,2025-11-13,8.1,1.0,7,-1,Testing,Low
2131,2025-10-09,2025-12-02,38.4,10.0,100,0,Design,Critical
2132,2026-02-19,2026-04-10,17.6,8.0,100,5,Testing,Medium
2133,2026-05-29,2026-07-08,,8.0,2,1,Testing,Medium
2134,2026-05-17,2026-06-27,3.4,10.0,10,0,Testing,Low
2135,2026-02-11,2026-02-10,5.5,4.0,8,2,Development,Medium
2136,2026-03-31,2026-05-05,18.1,9.0,1,2,Other,Medium
2137,2026-08-30,2026-09-10,23.3,11.0,7,9,Design,Critical
2137,2026-08-30,2026-09-10,23.3,11.0,7,9,Design,Critical
2139,2025-09-23,2025-11-04,33.3,3.0,5,5,Documentation,Low
2140,2025-09-22,2025-10-24,21.7,,100,4,Documentation,Low
2141,2026-08-16,2026-08-22,24.8,8.0,3,2,Development,Medium
2142,2026-06-29,2026-08-12,28.4,5.0,1,-4,Development,Low
2143,2026-08-26,2026-10-12,21.9,,7,7,Other,Low
2144,2026-07-01,2026-08-04,5.4,5.0,6,5,Design,Critical
2145,2026-07-31,2026-08-06,22.5,1.0,1,1,Other,Low
2146,2026-01-07,2026-01-14,2.1,2.0,1,4,DEV,Low
2147,2025-11-20,2025-12-19,18.4,5.0,1,1,,Low
2147,2025-11-20,2025-12-19,18.4,5.0,1,1,,Low
2149,2026-08-17,2026-09-18,14.8,1.0,3,4,Testing,Low
2150,2026-05-18,2026-06-27,3.7,3.0,8,9,Documentation,Medium
2151,2025-09-23,2025-11-18,25.8,7.0,8,4,Testing,High
2152,2025-09-30,2025-11-18,26.9,5.0,5,3,Development,Medium
2153,2026-03-09,2026-05-06,9.9,10.0,8,6,Other,High
2154,2025-10-01,2025-11-20,33.6,8.0,8,10,Testing ,High
2155,2026-02-24,2026-03-02,23.7,,6,2,Development,Low
2156,2026-04-30,2026-06-06,22.5,5.0,4,7,Development,Low
2157,2026-08-14,2026-09-17,27.9,11.0,7,9,Design,Critical
2158,2026-08-04,2026-09-26,5.2,1.0,8,3,Other,Low
2159,2026-06-29,2026-07-26,14.2,8.0,3,-3,Testing,Low
2160,2026-01-08,2026-02-13,28.9,2.0,5,10,Other,Medium
2161,2026-09-10,2026-10-18,18.5,9.0,8,2,  Design,Medium
2162,2025-12-12,2025-12-07,6.2,3.0,7,8,Other,Medium
2163,2025-12-18,2026-01-18,11.5,8.0,2,0,doc,Low
2164,2025-11-19,2025-12-03,35.7,,10,7,Development,Low
2165,2026-05-07,2026-05-23,1.6,5.0,9,4,Testing,Medium
2166,2026-03-18,2026-05-16,39.3,7.0,3,3,Development,Medium
2167,2026-08-29,2026-09-20,21.0,4.0,1,2,Design,Low
2168,2026-01-30,2026-02-11,36.6,8.0,7,2,Documentation,Medium
2169,2026-06-08,2026-07-30,5.6,-1.0,3,7,Development,Low
2170,2026-04-02,2026-04-22,34.5,7.0,6,4,development,Medium
2171,2025-09-29,2025-10-21,37.6,9.0,7,0,Design,Medium
2172,2026-02-25,2026-04-12,30.6,9.0,9,7,Design,High
2173,2025-10-05,2025-11-18,24.9,8.0,3,2,Testing,Medium
2174,2025-12-19,2026-01-07,18.0,8.0,3,8,Design,Medium
2175,2026-01-19,2026-01-21,6.4,8.0,4,7,Development,Medium
2176,2026-05-19,2026-06-06,14.2,6.0,6,2,Testing,Medium
2177,2026-01-24,2026-03-11,2.7,6.0,10,0,Documentation,Medium
2178,2026-07-10,2026-08-02,32.5,1.0,3,0,Testing,Low
2179,2026-02-14,2026-04-02,27.5,8.0,8,4,  Design,High
2180,2026-08-08,2026-09-15,31.5,8.0,7,5,Development,High
2181,2025-12-23,2026-02-19,27.0,4.0,3,1,Testing,Low
2182,2026-03-16,2026-05-14,1.6,7.0,4,4,Other,Medium
2183,2026-04-23,2026-05-20,19.8,,6,1,Other,Medium
2184,2026-08-29,2026-09-14,20.4,15.0,4,6,Development,Critical
2185,2026-08-05,2026-08-04,15.0,8.0,4,7,Other,Medium
2186,2025-12-25,2025-12-30,37.1,7.0,6,9,Design,High
2187,2025-11-26,2026-01-02,15.0,6.0,4,6,Other,Medium
2188,2026-04-12,2026-06-08,33.7,9.0,6,5,,High
2189,2026-08-12,2026-10-09,21.4,3.0,2,5,development,Low
2190,2026-07-27,2026-09-24,12.2,3.0,4,-4,Documentation,Low
2191,2026-01-18,2026-02-20,22.1,1.0,6,3,Development,Low
2192,2026-04-20,2026-05-09,,10.0,7,10,Development,Critical
2193,2026-07-29,2026-09-25,,3.0,10,9,development,High
2194,2025-11-05,2025-11-11,36.5,3.0,7,-1,Development,Low
2195,2026-05-31,2026-07-18,39.1,9.0,8,3,Other,High
2196,2026-01-19,2026-02-15,594.4,3.0,2,2,Testing,Low
2197,2026-08-23,2026-09-30,22.6,9.0,1,10,Development,Medium
2198,2026-04-11,2026-04-22,33.1,10.0,1,1,Testing,Medium
2199,2025-09-21,2025-10-20,9.7,7.0,5,1,Development,Medium
2200,2025-11-28,2025-12-06,31.8,1.0,1,3,Development,Low
2201,2026-04-26,2026-05-13,17.5,2.0,9,6,Documentation,Medium
2202,2026-06-26,2026-08-21,6.5,15.0,4,0,Documentation,High
2203,2026-08-04,2026-09-28,39.1,15.0,1,9,Testing,Critical
2204,2026-09-01,2026-08-22,16.4,7.0,10,2,Testing,High
2205,2026-08-29,2026-10-16,21.2,,12,1,Development,Low
2206,2026-06-11,2026-06-25,32.1,9.0,5,8,Other,High
2207,2026-06-17,2026-07-09,0.7,3.0,6,2,Other,Low
2208,2026-03-14,2026-05-09,25.0,10.0,1,4,Testing,Medium
2209,2026-01-02,2026-03-02,28.6,10.0,4,3,Development,Medium
2210,2026-05-05,2026-06-08,17.1,9.0,8,4,DEV,High
2211,2026-08-24,2026-08-31,14.1,8.0,1,5,Development,Medium
2212,2026-04-28,2026-05-04,7.5,5.0,7,1,Documentation,Medium
2213,2026-08-28,2026-10-24,4.0,7.0,1,5,Design,Medium
2214,2026-05-03,2026-05-29,10.2,5.0,4,1,Development,Low
2215,2025-10-01,2025-11-14,39.7,6.0,7,-4,Development,Critical
2216,2026-07-04,2026-08-23,9.2,10.0,5,1,Documentation,Medium
2217,2026-02-25,2026-03-12,26.5,10.0,8,-1,Development,High
2218,2026-07-31,2026-09-28,1.8,4.0,5,0,Other,Low
2219,2026-06-08,2026-07-09,1.8,3.0,10,10,Development,High
2220,2026-03-15,2026-04-24,17.4,3.0,8,5,Testing,Medium
2221,2026-09-09,2026-09-17,37.2,2.0,8,4,Design,Medium
2222,2026-06-10,2026-07-24,16.7,4.0,7,8,Development,Medium
2223,2026-08-20,2026-09-18,,2.0,10,10,Documentation,Medium
2224,2026-05-13,2026-05-08,31.2,5.0,2,4,Testing,Low
2225,2026-06-28,2026-08-24,21.9,8.0,9,5,Documentation,High
2226,2025-10-10,2025-12-08,35.5,8.0,8,1,Other,Medium
2227,2026-08-10,2026-10-05,19.0,,10,0,Other,Low
2228,2026-07-13,2026-09-11,10.6,2.0,10,3,doc,Medium
2229,2026-06-16,2026-07-06,19.8,9.0,6,2,Documentation,Medium
2230,2026-01-02,2026-01-06,22.6,3.0,3,1,Other,Low
2231,2026-06-21,2026-07-17,38.9,15.0,7,2,Design,Critical
2232,2025-12-05,2026-01-28,39.9,7.0,9,1,Development,Medium
2233,2026-01-14,2026-01-04,1.3,,9,8,Documentation,Low
2234,2026-02-02,2026-03-12,1.9,1.0,9,8,Testing,Medium
2235,2026-01-04,2026-02-08,16.7,10.0,1,4,Design,Medium
2236,2026-01-29,2026-03-01,27.2,0.0,8,4,Other,Low
2237,2026-08-23,2026-09-14,30.3,15.0,7,3,DEV,Critical
2238,2026-05-05,2026-07-04,18.0,10.0,1,7,Design,Medium
2239,2026-03-01,2026-03-07,14.0,5.0,8,2,Other,Medium
2240,2025-11-22,2025-11-24,838.0,4.0,7,3,Documentation,Medium
2241,2026-05-03,2026-06-07,28.0,9.0,3,3,Testing,Medium
2242,2026-05-29,2026-06-13,28.8,1.0,100,2,Design,Critical
2243,2026-01-27,2026-01-23,35.5,2.0,9,8,Design,Medium
2244,2026-08-01,2026-09-12,22.1,5.0,8,8,Design,High
2245,2026-07-16,2026-08-12,15.7,,7,5,Testing,Critical
2246,2025-12-10,2026-01-09,6.7,6.0,3,7,Other,Medium
2247,2025-11-01,2025-12-18,21.3,10.0,100,9,Other,Critical
2248,2026-08-02,2026-08-04,4.2,10.0,7,5,Development,High
2248,2026-08-02,2026-08-04,4.2,10.0,7,5,Development,High
2250,2025-10-15,2025-11-25,2.0,4.0,8,1,Other,Medium
2251,2026-05-09,2026-06-16,24.8,1.0,6,2,Documentation,Low
2252,2026-03-16,2026-04-11,27.2,10.0,7,9,Design,High
2253,2026-06-02,2026-06-25,29.9,7.0,6,7,  Design,High
2254,2026-07-28,2026-07-25,37.8,7.0,4,2,Documentation,Medium
2255,2025-09-17,2025-09-28,8.6,8.0,4,1,Documentation,Low
2256,2026-08-26,2026-09-15,17.5,1.0,4,2,Design,Low
2257,2025-12-01,2026-01-11,26.7,10.0,5,6,Other,High
2258,2026-01-02,2026-01-29,37.5,6.0,9,4,Documentation,Medium
2259,2026-02-10,2026-03-19,10.6,4.0,4,8,Design,Medium
2260,2026-08-28,2026-09-22,36.8,0.0,5,7,doc,Low
2261,2026-05-14,2026-06-01,10.9,,9,3,Documentation,Low
2262,2026-06-28,2026-07-31,26.0,7.0,10,2,Testing,High
2263,2026-03-13,2026-04-08,7.5,2.0,7,-4,Development,Low
2264,2026-04-07,2026-04-26,0.5,1.0,7,4,Other,Low
2265,2026-08-02,2026-08-14,32.6,,10,6,Design,Low
2266,2025-12-29,2026-02-12,649.9,1.0,5,8,Testing,Low
2267,2025-12-08,2026-01-23,0.6,9.0,1,0,Design,Low
2268,2025-12-21,2025-12-20,883.6,8.0,9,5,Documentation,High
2269,2026-07-28,2026-09-05,23.3,7.0,6,-3,Other,Medium
2270,2025-11-21,2025-12-20,546.0,2.0,9,-3,Testing,Low
2271,2026-06-21,2026-08-15,28.8,6.0,100,6,doc,Critical
2272,2026-08-05,2026-08-23,6.9,10.0,5,-5,Testing,Medium
2273,2026-01-14,2026-02-17,15.7,5.0,7,1,Testing,Medium
2274,2026-07-07,2026-08-18,2.9,6.0,7,10,development,High
2275,2025-10-18,2025-10-24,26.9,4.0,10,3,Testing,Medium
2276,2025-12-26,2026-02-02,5.9,3.0,5,5,Other,Low
2277,2025-11-07,2025-12-30,1.3,7.0,10,8,Testing ,High
2278,2026-07-29,2026-09-16,,7.0,0,4,Other,Low
2279,2026-02-16,2026-04-14,3.5,2.0,9,4,Design,Medium
2280,2026-03-16,2026-03-09,,6.0,9,-4,Documentation,Medium
2281,2025-11-12,2025-12-26,22.1,10.0,8,9,Development,Critical
2282,2025-10-11,2025-10-01,37.2,8.0,3,3,Other,Medium
2283,2026-02-25,2026-04-23,14.1,,5,8,Documentation,Low
2284,2025-10-03,2025-11-29,23.5,,7,7,Development,Low
2285,2026-07-04,2026-08-08,0.8,10.0,5,6,Other,High
2286,2025-10-02,2025-11-13,,7.0,8,10,Testing,High
2287,2026-01-01,2026-01-15,949.3,5.0,4,5,Documentation,Medium
2287,2026-01-01,2026-01-15,949.3,5.0,4,5,Documentation,Medium
2289,2025-12-19,2026-01-08,35.2,2.0,1,2,Testing ,Low
2290,2026-03-27,2026-04-02,5.2,7.0,100,9,Testing,Critical
2291,2025-09-13,2025-10-22,317.4,5.0,4,4,Development,Medium
2292,2025-12-11,2026-01-12,11.0,4.0,8,7,Other,Medium
2293,2026-08-20,2026-08-27,17.4,4.0,8,9,Other,Low
2294,2026-08-22,2026-09-28,34.5,7.0,8,9,Documentation,High
2295,2026-03-11,2026-04-09,31.2,3.0,5,8,Other,Medium
2296,2025-10-27,2025-11-16,7.8,4.0,2,8,Testing,Low
2297,2026-05-08,2026-06-01,29.6,8.0,5,7,Documentation,High
2298,2025-12-10,2026-01-11,28.4,8.0,3,7,Development,Medium
2299,2026-02-25,2026-04-05,15.2,3.0,2,0,Design,Low
2300,2026-05-04,2026-05-21,25.6,7.0,5,9,Other,High
2301,2025-09-15,2025-10-03,8.9,10.0,2,10,Testing,High
2302,2026-04-24,2026-06-23,25.1,8.0,0,3,Design,Low
2303,2025-11-09,2025-12-27,28.2,7.0,9,1,Documentation,Medium
2304,2025-09-14,2025-11-05,5.1,3.0,5,6,Testing,Low
2305,2026-04-18,2026-04-21,8.8,3.0,10,8,  Design,Critical
2306,2026-07-14,2026-08-30,29.6,4.0,9,7,Documentation,Medium
2307,2026-05-22,2026-06-18,39.3,1.0,12,2,Other,Medium
2308,2026-06-12,2026-07-24,5.3,4.0,9,8,Other,Medium
2309,2026-07-06,2026-08-21,24.1,1.0,6,6,Development,Low
2310,2026-02-21,2026-02-16,39.5,0.0,5,5,Design,Low
2311,2026-07-28,2026-08-31,39.3,6.0,5,0,Testing,Low
2312,2026-01-13,2026-01-15,28.6,7.0,9,6,Other,High
2313,2025-12-04,2026-01-19,37.3,10.0,10,1,Documentation,High
2314,2026-03-24,2026-04-05,18.7,8.0,10,8,Testing,High
2315,2026-01-07,2026-02-15,476.5,9.0,100,4,Documentation,Critical
2316,2025-11-05,2025-12-19,34.1,1.0,0,9,Testing ,Low
2316,2025-11-05,2025-12-19,34.1,1.0,0,9,Testing ,Low
2318,2026-06-03,2026-06-20,6.7,-1.0,9,1,Documentation,Low
2319,2026-05-07,2026-06-22,12.8,10.0,2,7,Development,High
2320,2025-11-23,2026-01-05,18.4,10.0,2,-4,Documentation,Low
2321,2025-10-02,2025-10-26,15.8,3.0,6,7,,Medium
2322,2025-09-28,2025-10-11,35.1,2.0,6,9,  Design,Medium
2323,2026-06-11,2026-08-05,32.8,9.0,9,8,Other,High
2324,2025-12-18,2026-01-26,37.7,8.0,10,3,Testing,High
2325,2026-04-26,2026-04-30,8.4,8.0,6,4,Other,Medium
2326,2026-02-27,2026-04-21,11.0,2.0,4,7,Design,Low
2327,2026-07-08,2026-08-27,18.0,1.0,5,8,Design,Low
2328,2026-05-03,2026-05-05,32.3,9.0,1,7,Design,Medium
2329,2025-12-13,2026-01-08,7.9,4.0,7,8,Testing ,Medium
2330,2026-05-22,2026-05-26,35.1,-1.0,7,4,Design,Low
2331,2026-07-02,2026-08-05,21.6,7.0,5,7,Documentation,Medium
2332,2026-02-23,2026-04-12,,3.0,4,9,Design,Medium
2333,2026-08-16,2026-10-04,32.8,-1.0,100,0,Other,Critical
2334,2026-03-29,2026-04-18,10.9,8.0,8,3,Development,High
2335,2026-05-25,2026-06-23,15.2,8.0,4,0,Design,Medium
2336,2025-09-26,2025-09-29,19.0,9.0,7,0,Other,Medium
2337,2026-06-23,2026-07-09,16.3,0.0,3,7,Other,Low
2338,2026-04-13,2026-04-20,38.7,4.0,9,5,Other,Medium
2338,2026-04-13,2026-04-20,38.7,4.0,9,5,Other,Medium
2340,2026-08-21,2026-10-09,25.8,1.0,5,-5,Other,Low
2341,2025-10-17,2025-11-20,20.7,1.0,9,5,Documentation,Medium
2342,2026-04-20,2026-04-21,35.2,8.0,1,3,  Design,Medium
2343,2026-05-10,2026-06-30,39.4,2.0,9,9,Design,Medium
2344,2026-08-22,2026-10-04,13.0,4.0,0,0,Design,Low
2345,2026-03-21,2026-04-30,2.6,3.0,1,9,Other,Low
2346,2026-09-02,2026-10-25,36.5,7.0,1,0,Other,Low
2347,2026-08-13,2026-09-26,37.0,,10,1,Design,High
2348,2026-08-03,2026-09-07,2.0,7.0,3,0,Development,Low
2349,2026-05-14,2026-05-18,14.2,8.0,9,7,Testing,High
2350,2026-06-28,2026-08-13,27.4,2.0,2,7,Other,Low
2351,2026-07-04,2026-07-22,23.7,2.0,3,5,Documentation,Low
2352,2025-10-09,2025-10-31,23.9,9.0,7,9,Design,High
2353,2026-02-26,2026-04-19,33.1,9.0,10,5,Other,High
2354,2026-04-18,2026-05-07,,1.0,7,5,Design,Low
2355,2026-05-28,2026-06-19,3.6,0.0,8,5,Documentation,Low
2356,2026-04-26,2026-06-21,11.7,3.0,8,4,Testing,Medium
2357,2026-08-24,2026-08-23,35.0,10.0,9,9,Documentation,Critical
2358,2026-07-20,2026-07-29,22.8,8.0,6,3,Development,Medium
2359,2026-02-04,2026-03-16,1.3,3.0,3,10,Design,Medium
2360,2026-04-21,2026-04-29,8.5,1.0,5,5,Design,Low
2361,2026-03-24,2026-04-17,32.2,7.0,4,10,Documentation,High
2362,2025-11-03,2025-11-04,32.2,1.0,1,1,Design,Low
2363,2025-11-30,2025-12-11,773.8,4.0,9,0,Other,Medium
2364,2026-08-08,2026-09-04,,9.0,9,10,development,High
2365,2025-12-04,2025-12-10,495.2,1.0,5,-1,Testing,Low
2366,2026-02-03,2026-03-13,,4.0,8,10,Development,High
2367,2025-12-16,2026-01-14,30.2,8.0,4,4,Testing,Medium
2368,2026-04-12,2026-04-18,7.9,7.0,5,6,Development,Medium
2369,2026-06-05,2026-07-24,20.0,7.0,10,5,Other,High
2370,2026-04-11,2026-05-18,15.8,2.0,5,9,Other,Medium
2371,2026-07-27,2026-08-18,16.4,4.0,1,10,Other,Low
2372,2025-11-27,2025-12-15,23.8,9.0,2,8,Testing,Medium
2373,2026-05-11,2026-06-22,35.3,7.0,3,0,Testing,Low
2374,2026-04-27,2026-05-22,3.0,8.0,9,7,Development,High
2375,2026-03-29,2026-05-12,35.6,8.0,6,7,Other,High
2376,2026-03-16,2026-05-10,36.7,8.0,5,9,Documentation,High
2377,2026-08-25,2026-09-01,17.7,5.0,3,-3,Other,Low
2378,2026-07-23,2026-08-01,460.3,2.0,9,10,Testing ,Medium
2379,2026-05-15,2026-07-11,13.1,5.0,3,9,Documentation,Medium
2380,2026-05-31,2026-07-02,27.8,,4,1,development,Low
2381,2025-12-28,2026-01-02,19.9,,10,4,Design,Low
2382,2026-03-11,2026-03-13,5.7,,10,1,Design,Low
2383,2025-12-29,2026-01-01,34.8,8.0,6,0,Development,Medium
2384,2026-07-03,2026-08-08,11.9,4.0,2,7,Testing,Medium
2385,2026-07-10,2026-07-26,7.6,6.0,1,3,Documentation,Low
2386,2026-09-01,2026-09-11,13.4,7.0,3,10,Documentation,Medium
2387,2026-04-05,2026-04-06,14.6,7.0,1,0,Development,Low
2388,2026-08-01,2026-08-07,18.4,4.0,4,3,Testing,Low
2389,2026-09-04,2026-09-28,11.6,6.0,7,0,Other,Medium
2390,2026-07-19,2026-08-03,,7.0,7,5,Design,Medium
2391,2026-07-01,2026-07-21,819.1,6.0,9,5,doc,High
2392,2026-03-10,2026-03-25,8.5,6.0,6,3,Development,High
2393,2026-05-01,2026-06-30,25.8,8.0,100,0,DEV,Critical
2394,2025-10-29,2025-12-26,32.3,10.0,2,8,Other,High
2395,2026-01-28,2026-02-20,20.0,10.0,2,10,Design,High
2396,2026-03-03,2026-04-08,28.8,0.0,7,7,doc,Low
2397,2026-04-12,2026-04-06,32.2,6.0,6,5,Documentation,Medium
2398,2026-03-08,2026-03-03,34.8,6.0,3,9,Testing,Medium
2399,2025-10-24,2025-12-14,38.4,7.0,1,0,Testing,Low
2399,2025-10-24,2025-12-14,38.4,7.0,1,0,Testing,Low
2401,2025-11-15,2025-12-22,,8.0,0,7,Testing,Medium
2402,2025-10-05,2025-11-08,33.0,1.0,10,6,Development,Medium
2403,2025-10-16,2025-12-03,16.3,8.0,6,5,Other,High
2404,2026-06-19,2026-07-12,36.1,4.0,4,9,Documentation,Medium
2405,2025-10-04,2025-10-27,,2.0,5,8,Documentation,Low
2406,2025-12-04,2025-12-12,20.1,5.0,10,9,Design,High
2407,2025-12-12,2026-01-06,23.8,3.0,1,9,Documentation,Low
2408,2025-11-21,2025-12-16,4.9,15.0,10,5,Development,Critical
2409,2025-12-02,2025-12-16,,9.0,8,3,Design,High
2410,2026-08-16,2026-09-29,22.2,8.0,2,2,Other,Medium
2411,2026-07-12,2026-08-18,32.1,4.0,8,5,Development,Medium
2412,2026-04-24,2026-06-15,15.3,1.0,8,7,Other,High
2413,2026-07-10,2026-07-24,13.1,9.0,2,5,Development,Medium
2414,2026-01-20,2026-03-01,1.9,7.0,6,5,Testing,Medium
2415,2026-06-02,2026-06-29,35.7,1.0,9,0,Design,Low
2416,2025-10-18,2025-11-05,2.9,1.0,8,9,Other,Medium
2417,2025-11-17,2026-01-15,4.7,2.0,10,9,Testing,Medium
2418,2025-10-26,2025-11-19,38.2,5.0,2,5,Development,Low
2419,2026-03-07,2026-04-18,981.2,3.0,5,5,Design,Low
2420,2026-06-13,2026-08-06,28.5,10.0,3,3,Development,Medium
2421,2026-01-28,2026-02-16,15.7,10.0,5,0,Development,Medium
2422,2026-05-08,2026-06-11,3.5,6.0,4,1,Development,Low
2422,2026-05-08,2026-06-11,3.5,6.0,4,1,Development,Low
2424,2026-04-16,2026-05-18,3.2,10.0,5,1,Design,Medium
2425,2025-10-02,2025-10-28,32.2,6.0,10,1,Documentation,Medium
2426,2025-12-04,2026-01-15,26.8,9.0,1,2,Design,Medium
2427,2025-11-17,2025-12-29,26.2,10.0,5,4,development,High
2428,2025-12-24,2026-02-07,36.1,10.0,3,2,development,Medium
2429,2026-08-28,2026-09-17,6.5,9.0,5,8,Other,High
2430,2026-04-13,2026-05-28,18.8,10.0,7,10,Other,Critical
2431,2026-04-06,2026-05-21,5.4,6.0,3,8,Development,Low
2432,2026-07-04,2026-07-27,35.2,4.0,9,0,Testing,Medium
2433,2026-05-07,2026-06-02,3.7,3.0,0,4,Other,Low
2434,2026-01-26,2026-01-28,5.8,4.0,10,7,Documentation,High
2435,2026-04-11,2026-05-16,35.9,3.0,8,2,Development,Medium
2436,2026-03-07,2026-03-09,32.7,8.0,3,7,Testing,Medium
2437,2026-03-19,2026-03-24,32.5,10.0,10,6,Testing,Critical
2438,2026-06-10,2026-07-23,22.3,9.0,7,10,Documentation,High
2439,2026-09-02,2026-10-20,11.3,4.0,8,3,doc,Medium
2440,2026-08-07,2026-09-23,23.4,2.0,6,7,Design,Critical
2441,2025-10-12,2025-10-04,29.1,5.0,10,6,Design,High
2442,2025-09-17,2025-09-26,9.9,6.0,6,4,Design,Medium
2443,2026-03-07,2026-03-29,32.8,1.0,10,4,  Design,Medium
2444,2026-07-18,2026-09-02,4.4,8.0,2,6,Design,Medium
2444,2026-07-18,2026-09-02,4.4,8.0,2,6,Design,Medium
2446,2026-08-28,2026-09-29,35.4,3.0,3,7,Documentation,Low
2447,2025-09-14,2025-11-06,9.1,2.0,2,8,Other,Low
2448,2026-04-08,2026-05-26,30.1,2.0,3,5,Documentation,Low
2449,2026-05-24,2026-06-13,38.2,2.0,9,2,Development,Low
2450,2026-03-25,2026-05-02,27.1,,9,0,Documentation,Low
2451,2026-07-27,2026-09-24,,0.0,5,-5,Testing,Low
2452,2026-08-11,2026-09-16,18.1,4.0,2,9,Development,Medium
2453,2026-09-02,2026-10-14,20.1,4.0,3,6,Development,Low
2454,2026-02-22,2026-02-21,4.9,6.0,8,2,  Design,Medium
2455,2025-09-27,2025-11-10,38.4,8.0,2,1,Other,Medium
2456,2025-11-18,2026-01-03,34.0,7.0,8,1,Documentation,Medium
2457,2026-05-26,2026-06-01,23.2,3.0,100,0,Development,Critical
2458,2025-12-30,2026-02-01,3.8,8.0,4,8,Development,High
2459,2025-10-11,2025-10-31,2.1,2.0,8,8,Testing,Medium
2460,2025-12-10,2025-12-26,29.0,,5,3,Documentation,High
2461,2026-02-14,2026-03-07,35.9,,8,1,Testing,Low
2462,2026-06-09,2026-08-06,27.5,6.0,6,0,Other,Medium
2463,2026-01-22,2026-02-24,21.8,3.0,3,1,Development,Low
2464,2026-07-03,2026-07-04,1.4,5.0,2,2,Development,Low
2465,2026-01-04,2026-01-05,11.5,1.0,5,6,Other,Low
2466,2026-06-28,2026-07-07,12.4,8.0,5,6,Development,Medium
2467,2025-12-29,2026-02-17,,6.0,1,10,Development,Medium
2468,2026-03-04,2026-04-23,39.7,5.0,1,10,Design,Medium
2469,2026-07-23,2026-08-21,35.2,10.0,5,9,Documentation,Low
2470,2025-09-29,2025-10-05,30.8,3.0,5,6,Development,Low
2471,2026-01-18,2026-01-24,19.2,,8,2,Documentation,Low
2472,2026-08-29,2026-10-19,27.7,3.0,3,1,Design,Low
2473,2025-11-13,2026-01-10,,7.0,0,6,Testing,Low
2474,2026-07-09,2026-08-22,7.0,8.0,4,5,Other,Medium
2475,2026-02-07,2026-04-02,38.6,10.0,10,2,Development,High
2476,2026-03-28,2026-04-26,39.9,3.0,3,9,Other,Low
2477,2025-11-19,2026-01-01,1.7,3.0,9,3,Other,Medium
2478,2025-10-26,2025-12-07,21.0,8.0,8,8,Other,High
2479,2026-01-25,2026-02-18,31.7,3.0,5,7,Documentation,Medium
2480,2026-04-25,2026-05-12,10.2,5.0,1,6,Other,Low
2481,2025-12-07,2026-01-24,14.9,4.0,10,8,Design,High
2482,2025-11-18,2025-11-26,,1.0,6,5,Other,Low
2483,2026-02-02,2026-03-28,34.3,3.0,5,7,Documentation,Medium
2484,2026-07-21,2026-08-09,27.6,4.0,1,3,Other,Low
2485,2025-11-11,2025-12-15,11.1,9.0,3,3,Documentation,Medium
2486,2026-02-12,2026-03-06,12.6,6.0,6,8,Testing,Medium
2487,2026-07-19,2026-09-13,29.3,3.0,2,2,Design,Low
2488,2025-11-09,2025-12-05,36.6,2.0,5,10,Development,Medium
2489,2026-03-24,2026-03-31,641.4,2.0,1,2,Testing,Low
2490,2026-08-24,2026-10-05,25.6,3.0,9,2,Documentation,Medium
2491,2026-06-11,2026-06-25,11.0,4.0,8,2,Other,Medium
2492,2025-11-20,2026-01-12,5.2,,8,2,DEV,Low
2493,2025-09-21,2025-11-17,31.6,6.0,8,5,Development,Medium
2494,2026-09-10,2026-10-16,22.5,10.0,1,3,Documentation,Medium
2495,2026-05-19,2026-05-28,39.6,5.0,5,0,Testing,Low
2496,2026-03-05,2026-04-28,1.6,9.0,1,7,Development,Medium
2497,2026-07-31,2026-09-18,23.6,5.0,4,10,Other,Medium
2498,2026-05-15,2026-07-07,25.0,10.0,8,1,Documentation,High
2499,2026-06-19,2026-08-11,21.3,15.0,10,1,Development,Critical
2500,2026-04-22,2026-05-07,2.4,9.0,6,7,Other,High
2501,2025-11-16,2026-01-04,467.9,8.0,4,9,Documentation,High
2502,2026-02-05,2026-02-12,5.4,3.0,0,4,Design,Low
2503,2025-09-25,2025-10-21,19.7,4.0,10,9,Development,High
2504,2026-03-03,2026-03-06,35.8,7.0,6,7,Development,High
2505,2026-02-22,2026-04-23,25.8,5.0,9,3,Documentation,Medium
2506,2026-05-25,2026-05-29,327.9,2.0,5,10,Testing,Medium
2507,2026-05-09,2026-06-07,11.2,,100,6,Other,Low
2508,2025-11-20,2025-12-18,36.2,1.0,4,2,Testing,Low
2509,2026-07-14,2026-08-08,39.6,3.0,1,-3,Other,Low
2510,2025-11-16,2025-12-01,12.5,7.0,1,0,Design,Low
2511,2026-05-27,2026-07-05,,1.0,5,3,Documentation,Low
2512,2025-11-15,2025-12-13,21.7,10.0,8,7,Development,High
2513,2026-02-06,2026-01-29,15.4,4.0,8,-5,Other,Critical
2514,2026-04-20,2026-05-26,26.6,7.0,8,1,Documentation,Medium
2515,2026-09-09,2026-09-26,33.4,2.0,5,7,Design,Low
2516,2026-05-16,2026-06-02,29.5,8.0,4,10,Development,High
2517,2025-09-12,2025-11-07,32.1,3.0,10,0,Development,Medium
2518,2025-10-09,2025-10-28,37.9,6.0,8,10,Documentation,High
2519,2026-09-09,2026-10-06,33.6,2.0,5,10,Documentation,Medium
2520,2026-03-06,2026-04-22,16.3,7.0,12,8,Design,Critical
2521,2026-02-01,2026-03-30,7.8,1.0,10,7,Other,Medium
2522,2026-07-01,2026-07-21,6.1,,9,0,Other,Low
2523,2026-01-16,2026-01-31,17.6,1.0,8,6,Documentation,Medium
2524,2026-06-21,2026-06-27,2.7,0.0,4,0,Development,Low
2525,2025-12-26,2025-12-28,10.4,6.0,6,4,Other,Medium
2526,2026-04-24,2026-06-02,10.5,9.0,2,9,Testing,High
2527,2026-07-29,2026-08-20,16.2,10.0,4,3,Other,Medium
2528,2025-09-14,2025-10-19,10.4,9.0,6,6,Development,High
2529,2026-07-18,2026-09-15,5.6,10.0,8,2,Documentation,High
2530,2025-12-12,2026-01-09,14.8,10.0,7,9,Development,Low
2531,2026-01-02,2026-02-10,27.3,6.0,3,3,Documentation,Low
2532,2026-07-11,2026-09-01,3.5,,6,6,Design,Low
2533,2026-02-11,2026-02-21,,7.0,4,10,Other,High
2534,2026-07-07,2026-07-28,21.8,1.0,8,9,Design,High
2535,2026-08-12,2026-08-31,8.0,1.0,6,-1,Testing,Low
2536,2025-11-17,2026-01-13,31.8,,1,3,doc,Critical
2537,2025-12-01,2026-01-14,27.7,3.0,8,10,Documentation,Medium
2538,2026-02-21,2026-03-02,19.3,6.0,2,1,Documentation,Low
2539,2025-09-28,2025-10-12,23.3,10.0,8,2,Design,Low
2540,2026-05-05,2026-05-20,23.0,8.0,9,10,Other,High
2541,2026-01-27,2026-02-10,33.4,0.0,10,3,Development,Low
2542,2026-01-29,2026-02-14,31.6,2.0,3,1,Testing,Low
2543,2025-09-16,2025-10-28,13.3,-1.0,5,4,Documentation,Low
2544,2026-06-22,2026-07-29,17.0,0.0,1,7,Testing,Low
2545,2026-02-21,2026-03-09,18.7,,8,5,Development,Medium
2546,2026-03-06,2026-03-07,,,7,2,Documentation,Low
2547,2026-01-27,2026-02-15,22.3,3.0,5,10,Testing ,Medium
2548,2026-05-25,2026-07-10,15.5,7.0,9,1,Documentation,Medium
2549,2026-01-17,2026-01-31,39.5,11.0,8,10,Other,Critical
2550,2026-03-29,2026-03-30,,4.0,8,2,Documentation,Medium
2551,2025-10-21,2025-10-22,7.8,6.0,5,7,Design,Medium
2552,2025-10-19,2025-11-20,2.3,0.0,5,2,Documentation,Low
2553,2026-01-06,2026-02-13,5.3,4.0,3,10,Testing,Medium
2554,2026-08-27,2026-10-10,37.4,3.0,1,6,Other,Low
2555,2026-08-16,2026-09-15,8.9,5.0,7,9,  Design,Medium
2556,2026-02-20,2026-03-18,12.7,7.0,1,9,Testing,Medium
2557,2025-09-28,2025-11-25,21.4,3.0,7,7,Documentation,Medium
2558,2026-06-30,2026-08-28,13.4,3.0,5,6,Other,Low
2559,2026-08-15,2026-09-02,8.1,4.0,5,6,Development,Low
2560,2026-04-13,2026-05-31,22.1,9.0,9,6,Other,High
2561,2025-11-01,2025-11-19,24.4,1.0,10,8,Other,Medium
2562,2026-07-30,2026-08-19,34.1,4.0,4,8,Development,Medium
2563,2026-06-07,2026-07-04,32.3,4.0,8,3,Other,Medium
2563,2026-06-07,2026-07-04,32.3,4.0,8,3,Other,Medium
2565,2026-06-24,2026-08-15,,2.0,6,0,Testing,Low
2566,2026-05-25,2026-06-07,33.1,4.0,5,9,Development,Medium
2567,2026-05-10,2026-06-18,19.6,,10,0,Testing,Critical
2568,2026-04-02,2026-05-09,1.0,2.0,2,6,Testing,Low
2569,2026-04-15,2026-05-19,39.7,9.0,8,1,Documentation,High
2570,2026-07-16,2026-08-26,771.7,1.0,3,2,Design,Medium
2571,2025-12-20,2025-12-11,8.5,10.0,3,2,Other,Medium
2572,2025-11-09,2025-11-23,28.1,3.0,6,7,Design,Medium
2573,2026-06-21,2026-06-29,573.4,5.0,4,6,Development,Medium
2574,2026-02-19,2026-02-27,17.6,9.0,3,0,Development,Medium
2575,2026-05-04,2026-06-01,31.3,1.0,5,10,Design,Low
2576,2026-04-21,2026-04-22,8.3,5.0,1,0,Design,High
2577,2026-06-21,2026-07-18,18.1,8.0,7,7,development,High
2578,2026-08-31,2026-09-26,12.1,,4,0,DEV,Low
2579,2025-11-12,2025-11-28,5.9,1.0,9,2,development,Medium
2580,2026-06-06,2026-07-04,34.1,2.0,10,-5,Development,Low
2581,2025-10-02,2025-11-17,34.3,2.0,8,-2,Design,Low
2582,2025-11-26,2025-12-29,38.1,2.0,5,7,Other,High
2583,2026-08-02,2026-09-06,21.1,2.0,5,5,Documentation,Low
2584,2026-01-31,2026-02-05,13.9,7.0,2,9,Development,Medium
2585,2026-08-05,2026-09-05,18.9,3.0,4,4,Design,Low
2586,2025-12-28,2026-01-26,5.9,3.0,6,10,Other,Medium
2587,2026-01-13,2026-02-06,20.2,3.0,4,5,Development,Low
2588,2026-08-28,2026-10-07,20.4,4.0,9,6,Design,Medium
2589,2026-05-08,2026-05-23,30.5,6.0,4,8,Documentation,Medium
2590,2026-06-25,2026-07-17,34.7,5.0,7,0,Documentation,Medium
2591,2026-08-13,2026-09-27,4.1,4.0,6,6,Testing,Medium
2592,2026-02-10,2026-02-24,18.6,5.0,2,10,Testing,Medium
2593,2026-06-29,2026-07-06,11.0,5.0,6,4,Development,Medium
2594,2026-04-12,2026-05-23,15.5,6.0,10,6,Documentation,High
2595,2026-05-07,2026-05-26,24.1,8.0,8,5,Other,High
2596,2026-03-05,2026-04-11,14.7,1.0,2,10,doc,Low
2597,2025-11-25,2026-01-08,2.4,9.0,6,1,doc,High
2598,2026-04-12,2026-04-28,21.6,7.0,5,0,Development,Medium
2599,2026-09-06,2026-10-24,15.9,7.0,10,3,Design,High
2600,2026-06-29,2026-08-19,929.4,1.0,1,4,Design,Low
2601,2026-06-20,2026-06-29,8.0,1.0,1,7,Other,Low
2602,2025-12-25,2026-02-04,37.1,15.0,5,9,Testing,Critical
2603,2025-10-31,2025-11-25,32.7,8.0,5,0,Design,High
2604,2026-02-24,2026-02-16,19.8,9.0,2,5,Testing,Medium
2605,2026-04-01,2026-05-17,11.3,8.0,4,7,Other,Medium
2606,2026-08-29,2026-09-30,19.0,9.0,4,6,Testing ,High
2607,2026-03-08,2026-04-16,27.1,1.0,4,3,Documentation,Low
2608,2025-12-15,2026-01-20,24.9,7.0,10,5,Documentation,High
2609,2026-01-07,2026-01-13,3.9,11.0,3,6,Design,High
2610,2026-07-08,2026-07-31,2.9,10.0,6,3,Design,High
2611,2026-01-23,2026-03-02,33.0,7.0,6,5,Testing,Medium
2612,2025-11-30,2026-01-21,29.2,6.0,3,8,Documentation,Medium
2613,2025-10-20,2025-12-02,13.3,3.0,10,2,Other,Medium
2614,2026-02-05,2026-02-16,25.2,10.0,10,2,DEV,High
2615,2026-08-24,2026-08-28,30.5,2.0,5,9,Documentation,Medium
2616,2025-09-22,2025-09-27,8.5,8.0,4,9,Development,High
2617,2026-06-19,2026-06-18,6.1,4.0,7,8,Other,Medium
2618,2025-12-20,2026-01-14,39.9,4.0,9,-5,Other,Low
2619,2026-02-28,2026-02-24,33.2,4.0,6,1,Design,Low
2620,2026-02-04,2026-02-16,25.4,2.0,9,2,Development,Medium
2621,2026-01-07,2026-02-23,20.2,8.0,7,7,Design,High
2622,2026-08-14,2026-10-11,4.9,5.0,2,0,doc,Low
2623,2026-05-30,2026-06-03,29.4,4.0,2,10,Development,Medium
2624,2026-04-04,2026-05-25,,,1,6,  Design,Low
2625,2025-10-24,2025-12-11,12.6,7.0,7,8,Design,High
2626,2025-11-20,2025-11-24,11.6,6.0,3,10,DEV,Medium
2627,2026-03-12,2026-03-26,30.9,9.0,5,8,Development,High
2628,2025-11-15,2025-12-05,14.7,11.0,2,9,Documentation,High
2629,2026-04-13,2026-06-02,9.9,1.0,6,2,Other,Low
2630,2026-03-27,2026-05-23,,15.0,10,0,Other,Critical
2631,2026-08-21,2026-09-30,9.5,6.0,3,0,Other,Low
2632,2026-01-08,2026-01-11,20.1,7.0,0,1,Design,Critical
2633,2026-07-09,2026-08-26,907.3,6.0,8,10,Other,High
2634,2026-06-01,2026-07-20,16.3,9.0,2,10,  Design,High
2635,2026-03-19,2026-04-18,13.3,7.0,7,9,Development,High
2636,2026-05-13,2026-06-09,14.0,6.0,7,1,Other,Medium
2637,2026-06-09,2026-08-07,3.4,7.0,2,1,Documentation,Low
2638,2026-04-06,2026-05-25,15.8,5.0,10,8,Documentation,High
2639,2026-02-07,2026-02-11,20.0,0.0,3,5,Development,Low
2640,2026-09-10,2026-09-19,16.5,1.0,7,1,Development,Low
2641,2026-02-07,2026-03-23,33.6,6.0,7,-4,Development,Low
2642,2026-01-15,2026-03-04,18.5,5.0,10,1,Testing ,Medium
2643,2025-09-14,2025-09-11,1.2,5.0,3,4,Documentation,Low
2644,2026-07-09,2026-07-24,33.6,0.0,0,8,,Low
2645,2025-09-17,2025-10-09,39.4,2.0,4,10,Development,Medium
2646,2026-08-03,2026-09-23,32.5,7.0,7,10,Other,High
2647,2026-08-06,2026-08-17,34.0,5.0,4,10,Development,Medium
2648,2025-11-09,2025-11-11,19.9,4.0,2,2,Design,Low
2649,2025-09-25,2025-10-24,23.5,4.0,7,8,,Critical
2650,2026-04-20,2026-05-30,21.9,11.0,10,3,Testing,Critical
2651,2026-08-06,2026-08-24,17.9,10.0,7,6,Documentation,High
2652,2025-12-26,2026-01-06,28.3,7.0,10,10,Other,High
2653,2026-07-07,2026-08-12,23.4,5.0,6,6,Development,Medium
2654,2025-12-09,2026-01-06,13.9,1.0,10,5,Documentation,Medium
2655,2026-07-02,2026-08-08,38.9,6.0,10,6,Development,High
2656,2026-06-26,2026-06-28,4.7,4.0,9,0,Documentation,Medium
2657,2026-08-29,2026-10-26,25.5,9.0,2,9,Documentation,High
2658,2026-05-23,2026-05-25,18.0,5.0,7,7,Other,Medium
2659,2026-09-11,2026-10-24,19.9,4.0,8,5,Documentation,Medium
2660,2026-02-24,2026-04-04,,6.0,7,10,Testing,High
2661,2026-03-15,2026-04-17,5.4,6.0,2,9,Documentation,Medium
2662,2026-04-04,2026-05-06,35.8,10.0,1,1,Documentation,Medium
2663,2026-01-16,2026-01-17,,-1.0,1,8,Design,Low
2664,2025-09-14,2025-10-04,11.7,10.0,10,0,Design,High
2665,2025-12-15,2026-01-21,3.2,2.0,1,2,Other,Low
2666,2025-09-14,2025-10-25,269.2,1.0,6,0,Testing,Low
2667,2026-06-12,2026-07-11,29.7,4.0,3,8,Documentation,Medium
2668,2026-02-04,2026-01-28,33.7,6.0,2,4,DEV,Low
2669,2026-01-15,2026-02-19,12.0,4.0,0,6,Other,Low
2670,2025-09-27,2025-11-12,,7.0,3,7,Testing ,Medium
2671,2026-07-14,2026-09-05,3.6,7.0,8,6,Documentation,Medium
2672,2025-10-07,2025-11-15,1.8,3.0,8,7,Design,Medium
2673,2026-06-09,2026-08-02,,7.0,9,9,Testing,High
2674,2025-10-08,2025-11-02,30.2,4.0,5,6,Design,Medium
2675,2026-04-07,2026-05-06,7.5,5.0,5,8,Design,Medium
2676,2025-11-07,2025-11-11,32.7,2.0,2,5,Documentation,Low
2677,2025-12-08,2025-12-13,17.4,8.0,6,6,Other,Medium
2678,2026-05-28,2026-07-23,10.7,1.0,8,6,Other,Medium
2679,2026-03-20,2026-05-04,8.7,3.0,10,5,,Medium
2680,2026-08-04,2026-09-30,29.0,3.0,9,10,Testing,Medium
2681,2026-06-30,2026-07-25,21.3,3.0,9,6,Documentation,Medium
2682,2026-02-11,2026-02-23,39.9,1.0,9,4,Documentation,Low
2683,2026-02-13,2026-03-22,8.0,10.0,10,1,Testing,High
2684,2026-07-03,2026-08-17,,7.0,4,4,Development,Medium
2685,2026-03-22,2026-03-27,24.7,9.0,4,0,DEV,Medium
2686,2026-06-01,2026-06-12,17.5,5.0,1,7,Other,Low
2687,2026-07-23,2026-09-12,28.7,2.0,6,6,Other,Low
2688,2026-02-27,2026-04-09,17.8,0.0,10,5,Testing,Medium
2689,2025-10-20,2025-11-19,26.7,2.0,4,-1,Development,Low
2690,2026-02-23,2026-03-05,1.1,7.0,1,4,Documentation,Low
2691,2026-07-28,2026-08-13,26.3,1.0,2,1,Testing,Low
2692,2026-07-01,2026-07-25,12.6,1.0,6,6,Other,Low
2693,2026-07-21,2026-08-23,17.4,,7,10,Testing,Low
2694,2026-04-14,2026-04-16,18.0,6.0,10,6,Testing,High
2695,2026-08-31,2026-10-11,22.0,8.0,4,2,Documentation,Medium
2696,2025-09-28,2025-11-25,21.2,5.0,1,1,Development,Low
2697,2025-11-01,2025-11-03,26.6,,1,6,Design,Low
2698,2026-05-22,2026-07-11,30.7,10.0,6,1,Other,High
2699,2025-11-20,2025-11-21,7.6,9.0,3,-1,Design,Medium
2700,2026-02-24,2026-03-04,6.7,3.0,1,0,Testing,Low
2701,2025-11-09,2026-01-05,9.9,3.0,3,9,Testing,Low
2702,2026-05-18,2026-06-06,30.5,4.0,7,3,Other,Medium
2703,2025-11-29,2026-01-16,8.0,9.0,5,4,Testing,Medium
2704,2026-08-20,2026-10-11,,5.0,9,10,doc,High
2705,2026-07-10,2026-08-09,4.6,8.0,5,3,Development,Medium
2706,2026-05-07,2026-05-08,,6.0,9,8,Documentation,High
2707,2026-04-23,2026-05-19,0.7,7.0,1,7,Testing,Low
2708,2026-06-06,2026-07-15,25.8,3.0,10,0,Other,Medium
2709,2026-02-19,2026-02-12,28.5,8.0,7,4,Development,High
2710,2026-02-06,2026-03-09,18.7,9.0,6,6,Testing,High
2711,2025-12-23,2026-02-01,8.8,6.0,6,6,Other,Medium
2712,2026-06-12,2026-07-18,35.2,1.0,5,9,Design,Low
2713,2026-01-05,2026-03-02,34.3,,10,-2,Development,Low
2714,2026-02-25,2026-03-19,37.9,7.0,1,10,Design,Medium
2715,2026-02-19,2026-04-15,4.3,-1.0,2,7,Design,Low
2716,2026-05-26,2026-05-23,36.0,9.0,8,10,Other,Critical
2717,2025-12-27,2026-01-11,12.7,-1.0,6,8,Documentation,Low
2718,2026-06-30,2026-08-21,6.8,9.0,10,2,Other,High
2719,2025-12-26,2026-02-06,23.3,2.0,7,-1,Design,Low
2720,2026-03-25,2026-04-07,9.5,5.0,7,8,Other,Medium
2721,2026-01-03,2026-01-31,33.5,2.0,5,-5,Design,Critical
2722,2026-08-20,2026-10-09,5.4,5.0,1,9,Other,Medium
2723,2026-06-14,2026-07-17,13.5,3.0,4,4,Documentation,Low
2724,2026-06-28,2026-07-22,34.2,8.0,7,5,Documentation,High
2725,2026-01-19,2026-03-05,26.8,8.0,1,5,Other,Medium
2726,2025-10-16,2025-10-20,27.9,2.0,4,0,Development,Low
2727,2025-09-19,2025-09-18,6.7,1.0,0,1,Documentation,Low
2728,2026-06-29,2026-06-30,39.6,10.0,8,6,Design,High
2729,2025-09-21,2025-10-28,36.7,4.0,2,6,Testing,Low
2730,2026-01-31,2026-01-25,38.1,4.0,6,6,Documentation,Medium
2731,2026-04-21,2026-05-21,20.7,1.0,7,6,Development,Low
2732,2026-03-17,2026-03-14,3.1,10.0,8,2,Development,High
2733,2026-02-28,2026-03-26,11.8,,3,10,Development,Low
2734,2025-11-27,2025-12-19,7.1,7.0,8,0,Development,Medium
2735,2026-08-27,2026-09-25,5.1,8.0,9,5,Design,High
2736,2026-07-13,2026-07-12,14.2,8.0,0,5,  Design,Medium
2737,2026-04-29,2026-05-08,14.1,10.0,9,10,Design,Critical
2738,2026-02-20,2026-03-20,,3.0,6,1,Other,Low
2739,2026-03-11,2026-04-18,35.2,6.0,3,3,Design,Low
2740,2025-10-17,2025-10-15,20.0,2.0,5,1,Documentation,Medium
2741,2026-02-04,2026-02-20,6.1,5.0,8,-1,development,Medium
2742,2026-07-19,2026-09-04,24.8,1.0,9,10,Documentation,Medium
2743,2025-12-03,2026-01-31,29.2,2.0,7,7,Other,Medium
2744,2025-12-20,2026-01-10,32.4,1.0,9,-5,Testing,Low
2745,2026-08-31,2026-09-03,29.8,1.0,4,10,Documentation,Low
2746,2026-08-24,2026-08-31,40.0,15.0,7,-4,Development,High
2747,2026-04-17,2026-05-16,31.1,2.0,6,3,Testing,High
2748,2025-11-30,2025-12-17,27.8,2.0,7,-1,DEV,Low
2749,2026-05-03,2026-05-27,27.6,2.0,7,8,Testing,High
2750,2026-04-10,2026-05-13,30.3,2.0,6,-2,Other,Low
2751,2026-03-31,2026-05-27,5.5,8.0,5,8,Documentation,High
2752,2026-02-13,2026-02-27,23.0,6.0,6,1,Development,Medium
2753,2026-06-02,2026-06-22,1.9,5.0,5,10,Other,Medium
2754,2025-12-25,2026-01-06,,6.0,4,10,Documentation,Medium
2755,2026-02-01,2026-02-10,21.8,0.0,4,1,Other,Low
2756,2026-03-20,2026-04-30,33.5,1.0,3,0,  Design,Low
2757,2026-08-30,2026-10-06,34.8,,10,7,Design,Low
2758,2025-10-19,2025-11-04,1.7,4.0,2,6,Documentation,Low
2759,2025-10-21,2025-10-14,19.7,8.0,3,1,,Low
2760,2025-12-26,2026-02-12,22.5,2.0,8,7,Design,Medium
2761,2026-04-21,2026-05-12,9.4,3.0,6,7,Testing,Medium
2762,2026-01-27,2026-01-31,4.7,9.0,3,4,Documentation,Medium
2763,2026-03-03,2026-03-18,16.2,8.0,9,2,Development,High
2764,2026-04-19,2026-06-16,27.8,9.0,9,4,Documentation,Critical
2765,2026-05-10,2026-05-22,10.0,1.0,6,1,Documentation,Low
2766,2026-01-28,2026-03-03,3.2,10.0,7,6,Development,High
2767,2026-03-30,2026-04-18,13.5,3.0,2,8,Documentation,Low
2768,2026-03-26,2026-03-30,424.3,8.0,3,3,Other,Medium
2769,2026-04-16,2026-05-23,35.2,10.0,8,10,Testing,Low
2770,2026-08-28,2026-09-14,32.8,10.0,3,5,Other,Medium
2771,2025-11-18,2026-01-06,,8.0,1,0,Testing ,Low
2772,2025-09-22,2025-10-04,26.5,5.0,10,6,Testing,High
2773,2026-06-03,2026-06-26,5.4,6.0,4,4,Testing,Medium
2774,2026-01-18,2026-02-16,20.2,3.0,6,7,Testing,Medium
2774,2026-01-18,2026-02-16,20.2,3.0,6,7,Testing,Medium
2776,2025-11-14,2025-11-20,19.1,3.0,1,6,Other,Low
2777,2026-01-09,2026-02-04,28.5,8.0,5,1,Testing,Medium
2778,2026-02-25,2026-04-09,31.4,4.0,4,9,Testing,Medium
2779,2026-01-27,2026-03-25,8.7,8.0,2,10,Other,Medium
2780,2026-04-13,2026-06-06,37.9,2.0,7,9,Other,Medium
2781,2026-05-14,2026-06-20,34.5,6.0,5,9,Development,Medium
2782,2025-11-07,2025-12-03,16.3,1.0,4,1,Development,Low
2783,2026-05-03,2026-06-05,29.8,1.0,9,3,Design,Low
2784,2026-06-04,2026-07-19,30.1,4.0,6,7,Testing,Medium
2785,2025-11-19,2025-12-15,19.0,11.0,10,0,Testing,High
2786,2026-02-28,2026-04-08,13.4,3.0,8,-4,Testing,Low
2787,2026-05-27,2026-06-22,8.2,7.0,0,8,Design,Critical
2788,2025-09-23,2025-11-01,21.3,6.0,10,6,Documentation,High
2789,2026-03-10,2026-04-18,9.2,3.0,6,10,  Design,Medium
2790,2026-06-27,2026-08-02,28.7,4.0,6,8,Other,Medium
2791,2026-06-05,2026-08-02,16.7,3.0,5,7,Design,Medium
2792,2026-01-23,2026-03-22,4.6,,9,10,doc,Critical
2793,2026-04-07,2026-04-30,30.0,2.0,6,1,Other,Low
2794,2026-02-09,2026-03-13,10.8,2.0,8,8,Documentation,Medium
2795,2025-10-23,2025-12-11,37.5,8.0,10,3,Documentation,High
2796,2026-06-25,2026-08-24,36.8,2.0,2,2,Design,Low
2797,2025-12-31,2026-01-21,969.9,5.0,100,-2,  Design,Critical
2798,2025-10-19,2025-10-30,11.2,8.0,7,9,Design,High
2799,2026-07-27,2026-08-16,29.0,6.0,8,8,Documentation,High
2800,2025-11-12,2025-12-05,34.9,4.0,10,4,Other,Medium
2801,2026-02-02,2026-03-11,13.9,8.0,4,2,DEV,Medium
2802,2026-01-28,2026-03-27,31.5,2.0,10,7,Documentation,Medium
2803,2026-05-22,2026-06-03,2.1,1.0,1,5,Documentation,Low
2804,2026-03-10,2026-03-31,3.2,5.0,5,10,Documentation,Medium
2805,2025-11-04,2025-12-31,31.1,6.0,6,3,Design,Medium
2806,2025-11-17,2025-11-19,39.9,3.0,2,0,Other,Low
2807,2025-10-23,2025-12-04,6.3,8.0,8,6,Other,High
2808,2025-11-19,2025-12-22,34.8,7.0,12,7,Design,High
2809,2026-08-15,2026-09-03,14.9,,10,9,Development,Low
2809,2026-08-15,2026-09-03,14.9,,10,9,Development,Low
2811,2026-05-17,2026-07-01,16.5,9.0,5,0,Design,Medium
2812,2026-02-07,2026-02-12,13.1,8.0,6,9,Other,High
2813,2025-12-27,2026-01-16,,6.0,9,5,Documentation,High
2814,2026-07-02,2026-07-16,37.8,,1,3,Documentation,Low
2815,2026-08-10,2026-09-14,15.8,8.0,3,8,Testing,Medium
2816,2025-12-01,2025-12-09,38.4,5.0,8,3,  Design,Medium
2817,2025-12-16,2025-12-30,,9.0,7,8,Documentation,High
2818,2026-02-22,2026-04-06,37.4,6.0,6,7,Design,Medium
2819,2026-04-02,2026-05-21,35.6,3.0,1,2,Other,Low
2820,2025-12-06,2026-01-16,13.1,8.0,6,4,Documentation,Medium
2821,2026-09-02,2026-09-10,,6.0,8,4,Development,Medium
2821,2026-09-02,2026-09-10,,6.0,8,4,Development,Medium
2823,2026-02-05,2026-03-30,14.1,7.0,2,4,Testing ,Medium
2824,2026-08-20,2026-08-15,12.4,9.0,3,0,Other,Medium
2825,2025-10-14,2025-11-22,25.1,6.0,9,10,Documentation,High
2826,2026-04-16,2026-06-11,14.8,2.0,9,3,Design,Medium
2827,2026-05-02,2026-06-12,24.7,7.0,4,0,Development,Medium
2828,2025-09-14,2025-10-02,35.0,9.0,7,2,Development,High
2829,2026-03-04,2026-04-02,663.1,4.0,1,8,Documentation,Low
2830,2025-11-29,2026-01-26,,9.0,10,2,Design,Critical
2831,2026-05-02,2026-05-27,15.1,3.0,4,2,Other,Low
2832,2026-06-22,2026-08-18,37.2,10.0,8,0,Other,High
2833,2026-01-24,2026-03-23,9.2,8.0,7,-3,Development,Medium
2834,2026-05-06,2026-07-03,2.0,2.0,7,5,Other,Low
2835,2026-02-12,2026-03-03,15.1,-1.0,8,4,Documentation,Low
2836,2025-11-08,2025-12-14,18.0,6.0,5,7,Development,Medium
2837,2025-10-10,2025-10-30,33.9,1.0,7,3,Design,Low
2838,2026-02-27,2026-03-12,37.8,2.0,5,5,Development,Low
2839,2026-07-07,2026-08-17,6.1,1.0,9,0,Design,Low
2840,2026-06-16,2026-07-15,3.3,4.0,3,3,Development,Low
2841,2026-02-16,2026-03-17,6.6,8.0,7,6,Design,High
2842,2026-07-11,2026-09-04,15.7,8.0,10,9,Other,Critical
2843,2026-06-01,2026-06-24,20.0,7.0,5,9,Development,High
2844,2026-02-17,2026-04-16,20.3,1.0,7,3,Documentation,Low
2844,2026-02-17,2026-04-16,20.3,1.0,7,3,Documentation,Low
2846,2026-08-22,2026-09-27,9.3,6.0,2,1,Design,Low
2846,2026-08-22,2026-09-27,9.3,6.0,2,1,Design,Low
2848,2026-07-05,2026-08-30,24.1,10.0,6,1,Testing ,High
2849,2026-05-12,2026-06-16,14.7,2.0,10,0,Documentation,Critical
2850,2026-05-15,2026-06-07,517.3,7.0,3,4,Documentation,Medium
2851,2026-06-30,2026-07-22,31.4,3.0,7,1,Testing,Low
2852,2026-07-10,2026-08-13,3.6,10.0,8,0,Other,High
2853,2025-11-28,2025-12-29,7.8,9.0,6,-1,Other,Critical
2854,2025-10-03,2025-10-11,18.0,4.0,8,4,Other,Low
2855,2026-06-25,2026-06-24,31.7,3.0,1,10,Design,Low
2856,2026-03-29,2026-04-27,28.8,10.0,4,3,Design,Medium
2857,2026-05-29,2026-07-05,27.3,6.0,2,10,Testing,Medium
2858,2026-04-14,2026-06-10,9.8,15.0,6,7,Development,Critical
2859,2025-11-23,2025-12-11,9.1,10.0,4,5,Design,High
2860,2026-03-24,2026-04-28,2.0,8.0,1,0,Development,Low
2861,2025-10-25,2025-12-15,14.8,9.0,0,1,Design,Low
2862,2026-04-30,2026-04-29,524.2,0.0,4,0,Documentation,Low
2863,2026-02-28,2026-04-06,39.6,3.0,7,3,Documentation,Low
2864,2026-06-25,2026-06-26,268.5,10.0,5,4,,High
2865,2025-11-23,2025-12-29,915.9,,6,7,Testing,Low
2866,2026-02-11,2026-03-07,3.9,4.0,5,10,Testing,Medium
2867,2025-12-17,2026-01-11,4.4,6.0,1,9,Testing,Medium
2868,2026-01-28,2026-03-12,2.2,8.0,3,7,Other,Medium
2869,2026-01-03,2026-02-16,6.9,6.0,9,8,Development,High
2870,2026-05-08,2026-05-15,38.3,11.0,5,4,Other,High
2871,2026-04-09,2026-05-08,36.7,8.0,8,4,development,High
2872,2026-04-01,2026-04-22,21.9,1.0,1,10,Development,Low
2873,2026-07-29,2026-08-23,26.2,,3,8,Development,Low
2874,2025-10-15,2025-10-26,,6.0,7,6,Development,Low
2875,2025-10-15,2025-12-13,34.3,1.0,8,2,Development,Low
2876,2026-05-30,2026-07-14,38.4,2.0,5,7,Design,Low
2877,2026-07-01,2026-08-19,5.5,1.0,5,1,Documentation,Low
2878,2026-08-15,2026-10-06,24.1,6.0,4,6,Testing,Critical
2879,2026-05-04,2026-06-22,4.4,5.0,6,-5,Design,Low
2880,2026-05-26,2026-07-25,37.3,5.0,4,10,  Design,Medium
2881,2026-08-20,2026-09-24,33.5,8.0,1,8,Development,Medium
2882,2026-03-31,2026-04-18,19.8,4.0,4,10,Other,Medium
2883,2025-11-08,2025-11-15,20.3,6.0,2,7,Design,Low
2884,2026-05-26,2026-06-01,5.1,7.0,8,0,Design,Medium
2885,2025-10-11,2025-10-14,19.6,9.0,5,2,Other,Medium
2886,2025-11-06,2026-01-03,3.5,2.0,6,0,Documentation,Low
2887,2025-10-17,2025-11-26,,1.0,4,1,Development,Low
2888,2025-11-08,2025-12-14,33.1,4.0,3,7,Design,Medium
2889,2026-03-20,2026-05-17,17.3,2.0,5,4,Documentation,Low
2890,2026-07-01,2026-08-12,28.1,3.0,2,4,Development,Low
2891,2026-01-31,2026-03-30,4.9,8.0,10,5,,High
2892,2026-07-05,2026-08-29,9.4,1.0,10,10,Documentation,Medium
2893,2025-11-06,2025-11-25,7.7,10.0,3,10,Other,High
2894,2025-11-18,2025-12-04,4.5,2.0,4,0,Testing,Low
2895,2026-08-21,2026-09-07,23.3,5.0,2,2,Testing,Low
2896,2026-08-26,2026-10-16,30.2,8.0,10,9,Development,Critical
2896,2026-08-26,2026-10-16,30.2,8.0,10,9,Development,Critical
2898,2026-03-16,2026-04-14,8.6,2.0,2,8,Documentation,Low
2899,2025-10-31,2025-12-09,3.2,4.0,8,4,Other,Medium
2900,2026-05-09,2026-05-22,11.5,4.0,2,3,Design,Low
2901,2026-04-09,2026-04-30,17.9,1.0,0,5,Other,Low
2902,2026-04-30,2026-05-07,31.3,,3,3,Design,Medium
2903,2025-12-13,2026-01-13,22.4,6.0,6,1,Documentation,Medium
2904,2026-05-15,2026-05-18,1.1,8.0,7,3,doc,Medium
2905,2026-02-04,2026-02-11,23.8,4.0,0,1,Design,Low
2906,2026-01-03,2026-02-02,,8.0,4,-5,Other,Low
2907,2026-09-05,2026-11-03,5.6,2.0,5,4,  Design,Low
2908,2026-05-11,2026-07-07,13.2,6.0,10,0,Testing,Medium
2909,2026-01-30,2026-02-07,32.7,1.0,8,10,Development,Medium
2910,2025-09-18,2025-11-16,4.4,7.0,5,6,Documentation,Medium
2911,2025-12-11,2026-02-02,10.9,1.0,5,10,Development,Low
2912,2025-09-24,2025-10-21,39.5,,1,6,Design,Low
2913,2026-05-11,2026-05-10,906.5,2.0,1,10,Documentation,Low
2913,2026-05-11,2026-05-10,906.5,2.0,1,10,Documentation,Low
2915,2026-05-05,2026-05-23,14.7,1.0,1,-3,Testing ,Low
2916,2026-03-13,2026-04-12,31.8,9.0,6,6,doc,High
2917,2026-04-21,2026-04-30,17.2,0.0,8,1,doc,Low
2918,2026-07-20,2026-08-14,27.4,9.0,6,9,DEV,High
2919,2026-01-31,2026-04-01,31.1,7.0,8,7,Documentation,High
2920,2026-07-23,2026-09-06,9.5,4.0,8,0,Design,Medium
2921,2025-12-25,2026-01-13,24.0,9.0,3,4,Other,Medium
2922,2026-08-09,2026-10-03,10.1,3.0,5,9,Testing,Medium
2923,2026-03-30,2026-04-05,11.0,9.0,10,0,Other,High
2924,2025-12-08,2026-01-03,38.8,5.0,9,0,Documentation,Medium
2925,2025-10-06,2025-11-27,32.2,8.0,8,5,Testing,High
2926,2025-12-11,2026-01-08,21.8,8.0,8,6,Other,Low
2927,2026-03-10,2026-05-03,14.0,10.0,8,9,Development,Critical
2928,2026-01-26,2026-02-03,,7.0,4,9,Documentation,Medium
2929,2026-04-23,2026-05-24,36.7,5.0,12,7,Development,High
2930,2026-09-03,2026-09-27,11.6,1.0,10,8,Design,Medium
2931,2025-10-25,2025-11-11,11.1,5.0,6,10,Documentation,Medium
2932,2025-09-24,2025-10-06,,6.0,100,3,Documentation,Critical
2933,2026-01-15,2026-02-25,31.1,10.0,9,7,Other,Critical
2934,2026-06-24,2026-08-05,32.8,,7,8,Other,Low
2935,2025-09-29,2025-10-16,25.8,5.0,6,-2,Documentation,Low
2936,2026-05-21,2026-07-16,27.4,5.0,7,9,Other,Medium
2937,2025-09-29,2025-10-21,,8.0,6,5,  Design,High
2938,2025-11-03,2025-11-07,20.6,8.0,1,3,Design,Medium
2939,2026-07-02,2026-08-21,9.7,7.0,3,4,Development,Medium
2940,2026-03-02,2026-04-12,24.6,3.0,5,4,development,Low
2941,2025-12-03,2026-01-11,10.9,10.0,2,0,Testing,Medium
2942,2026-08-13,2026-09-21,39.4,10.0,4,4,Other,High
2943,2026-03-14,2026-04-27,39.9,9.0,7,7,Other,High
2944,2026-05-11,2026-05-08,19.3,2.0,10,1,Design,High
2945,2026-06-24,2026-08-03,11.5,5.0,9,7,doc,High
2946,2026-01-06,2026-01-22,35.2,5.0,2,8,Documentation,Medium
2947,2026-05-04,2026-06-08,24.9,-1.0,3,9,Documentation,Low
2948,2026-04-21,2026-05-12,3.4,3.0,0,0,Development,Low
2949,2026-04-22,2026-06-06,2.7,7.0,9,4,Testing,High
2950,2026-08-03,2026-08-27,3.0,-1.0,9,6,Testing,Low
2951,2026-05-23,2026-07-07,,2.0,8,3,  Design,Low
2952,2025-12-31,2026-01-01,4.6,8.0,4,9,Development,Low
2953,2026-04-17,2026-05-14,33.2,10.0,3,10,Development,High
2954,2026-05-29,2026-06-20,27.9,7.0,6,4,Other,Medium
2955,2026-01-14,2026-03-09,34.2,1.0,6,5,Development,Low
2956,2026-03-29,2026-05-27,36.9,1.0,3,9,Design,Low
2957,2026-01-02,2026-02-10,2.5,9.0,6,5,Development,High
2958,2026-04-07,2026-04-24,15.8,9.0,2,7,Design,Medium
2959,2026-06-23,2026-07-25,5.1,2.0,6,0,Other,Low
2960,2026-03-27,2026-04-28,,8.0,7,5,Design,High
2961,2026-04-12,2026-04-30,25.2,3.0,8,0,Development,Low
2962,2026-08-10,2026-08-18,26.9,3.0,5,7,DEV,Medium
2963,2025-11-28,2025-12-06,35.0,8.0,9,10,  Design,High
2964,2026-05-23,2026-06-29,27.0,8.0,2,5,Documentation,Medium
2965,2026-08-29,2026-09-26,,8.0,2,8,Development,Medium
2966,2025-12-03,2026-01-05,15.0,2.0,7,7,Documentation,Medium
2967,2026-07-27,2026-08-07,7.5,5.0,2,0,Other,Low
2968,2026-06-23,2026-07-05,25.1,4.0,8,4,Development,Medium
2969,2026-07-22,2026-09-10,,5.0,8,6,Other,Medium
2970,2026-07-28,2026-09-16,30.3,1.0,7,0,Other,High
2971,2025-10-11,2025-10-09,35.1,1.0,7,7,Testing ,Low
2972,2025-10-29,2025-11-06,36.0,7.0,3,6,Design,Medium
2973,2026-06-06,2026-06-10,14.7,7.0,4,0,Testing,Medium
2974,2026-08-20,2026-10-18,,1.0,9,7,Other,Medium
2975,2025-12-12,2026-01-22,35.7,1.0,7,8,Design,Medium
2976,2026-05-12,2026-06-30,22.8,1.0,1,5,Documentation,Critical
2977,2026-02-28,2026-04-25,10.2,1.0,8,0,Design,Low
2978,2026-08-14,2026-08-15,26.4,3.0,7,1,Development,Low
2979,2026-04-01,2026-05-22,,10.0,6,5,Testing,High
2980,2026-09-12,2026-09-24,1.5,3.0,1,5,Testing,Medium
2981,2026-03-12,2026-05-05,2.7,3.0,2,7,Documentation,Low
2982,2026-03-20,2026-03-14,39.3,2.0,5,0,Development,Low
2983,2026-09-01,2026-10-31,20.0,1.0,6,6,Testing,Low
2984,2026-01-13,2026-02-22,31.1,10.0,4,9,Other,High
2985,2026-06-13,2026-07-22,,6.0,7,7,Testing ,Medium
2986,2026-05-31,2026-07-10,24.8,6.0,2,6,Design,Medium
2987,2026-05-29,2026-06-21,8.2,6.0,10,4,Documentation,High
2988,2026-08-27,2026-10-04,4.8,4.0,2,9,Documentation,Medium
2989,2026-05-13,2026-07-01,,5.0,4,3,Other,Low
2990,2025-10-09,2025-10-10,13.3,3.0,5,-3,Other,Low
2991,2026-02-05,2026-03-07,,3.0,3,7,Other,Low
2992,2026-02-13,2026-03-08,39.8,1.0,9,2,Development,Low
2993,2025-11-05,2025-12-13,12.1,8.0,9,6,development,High
2994,2025-10-12,2025-11-08,16.4,3.0,2,8,Documentation,Critical
2995,2026-02-20,2026-03-25,21.2,3.0,1,2,Other,Low
2996,2025-12-29,2026-01-26,3.5,3.0,5,9,Documentation,Medium
2997,2026-05-24,2026-06-29,369.5,1.0,6,4,Other,Low
2998,2026-08-21,2026-10-12,35.9,4.0,6,7,Testing,Medium
2999,2026-05-25,2026-06-27,17.2,7.0,6,9,Documentation,High
3000,2025-10-20,2025-10-12,0.8,8.0,6,3,Testing,Medium
3001,2025-12-17,2025-12-19,35.9,6.0,2,7,Development,Medium
3002,2026-07-13,2026-08-25,39.3,10.0,5,1,Other,Medium
3003,2026-08-24,2026-10-19,16.6,9.0,1,7,Documentation,Medium
3003,2026-08-24,2026-10-19,16.6,9.0,1,7,Documentation,Medium
3005,2026-01-29,2026-02-25,6.0,8.0,6,5,Design,High
3006,2026-04-12,2026-05-04,17.2,10.0,10,7,Documentation,Critical
3007,2026-02-03,2026-02-10,31.1,9.0,4,10,Testing,High
3008,2026-06-01,2026-07-14,21.2,6.0,5,8,Testing,Medium
3009,2026-07-30,2026-08-23,20.1,1.0,5,10,Design,Low
3010,2026-02-14,2026-03-01,0.7,1.0,3,6,Documentation,Low
3011,2026-02-02,2026-03-13,22.9,1.0,0,5,Other,Low
3012,2026-04-06,2026-04-22,,11.0,3,7,Testing,High
3012,2026-04-06,2026-04-22,,11.0,3,7,Testing,High
3014,2026-06-12,2026-06-21,27.2,8.0,4,3,Documentation,Medium
3015,2026-02-20,2026-02-27,,9.0,7,1,Documentation,High
3015,2026-02-20,2026-02-27,,9.0,7,1,Documentation,High
3017,2026-08-26,2026-09-22,6.3,7.0,5,9,Documentation,High
3018,2025-10-03,2025-10-26,455.6,8.0,5,6,doc,Medium
3019,2026-03-16,2026-05-09,38.2,8.0,10,8,Design,High
3020,2026-08-13,2026-08-18,35.3,9.0,3,0,Development,Medium
3021,2026-05-17,2026-05-13,39.9,8.0,5,4,Testing,Medium
3022,2025-09-30,2025-10-28,36.6,5.0,1,7,Testing,Low
3023,2026-02-23,2026-04-23,6.4,9.0,5,0,Development,Critical
3024,2026-04-16,2026-05-26,23.4,7.0,3,8,Testing ,Medium
3025,2026-01-15,2026-01-19,34.7,9.0,1,5,Other,Medium
3026,2025-12-16,2025-12-31,39.5,6.0,3,3,Design,Low
3027,2026-01-16,2026-02-18,16.9,2.0,4,9,Testing,Low
3028,2025-10-12,2025-12-06,1.3,2.0,3,1,Testing,Low
3029,2026-07-26,2026-08-28,404.6,9.0,4,10,Development,High
3030,2026-08-29,2026-10-08,26.0,,3,3,Documentation,Low
3031,2025-10-11,2025-12-07,5.6,3.0,12,0,Documentation,Medium
3032,2025-12-22,2026-02-03,28.2,10.0,7,3,Development,High
3033,2026-04-24,2026-06-19,23.7,9.0,8,9,Testing,High
3034,2025-11-07,2025-10-31,14.4,10.0,8,7,Other,High
3035,2026-07-24,2026-08-15,8.1,8.0,4,10,Design,High
3036,2026-02-28,2026-04-09,30.1,7.0,1,0,Development,Low
3037,2026-04-08,2026-05-28,35.6,8.0,1,10,Testing ,Medium
3038,2026-08-16,2026-10-06,4.3,6.0,8,6,Testing,High
3039,2025-10-23,2025-12-15,28.5,8.0,7,2,Other,Medium
3040,2026-06-05,2026-07-23,7.0,4.0,3,0,Documentation,Low
3041,2026-04-07,2026-04-27,24.5,2.0,10,4,Other,Medium
3042,2025-10-14,2025-11-24,8.5,10.0,3,7,Development,High
3043,2026-05-18,2026-06-14,0.7,6.0,9,1,Development,Medium
3044,2026-07-29,2026-08-26,39.9,10.0,5,5,Development,High
3045,2026-01-20,2026-03-12,,11.0,5,0,Development,Medium
3046,2026-03-06,2026-03-31,18.7,7.0,8,2,Documentation,Medium
3047,2026-08-13,2026-09-10,24.8,3.0,1,4,Documentation,Low
3048,2026-04-06,2026-05-17,,2.0,6,7,Development,Medium
3049,2026-04-14,2026-05-23,,9.0,7,3,doc,High
3050,2026-03-16,2026-04-16,33.8,2.0,1,7,doc,Low
3051,2025-10-11,2025-11-21,19.0,4.0,10,6,Other,Medium
3052,2026-08-19,2026-09-06,33.2,3.0,9,8,Documentation,Medium
3053,2026-01-15,2026-02-21,36.3,4.0,10,8,Other,High
3054,2026-01-27,2026-03-27,37.6,1.0,8,5,Design,Low
3055,2026-07-15,2026-07-28,32.2,8.0,2,5,Other,Medium
3056,2025-12-12,2026-01-16,12.1,5.0,2,7,,Medium
3057,2025-10-04,2025-11-16,9.1,10.0,4,8,DEV,High
3058,2025-11-04,2025-11-11,3.4,10.0,1,7,Design,Medium
3059,2025-11-10,2025-12-30,32.3,-1.0,4,2,Other,Low
3060,2025-09-17,2025-09-22,27.6,9.0,1,6,Development,Medium
3061,2025-12-19,2026-02-11,34.5,7.0,7,7,Testing,High
3062,2026-09-11,2026-11-06,22.5,,6,4,Development,Low
3063,2026-01-07,2026-02-14,13.2,5.0,1,3,development,Low
3064,2026-02-13,2026-03-08,24.6,3.0,10,7,Development,Medium
3065,2026-03-19,2026-05-18,39.8,-1.0,3,6,Design,Low
3066,2026-06-30,2026-08-18,30.5,11.0,3,2,Design,Medium
3067,2025-09-22,2025-10-27,4.1,1.0,6,5,Other,Low
3068,2026-03-07,2026-03-14,22.1,6.0,4,3,Development,Medium
3069,2026-01-02,2026-02-01,7.1,4.0,4,2,DEV,Low
3070,2026-01-08,2026-03-06,37.8,1.0,4,0,Design,Low
3071,2026-03-30,2026-04-02,12.5,10.0,1,10,Other,High
3072,2026-03-19,2026-05-06,8.0,8.0,12,2,Design,High
3073,2026-05-24,2026-06-27,481.3,3.0,4,10,  Design,Medium
3074,2026-09-02,2026-09-26,5.9,1.0,4,1,Design,Low
3075,2026-03-24,2026-05-18,20.6,4.0,2,7,Other,Low
3075,2026-03-24,2026-05-18,20.6,4.0,2,7,Other,Low
3077,2025-09-24,2025-10-16,7.8,9.0,2,2,Testing,Medium
3078,2026-02-25,2026-03-19,30.0,8.0,7,4,Testing,High
3079,2026-06-25,2026-07-05,,4.0,7,10,Testing,Medium
3080,2026-02-27,2026-04-02,260.1,7.0,100,9,Testing,Critical
3081,2026-08-05,2026-07-29,21.4,3.0,2,9,Documentation,Medium
3082,2026-03-05,2026-04-25,30.1,4.0,6,5,Documentation,Medium
3083,2026-08-26,2026-09-20,3.4,3.0,9,10,Development,Medium
3084,2025-12-23,2026-01-26,30.6,2.0,1,4,Testing,Low
3085,2026-02-20,2026-02-13,20.5,9.0,5,4,Documentation,Medium
3086,2026-06-03,2026-07-28,28.6,7.0,9,3,Development,High
3087,2025-12-28,2026-01-17,35.7,1.0,8,7,Documentation,Medium
3088,2026-06-14,2026-06-22,38.5,15.0,3,3,DEV,High
3089,2025-09-23,2025-10-18,,0.0,2,1,Development,Low
3090,2026-07-03,2026-07-24,22.3,9.0,3,-4,Testing ,Low
3091,2026-01-23,2026-02-18,909.7,10.0,2,0,Development,Medium
3092,2026-06-12,2026-06-17,34.8,4.0,1,10,Development,Low
3093,2025-10-13,2025-12-09,33.4,2.0,5,6,Other,Low
3094,2026-01-17,2026-03-16,1.9,6.0,100,8,Other,Critical
3095,2025-09-27,2025-10-20,38.4,2.0,3,5,Development,Low
3096,2026-04-26,2026-05-04,1.9,2.0,6,3,Development,Low
3097,2026-08-15,2026-10-14,37.5,5.0,8,10,Design,High
3098,2026-02-12,2026-02-28,9.3,9.0,6,3,Development,High
3099,2026-09-03,2026-09-05,12.3,7.0,1,4,Testing,Low
3100,2026-03-11,2026-03-10,10.6,6.0,6,10,Design,High
3101,2025-10-18,2025-10-25,30.6,1.0,3,-2,Development,Low
3102,2025-11-07,2025-11-06,4.9,6.0,12,9,Documentation,High
3103,2025-10-23,2025-10-25,4.2,3.0,9,4,Other,Medium
3104,2025-12-11,2026-02-05,33.3,3.0,0,8,Development,Low
3105,2026-02-28,2026-03-22,19.8,2.0,3,7,doc,Low
3106,2026-03-24,2026-05-19,23.4,9.0,1,9,Documentation,Medium
3107,2026-01-15,2026-02-05,36.7,8.0,10,6,Development,High
3108,2025-11-27,2025-12-08,2.7,5.0,5,2,Documentation,High
3109,2026-08-13,2026-08-14,14.8,4.0,2,1,Testing,Low
3110,2025-11-22,2026-01-21,495.6,2.0,8,5,Design,Medium
3111,2026-01-27,2026-02-10,34.0,10.0,2,-1,Other,Medium
3112,2026-03-15,2026-03-22,2.9,7.0,5,7,Documentation,Medium
3113,2026-06-18,2026-06-22,36.9,-1.0,5,9,Testing,Low
3114,2025-11-19,2025-11-30,5.2,6.0,2,8,Testing,Medium
3115,2026-09-07,2026-11-06,29.1,6.0,2,1,Other,Low
3116,2026-03-18,2026-05-12,24.4,1.0,6,6,Development,Low
3117,2026-08-16,2026-10-13,1.2,8.0,7,1,Development,Medium
3118,2026-01-05,2026-02-12,24.3,5.0,5,4,  Design,Medium
3119,2026-07-15,2026-07-31,32.0,9.0,4,10,Design,High
3120,2026-04-04,2026-05-04,22.7,7.0,8,4,Documentation,High
3121,2025-10-23,2025-11-29,2.1,6.0,2,4,DEV,Low
3122,2026-01-26,2026-03-09,6.4,9.0,9,10,Development,Critical
3123,2025-10-26,2025-11-02,0.8,3.0,7,7,Testing,Medium
3124,2026-08-09,2026-08-14,10.9,4.0,8,6,Testing,Medium
3125,2026-04-19,2026-06-18,1.5,8.0,4,4,,Medium
3126,2026-02-11,2026-03-12,39.6,-1.0,9,9,Documentation,Medium
3127,2026-09-03,2026-08-25,11.1,1.0,9,7,Development,Medium
3128,2026-09-07,2026-09-11,31.8,2.0,10,-4,Documentation,Low
3129,2025-12-17,2026-01-14,364.0,1.0,9,6,Development,Medium
3130,2026-07-27,2026-08-09,5.8,4.0,1,0,Development,Low
3131,2026-05-18,2026-05-26,16.4,5.0,8,6,Development,Medium
3132,2026-01-12,2026-03-10,25.6,9.0,2,3,Testing,Medium
3133,2026-05-08,2026-05-05,517.6,-1.0,4,1,Documentation,Low
3134,2026-09-06,2026-10-08,39.8,7.0,5,1,Other,Low
3135,2025-12-12,2026-01-15,10.1,4.0,9,10,Development,High
3136,2026-06-10,2026-07-22,4.3,6.0,6,6,Testing,Medium
3137,2026-06-15,2026-06-12,32.7,2.0,3,0,Documentation,Low
3138,2025-09-30,2025-10-25,39.8,2.0,9,0,Documentation,Low
3139,2026-06-23,2026-06-14,17.1,8.0,6,3,Other,Medium
3140,2025-09-18,2025-11-17,32.1,8.0,1,3,Design,Medium
3141,2026-02-16,2026-04-13,17.4,5.0,7,4,Documentation,Medium
3142,2025-10-02,2025-11-19,15.2,9.0,4,7,Documentation,High
3143,2026-07-04,2026-07-22,20.5,9.0,9,3,Design,High
3144,2026-06-19,2026-07-29,15.4,5.0,1,6,Development,Low
3145,2025-12-22,2026-01-13,23.7,2.0,2,3,Documentation,Low
3146,2026-04-16,2026-04-07,29.2,,5,2,Other,Low
3147,2026-03-04,2026-04-28,21.2,2.0,10,0,Other,Low
3148,2025-09-30,2025-10-09,1.8,6.0,3,0,  Design,Low
3149,2026-04-02,2026-05-06,25.6,1.0,8,0,Documentation,High
3150,2026-01-10,2026-02-25,38.3,1.0,1,6,Development,Low
3151,2025-10-02,2025-11-14,39.3,7.0,100,4,Documentation,Critical
3152,2026-07-28,2026-08-16,30.5,7.0,8,5,Design,High
3153,2026-02-28,2026-03-18,7.6,,9,10,Other,Low
3154,2026-03-03,2026-04-07,34.3,2.0,6,0,Design,Low
3155,2026-05-21,2026-06-24,13.7,7.0,10,7,Testing,High
3156,2025-11-06,2025-11-08,27.7,2.0,2,4,Design,Low
3157,2025-11-04,2026-01-02,,7.0,9,3,Other,High
3158,2026-01-27,2026-02-09,3.4,2.0,1,3,Documentation,Low
3159,2026-01-06,2026-02-27,27.9,3.0,3,9,Testing,Low
3160,2026-01-14,2026-03-05,39.3,1.0,5,10,DEV,Low
3161,2025-09-25,2025-10-15,37.1,7.0,8,4,Testing,High
3162,2026-04-27,2026-05-31,20.5,7.0,1,7,Testing,Medium
3163,2026-04-13,2026-05-28,23.6,10.0,1,4,Design,Medium
3164,2026-07-04,2026-07-22,6.4,2.0,6,10,Documentation,Medium
3165,2026-04-03,2026-05-29,24.6,7.0,4,2,Development,Medium
3166,2025-11-10,2025-11-18,1.2,6.0,8,7,Development,High
3167,2025-10-28,2025-12-19,7.3,8.0,8,4,Documentation,High
3168,2026-01-10,2026-01-15,7.7,8.0,9,6,Testing,High
3169,2025-12-13,2025-12-14,6.1,3.0,10,4,Testing ,Medium
3170,2026-04-24,2026-05-23,,7.0,4,9,Design,Medium
3171,2026-01-17,2026-01-21,26.3,3.0,10,4,Testing,Medium
3172,2025-10-02,2025-11-24,,7.0,5,6,Other,Medium
3173,2026-08-03,2026-09-29,4.0,3.0,1,1,Documentation,Low
3174,2025-09-22,2025-10-22,17.0,3.0,10,3,Testing,Medium
3175,2025-11-01,2025-11-11,,5.0,8,6,,Medium
3176,2026-06-15,2026-08-08,28.7,7.0,1,8,Documentation,Medium
3177,2025-10-21,2025-12-13,10.6,6.0,6,1,Other,Medium
3178,2025-12-09,2026-01-05,7.4,1.0,10,8,Other,Medium
3179,2026-04-12,2026-06-04,8.9,5.0,6,6,doc,Medium
3180,2025-10-16,2025-10-07,806.1,9.0,8,1,Design,High
3181,2026-04-26,2026-05-29,13.0,9.0,3,0,Design,Medium
3182,2026-03-17,2026-03-21,1.4,7.0,10,5,Documentation,High
3183,2026-03-28,2026-03-29,13.0,5.0,10,4,Testing,Medium
3184,2026-05-05,2026-05-09,7.0,4.0,6,0,Other,Low
3184,2026-05-05,2026-05-09,7.0,4.0,6,0,Other,Low
3186,2025-09-27,2025-09-29,10.0,4.0,10,6,Testing ,Medium
3187,2026-03-08,2026-05-07,15.6,9.0,8,5,Documentation,High
3188,2026-05-18,2026-06-26,11.9,11.0,9,5,Other,Critical
3189,2025-12-15,2025-12-16,22.9,9.0,8,0,Development,High
3190,2026-03-11,2026-04-18,27.4,1.0,5,6,Design,Low
3191,2026-01-16,2026-01-12,18.2,9.0,9,5,doc,High
3192,2026-07-07,2026-07-01,26.7,5.0,10,7,Testing,High
3193,2026-05-03,2026-05-20,20.0,1.0,5,4,  Design,Low
3194,2026-01-08,2026-02-12,30.1,,1,6,Testing,Low
3195,2026-08-07,2026-09-16,10.5,7.0,7,6,Development,High
3196,2025-11-23,2025-12-05,17.1,1.0,2,3,development,Critical
3197,2025-12-18,2025-12-24,39.6,1.0,8,6,Design,Medium
3198,2026-03-03,2026-02-26,34.4,7.0,4,4,Design,Medium
3199,2026-08-24,2026-10-14,17.5,4.0,8,9,Design,Medium
3200,2026-08-13,2026-10-04,20.4,10.0,9,1,Documentation,High
3201,2026-04-27,2026-06-22,29.7,6.0,6,0,Testing,Medium
3202,2026-04-02,2026-05-21,11.5,10.0,1,9,Other,High
3203,2026-01-08,2026-02-12,16.4,1.0,5,3,Testing,Medium
3204,2026-01-18,2026-01-19,,8.0,5,3,Other,Medium
3205,2025-09-13,2025-10-11,6.0,15.0,3,10,Testing,Critical
3206,2026-06-21,2026-08-12,39.3,4.0,9,0,Design,Medium
3207,2025-10-21,2025-10-22,27.8,2.0,6,4,Testing,High
3208,2026-01-18,2026-01-27,306.7,7.0,1,1,Documentation,Low
3209,2026-05-16,2026-05-25,321.6,4.0,8,0,Development,Medium
3210,2025-12-17,2026-01-04,29.7,5.0,4,9,Documentation,Medium
3211,2025-10-22,2025-11-03,13.0,7.0,10,7,Testing,High
3212,2026-07-29,2026-09-25,9.4,4.0,1,10,Other,Low
3213,2026-08-12,2026-10-02,3.5,2.0,7,10,Testing,Medium
3214,2026-01-06,2026-01-16,23.8,-1.0,10,5,Testing,Low
3215,2026-04-16,2026-04-25,39.5,1.0,9,8,Other,Medium
3216,2026-08-16,2026-10-06,1.6,9.0,2,3,Testing,Medium
3217,2026-02-16,2026-03-16,27.8,8.0,4,2,Design,Critical
3218,2026-07-01,2026-08-05,12.0,,8,9,Testing,Low
3219,2026-04-11,2026-04-13,38.0,6.0,3,9,Testing ,Medium
3220,2026-06-25,2026-07-24,8.6,3.0,2,8,Documentation,Low
3221,2026-09-09,2026-09-16,39.0,5.0,8,2,Testing,Medium
3222,2026-02-19,2026-03-13,5.0,2.0,2,3,Testing,Low
3223,2026-05-02,2026-05-04,33.4,,12,5,Development,Low
3224,2025-12-13,2026-01-02,22.1,3.0,1,3,Other,Low
3225,2026-07-09,2026-08-02,33.1,9.0,7,10,Design,High
3226,2026-01-06,2026-03-01,16.6,2.0,10,0,Design,Low
3227,2026-05-22,2026-07-04,3.6,10.0,4,5,Design,High
3228,2026-09-08,2026-09-17,3.4,8.0,6,8,Testing,High
3229,2025-11-14,2025-12-13,19.8,5.0,100,-4,,Critical
3230,2025-11-12,2025-11-23,2.3,2.0,7,4,Other,Low
3231,2026-05-07,2026-06-29,13.1,3.0,3,6,Testing,Low
3232,2026-09-06,2026-09-30,1.5,9.0,9,-4,Testing ,Medium
3233,2026-06-26,2026-07-22,29.6,3.0,4,-5,,Low
3234,2026-02-07,2026-02-18,8.6,8.0,7,5,Design,High
3235,2025-11-20,2025-11-24,33.6,3.0,3,2,Other,Low
3236,2026-06-25,2026-07-22,21.7,5.0,7,9,Other,Medium
3237,2025-11-01,2025-12-10,686.9,4.0,6,8,Documentation,Medium
3238,2025-12-23,2026-01-09,9.0,10.0,7,9,Testing ,High
3239,2026-03-09,2026-04-23,23.7,-1.0,10,6,Design,Low
3240,2026-08-22,2026-09-30,20.6,2.0,5,1,Other,Low
3241,2026-01-13,2026-02-15,31.4,8.0,5,-5,Testing,Low
3242,2025-12-22,2026-01-14,33.7,8.0,1,8,Development,Medium
3243,2026-08-02,2026-09-03,8.8,6.0,3,9,Testing ,Medium
3244,2026-03-05,2026-04-01,28.2,7.0,1,-3,Other,Low
3245,2026-03-02,2026-03-20,12.1,5.0,1,-3,Other,Critical
3246,2026-04-08,2026-05-28,25.0,8.0,3,8,Design,Medium
3247,2026-08-16,2026-09-20,17.9,10.0,100,10,Other,Critical
3248,2026-04-29,2026-05-19,27.2,5.0,3,-4,Development,Low
3249,2026-01-11,2026-02-10,39.4,9.0,3,7,Documentation,Medium
3250,2026-07-03,2026-07-30,37.7,6.0,12,4,Other,High
3251,2026-02-19,2026-03-24,9.4,0.0,5,4,Testing,Low
3252,2025-12-26,2026-02-02,25.3,5.0,5,4,Design,Medium
3253,2026-06-04,2026-07-02,13.7,2.0,10,1,Documentation,Medium
3254,2025-11-01,2025-12-08,7.5,2.0,4,10,Development,Medium
3255,2026-01-19,2026-01-25,34.5,7.0,8,3,Design,Medium
3256,2025-11-13,2025-12-22,4.4,7.0,5,9,Design,High
3257,2025-12-22,2026-01-05,17.0,2.0,9,7,Design,Medium
3258,2026-04-16,2026-06-06,25.6,2.0,8,0,Development,Low
3259,2026-08-10,2026-09-06,,8.0,3,8,Design,Medium
3260,2025-12-11,2026-01-09,13.2,2.0,7,3,doc,Low
3261,2026-07-19,2026-09-02,14.3,2.0,4,4,Testing,Low
3262,2025-09-23,2025-11-10,14.2,2.0,7,7,Testing,Medium
3263,2026-04-21,2026-05-24,8.4,1.0,2,10,Development,Low
3264,2026-08-21,2026-08-22,34.2,5.0,4,6,Other,Medium
3265,2026-03-04,2026-03-18,15.0,7.0,10,10,Development,High
3266,2026-07-26,2026-09-11,11.1,4.0,2,10,Documentation,Medium
3267,2026-05-01,2026-06-21,21.7,1.0,3,3,Documentation,Low
3268,2026-08-25,2026-10-24,14.7,4.0,12,1,Other,High
3269,2025-12-15,2025-12-24,33.9,5.0,8,-3,Testing,Low
3270,2026-03-13,2026-04-15,22.4,3.0,4,7,Documentation,Low
3271,2026-03-20,2026-04-21,8.7,4.0,1,2,Documentation,High
3271,2026-03-20,2026-04-21,8.7,4.0,1,2,Documentation,High
3273,2026-03-07,2026-02-27,1.1,7.0,6,9,Development,High
3274,2026-02-21,2026-03-25,30.1,3.0,5,4,Development,Low
3275,2025-11-23,2025-11-26,34.2,2.0,4,3,Development,Low
3276,2026-07-28,2026-09-12,2.5,9.0,3,3,Documentation,Medium
3277,2026-07-13,2026-08-28,25.6,5.0,5,2,Testing,Medium
3278,2025-09-18,2025-09-20,303.4,10.0,3,3,Other,Medium
3279,2025-09-12,2025-10-04,6.9,7.0,8,2,Other,Medium
3280,2026-03-04,2026-05-01,30.3,10.0,8,5,Development,High
3280,2026-03-04,2026-05-01,30.3,10.0,8,5,Development,High
3282,2025-10-19,2025-11-27,396.5,7.0,8,1,Design,Medium
3283,2026-06-21,2026-07-23,36.6,3.0,5,9,Other,Medium
3284,2026-01-23,2026-03-11,27.8,9.0,5,9,Testing,High
3285,2026-05-21,2026-07-07,8.3,6.0,3,9,Documentation,Medium
3286,2025-11-19,2025-12-08,32.8,,2,4,Testing ,Low
3287,2025-11-14,2025-12-01,15.8,9.0,10,3,Design,Critical
3288,2025-09-22,2025-11-06,25.9,2.0,4,8,Testing,Low
3289,2025-12-26,2026-02-02,25.2,10.0,0,9,Design,Medium
3290,2025-11-24,2025-12-27,7.8,8.0,3,10,Development,High
3291,2026-08-08,2026-09-16,20.4,8.0,6,9,doc,High
3292,2025-10-17,2025-11-10,,7.0,3,10,DEV,Medium
3293,2025-09-28,2025-11-19,28.4,2.0,1,5,Documentation,Low
3294,2026-08-07,2026-09-19,17.1,1.0,10,0,Other,Low
3295,2026-05-08,2026-06-30,33.7,6.0,3,-3,Testing,Low
3296,2026-08-09,2026-08-24,2.8,4.0,6,4,Development,Low
3297,2026-02-14,2026-03-28,25.0,6.0,2,2,Design,Low
3298,2026-02-19,2026-03-20,22.2,15.0,7,2,Testing,Low
3299,2026-08-03,2026-09-19,229.3,5.0,1,9,Testing,Medium
3300,2026-01-09,2026-02-16,1.5,2.0,1,3,Design,Low
3301,2026-08-28,2026-10-06,28.7,1.0,2,0,Design,Low
3302,2026-08-29,2026-09-22,9.1,9.0,9,6,Documentation,High
3303,2025-10-16,2025-10-24,9.5,6.0,10,4,Documentation,High
3304,2026-08-10,2026-08-25,5.0,2.0,7,7,Design,Medium
3305,2026-06-06,2026-06-09,26.1,6.0,12,7,Design,High
3306,2025-09-20,2025-09-16,3.4,8.0,1,4,Testing,Medium
3307,2025-12-22,2026-02-11,,10.0,4,6,Other,Medium
3308,2025-11-14,2026-01-03,11.1,-1.0,10,1,Other,Low
3309,2025-10-18,2025-11-21,36.0,6.0,5,5,Testing,Medium
3310,2026-08-21,2026-09-18,7.4,7.0,7,4,Development,Low
3311,2026-06-17,2026-08-03,35.2,5.0,7,7,Testing,Medium
3312,2025-12-27,2026-01-28,,3.0,1,3,Development,Low
3313,2026-05-23,2026-07-11,484.0,1.0,4,6,Other,Low
3314,2026-08-01,2026-09-29,32.6,2.0,7,6,Other,Medium
3315,2025-11-16,2025-11-24,34.1,,4,9,Documentation,Low
3316,2026-02-14,2026-02-05,35.6,10.0,6,-2,Documentation,Medium
3317,2026-03-22,2026-04-25,26.1,1.0,1,0,Other,Low
3318,2025-09-14,2025-10-17,14.4,6.0,5,1,Design,Medium
3319,2026-05-02,2026-05-07,15.2,10.0,10,0,Development,High
3320,2025-12-28,2026-02-24,24.6,7.0,5,3,development,Medium
3321,2025-09-21,2025-09-29,17.7,1.0,1,7,Testing,Low
3322,2026-01-27,2026-03-11,35.8,1.0,4,6,DEV,Low
3323,2026-02-07,2026-03-15,34.1,8.0,4,5,Design,Medium
3324,2026-01-03,2026-02-11,20.1,3.0,9,-5,Other,Low
3325,2026-05-08,2026-06-29,20.4,5.0,7,-1,  Design,Low
3326,2025-12-13,2026-01-05,16.3,-1.0,7,4,Development,Low
3327,2026-04-18,2026-06-03,16.2,0.0,3,7,development,High
3328,2026-08-24,2026-09-18,,9.0,7,5,Development,High
3329,2026-02-28,2026-04-21,10.4,10.0,4,7,Design,High
3330,2026-08-11,2026-08-23,12.1,2.0,5,3,Testing,Low
3331,2026-05-17,2026-06-28,25.0,9.0,6,7,Documentation,High
3332,2025-12-16,2026-01-27,28.6,,10,7,Design,Low
3333,2026-02-20,2026-04-04,255.4,3.0,7,0,Other,Low
3334,2026-03-03,2026-03-31,20.5,9.0,5,5,Design,High
3335,2026-05-24,2026-06-15,25.7,,5,0,Other,Low
3336,2026-06-03,2026-06-28,39.6,1.0,5,8,Development,Low
3337,2026-03-27,2026-04-08,28.5,2.0,4,-5,Other,Low
3338,2026-08-22,2026-10-07,20.1,1.0,1,10,Testing,Low
3339,2026-04-02,2026-05-11,24.3,5.0,2,3,Other,Low
3340,2026-01-04,2026-02-19,35.4,,5,2,DEV,Low
3341,2026-08-13,2026-10-04,606.2,6.0,1,3,Design,Low
3342,2025-10-21,2025-12-13,2.9,8.0,7,2,Documentation,Medium
3343,2026-07-27,2026-09-13,24.8,2.0,9,2,Design,Low
3344,2025-12-07,2026-01-05,28.0,8.0,1,1,Documentation,Critical
3345,2026-07-30,2026-08-19,,1.0,10,6,Testing,Medium
3346,2025-11-09,2025-12-07,18.1,9.0,8,4,DEV,High
3347,2026-07-12,2026-07-20,18.3,1.0,9,2,Design,Low
3348,2026-02-04,2026-02-16,36.6,6.0,8,4,Design,High
3349,2025-12-25,2026-01-31,18.2,6.0,5,2,Development,Medium
3350,2026-08-26,2026-10-22,34.7,4.0,1,8,Documentation,Low
3351,2025-11-06,2025-12-05,885.2,6.0,3,8,Design,Medium
3352,2026-04-27,2026-06-08,9.4,10.0,8,3,Design,High
3353,2026-04-22,2026-06-01,30.9,9.0,5,8,Other,High
3354,2025-10-29,2025-10-21,35.6,3.0,5,7,Testing ,Medium
3355,2026-01-10,2026-02-14,910.5,7.0,8,7,Testing,High
3356,2026-06-03,2026-06-05,39.3,10.0,2,6,Development,Medium
3357,2025-10-02,2025-11-11,21.1,7.0,7,1,Testing,Medium
3358,2025-10-25,2025-11-03,16.5,9.0,1,7,,Medium
3359,2025-12-21,2026-01-13,6.1,6.0,4,2,Development,Medium
3360,2025-10-30,2025-12-18,821.1,6.0,5,1,Design,Medium
3361,2026-06-09,2026-06-14,33.2,8.0,10,7,Documentation,High
3362,2025-10-06,2025-11-28,8.8,7.0,5,8,Documentation,Medium
3363,2026-03-31,2026-05-25,14.7,3.0,2,-4,Design,Low
3364,2025-11-11,2025-12-19,24.4,8.0,4,7,  Design,Medium
3365,2026-03-07,2026-03-19,,4.0,6,3,Documentation,Medium
3366,2026-05-18,2026-06-15,25.5,5.0,10,1,  Design,Medium
3367,2026-07-07,2026-09-01,8.1,1.0,1,9,Other,Low
3368,2026-08-04,2026-09-27,18.2,6.0,10,8,Development,High
3369,2025-12-29,2026-02-23,6.0,,10,3,Other,Low
3370,2026-07-21,2026-07-22,38.0,6.0,5,6,doc,Medium
3371,2025-10-26,2025-11-28,,5.0,1,-3,Design,Low
3372,2026-08-03,2026-09-22,32.9,4.0,7,-3,Testing,Low
3373,2026-07-19,2026-08-11,13.6,10.0,2,7,Development,High
3374,2025-10-29,2025-11-02,3.1,2.0,7,9,,Medium
3375,2026-04-11,2026-04-25,1.5,1.0,2,8,,Medium
3376,2026-02-11,2026-02-04,24.5,4.0,10,2,,Medium
3377,2026-07-15,2026-08-06,25.4,1.0,3,5,Testing,Low
3378,2025-11-29,2026-01-23,38.7,9.0,12,7,  Design,Critical
3379,2026-03-27,2026-04-03,23.0,5.0,12,10,Design,Medium
3380,2025-11-26,2025-11-27,25.9,7.0,7,10,,High
3381,2026-08-06,2026-10-04,27.2,7.0,1,3,Testing,Low
3382,2025-12-23,2026-01-26,6.1,9.0,6,3,Other,Critical
3383,2026-01-24,2026-03-14,241.3,9.0,5,3,Documentation,Medium
3384,2025-12-04,2025-12-17,1.4,2.0,1,1,Testing,Low
3385,2026-08-05,2026-08-08,,9.0,5,1,Testing,Medium
3386,2025-12-27,2025-12-28,23.5,3.0,4,6,,Low
3387,2026-04-28,2026-05-08,28.8,10.0,1,0,Testing,Medium
3388,2026-05-05,2026-06-26,4.9,5.0,4,0,Design,Low
3389,2025-10-01,2025-10-06,15.8,10.0,2,10,development,Medium
3390,2025-09-21,2025-09-14,33.1,6.0,7,3,Other,Medium
3391,2026-06-06,2026-06-26,392.4,3.0,9,-2,Other,Low
3392,2026-06-02,2026-07-28,31.3,,6,-3,Development,Low
3393,2026-06-26,2026-07-25,3.9,8.0,5,1,Design,Medium
3394,2026-03-17,2026-05-14,20.6,2.0,6,4,Design,Low
3395,2026-05-09,2026-05-18,19.6,5.0,9,10,Other,High
3396,2026-09-01,2026-10-11,942.4,7.0,2,3,Testing,High
3397,2025-12-22,2026-01-07,14.8,7.0,6,3,DEV,Medium
3398,2026-09-04,2026-09-02,11.6,5.0,5,10,Development,Medium
3399,2025-10-08,2025-10-17,35.7,1.0,3,4,Documentation,Low
3400,2025-11-03,2025-12-07,28.0,10.0,5,3,Documentation,High
3401,2025-10-31,2025-11-29,18.2,4.0,9,-5,Development,Low
3402,2026-04-05,2026-03-30,5.6,0.0,8,0,Testing,Low
3403,2025-11-25,2025-12-11,36.4,9.0,5,1,Development,Medium
3404,2025-10-29,2025-11-29,12.6,10.0,8,9,Other,Critical
3405,2026-07-18,2026-08-19,18.4,1.0,8,10,Other,Medium
3406,2026-04-11,2026-05-07,29.1,9.0,5,9,Documentation,High
3407,2025-12-04,2026-01-29,,6.0,8,1,Documentation,Medium
3408,2026-04-23,2026-04-20,33.1,10.0,5,3,Testing,High
3409,2026-08-17,2026-09-21,31.5,2.0,9,1,Documentation,Low
3410,2026-04-14,2026-05-14,17.0,5.0,3,3,Testing,Low
3411,2025-10-20,2025-12-11,4.6,6.0,2,5,Design,Medium
3412,2026-01-22,2026-01-24,24.2,8.0,1,10,Design,Medium
3413,2026-09-02,2026-09-15,37.2,8.0,6,1,Other,Medium
3414,2026-01-26,2026-02-12,492.5,3.0,2,4,Design,Low
3415,2025-10-15,2025-12-13,35.2,8.0,9,2,DEV,Low
3415,2025-10-15,2025-12-13,35.2,8.0,9,2,DEV,Low
3417,2025-11-24,2025-12-24,13.9,2.0,9,0,Documentation,Low
3418,2026-03-05,2026-02-23,6.9,10.0,10,2,Other,High
3419,2025-11-26,2026-01-06,29.0,9.0,5,2,Design,Medium
3420,2026-07-22,2026-07-24,31.9,1.0,7,0,Documentation,Low
3421,2026-07-25,2026-08-02,33.3,10.0,10,9,Design,Critical
3422,2026-08-02,2026-09-15,11.2,1.0,1,3,Other,Critical
3423,2026-06-20,2026-07-20,37.3,6.0,10,6,Design,High
3424,2026-08-27,2026-10-16,35.5,9.0,4,8,development,Medium
3425,2026-03-17,2026-05-16,37.8,6.0,3,7,Development,Medium
3426,2026-08-28,2026-09-13,10.9,10.0,5,4,Testing,High
3427,2026-03-09,2026-03-29,23.6,10.0,1,4,Development,Medium
3428,2026-08-26,2026-10-08,2.5,7.0,6,1,Development,Medium
3429,2026-01-05,2026-01-08,26.6,1.0,4,2,Documentation,Low
3430,2026-04-25,2026-05-13,39.3,1.0,6,1,Development,Low
3431,2026-02-23,2026-03-07,27.1,2.0,2,8,Testing,Low
3432,2025-09-29,2025-11-19,3.5,3.0,3,9,Testing ,Low
3433,2025-12-04,2026-01-24,38.7,8.0,8,10,Design,High
3434,2025-12-20,2026-02-15,17.6,9.0,5,-4,Testing,Medium
3435,2025-10-22,2025-12-15,7.7,9.0,9,-5,Design,Medium
3436,2026-08-31,2026-08-28,14.9,7.0,1,0,Other,Medium
3437,2026-07-30,2026-09-12,32.3,3.0,10,2,Documentation,Medium
3438,2025-10-29,2025-12-05,6.7,3.0,4,9,Other,Medium
3439,2026-08-28,2026-09-09,20.8,10.0,10,10,Documentation,Critical
3440,2026-08-30,2026-10-02,1.7,1.0,10,6,Documentation,Medium
3441,2026-04-11,2026-04-20,14.7,7.0,3,7,Testing,Medium
3442,2026-03-18,2026-04-08,277.0,10.0,3,7,Development,Critical
3443,2025-09-18,2025-11-08,203.4,5.0,6,3,Documentation,Medium
3444,2026-03-22,2026-04-12,25.8,5.0,8,10,development,High
3445,2025-10-10,2025-10-07,23.1,2.0,7,5,Documentation,Low
3446,2025-09-22,2025-10-25,36.3,15.0,7,5,Other,Critical
3447,2025-11-11,2026-01-03,18.0,0.0,7,4,Other,Low
3448,2026-07-21,2026-08-06,0.7,5.0,5,6,Testing,Medium
3449,2026-04-26,2026-05-14,6.2,5.0,2,9,Testing,Medium
3450,2025-09-28,2025-11-26,18.0,6.0,3,5,Other,Medium
3451,2026-05-30,2026-06-30,12.3,6.0,4,6,Design,Medium
3452,2026-01-30,2026-03-10,25.5,15.0,4,4,Development,Critical
3453,2026-05-27,2026-07-07,37.8,5.0,7,2,Testing,Medium
3454,2025-10-17,2025-12-03,31.0,3.0,5,1,Documentation,Low
3455,2026-07-23,2026-09-04,38.9,3.0,5,3,Testing ,Low
3456,2026-03-23,2026-04-06,38.7,4.0,5,1,Documentation,Low
3457,2026-05-12,2026-06-25,,4.0,2,4,Documentation,Low
3458,2026-03-05,2026-04-26,286.3,10.0,1,6,Documentation,Medium
3459,2026-01-27,2026-03-23,271.2,10.0,10,1,Documentation,High
3460,2026-01-24,2026-03-10,15.7,5.0,0,2,Design,Low
3461,2026-03-25,2026-03-26,33.6,5.0,9,4,doc,Medium
3462,2026-03-03,2026-03-22,17.0,1.0,2,5,Development,Low
3463,2026-02-15,2026-02-19,13.5,9.0,3,3,doc,Medium
3464,2026-05-25,2026-07-20,37.4,6.0,2,7,Documentation,Medium
3465,2025-12-24,2026-02-08,23.2,5.0,7,6,Documentation,Critical
3466,2026-02-01,2026-02-15,14.0,6.0,10,5,Documentation,High
3467,2026-03-24,2026-05-06,10.9,1.0,8,8,Design,Medium
3468,2025-09-19,2025-10-29,9.2,10.0,5,1,Design,Medium
3469,2026-08-27,2026-09-26,6.3,9.0,6,0,Design,Medium
3470,2026-01-07,2026-02-06,31.7,5.0,7,3,  Design,Medium
3471,2026-01-29,2026-03-09,3.5,10.0,100,1,Design,Medium
3472,2026-05-19,2026-07-10,14.8,,2,8,Testing,Low
3473,2026-04-03,2026-05-18,1.6,6.0,100,7,Documentation,Critical
3474,2025-09-15,2025-10-09,10.0,10.0,100,7,Design,Critical
3475,2026-04-21,2026-06-13,8.2,4.0,9,4,Documentation,Medium
3476,2026-08-22,2026-09-10,31.8,5.0,1,0,Design,Low
3477,2025-11-19,2025-11-13,22.9,5.0,2,10,Testing,Medium
3478,2025-10-14,2025-12-02,2.2,8.0,3,1,Other,Medium
3479,2025-10-04,2025-09-27,23.0,2.0,7,10,Development,Medium
3480,2026-08-30,2026-10-29,939.4,9.0,7,10,Development,High
3481,2025-10-04,2025-11-02,13.0,7.0,2,9,Testing,Medium
3482,2026-01-24,2026-02-27,23.9,7.0,1,3,Design,Low
3483,2026-05-20,2026-06-30,3.5,10.0,100,-4,Design,Critical
3484,2026-03-04,2026-04-13,23.3,2.0,100,3,Other,Critical
3485,2026-04-02,2026-05-21,27.0,5.0,7,9,Testing,Medium
3486,2026-03-20,2026-05-07,3.4,2.0,6,4,Other,Low
3487,2026-07-02,2026-06-27,283.8,9.0,8,-4,Testing,Medium
3488,2026-01-22,2026-03-03,475.2,10.0,9,1,DEV,High
3489,2026-07-20,2026-08-04,5.7,1.0,10,9,Documentation,Medium
3490,2026-07-16,2026-07-30,25.9,10.0,4,0,Testing,Medium
3491,2026-02-05,2026-03-12,7.4,8.0,3,3,Design,Medium
3492,2025-11-29,2026-01-08,38.5,7.0,10,9,Design,High
3493,2025-11-26,2025-12-16,438.5,4.0,7,7,Testing,Medium
3494,2026-04-16,2026-05-09,36.4,7.0,6,5,Documentation,Medium
3495,2025-11-29,2025-12-23,2.6,10.0,5,1,doc,Medium
3496,2026-07-04,2026-08-27,20.4,,7,9,Design,Low
3497,2026-04-12,2026-05-09,27.9,4.0,3,0,Development,Low
3498,2026-03-27,2026-03-24,,3.0,2,3,Testing,Low
3499,2026-04-21,2026-06-13,39.5,8.0,6,1,Design,Medium
3500,2026-01-14,2026-02-04,5.7,6.0,9,8,Testing,High
3501,2026-04-15,2026-05-26,27.5,2.0,6,5,Other,Low
3502,2025-12-05,2026-01-16,3.6,10.0,2,7,Other,High
3503,2026-07-12,2026-09-08,9.9,1.0,10,0,Development,Low
3504,2026-04-01,2026-04-26,4.5,5.0,6,5,Testing,Medium
3505,2026-04-17,2026-06-04,4.0,3.0,100,1,Testing,Critical
3506,2026-02-16,2026-03-25,,8.0,6,-3,Design,Medium
3507,2026-08-19,2026-09-18,18.2,1.0,8,9,Development,Medium
3508,2026-07-27,2026-08-24,5.0,2.0,9,8,Other,Medium
3509,2026-03-12,2026-04-05,6.8,1.0,10,2,Documentation,Low
3510,2026-03-05,2026-04-18,10.4,,9,7,Development,Medium
3511,2026-08-04,2026-08-06,30.6,10.0,7,5,Documentation,High
3512,2026-05-02,2026-06-07,25.6,4.0,10,4,Development,Medium
3513,2026-01-13,2026-02-16,0.6,2.0,2,3,Documentation,Low
3514,2026-06-23,2026-06-30,7.1,15.0,12,1,doc,Critical
3515,2026-05-13,2026-06-15,32.6,9.0,4,2,Development,Medium
3516,2026-06-12,2026-07-02,12.1,4.0,2,8,Other,High
3517,2026-01-12,2026-03-02,,3.0,6,9,Other,Medium
3518,2025-12-25,2026-01-03,4.4,,4,1,Documentation,Low
3519,2026-08-26,2026-10-22,33.7,8.0,6,10,DEV,High
3520,2025-12-20,2026-01-16,30.5,,6,9,Documentation,Low
3521,2026-04-18,2026-04-24,961.5,,3,-4,Testing,Low
3522,2025-10-11,2025-10-30,25.6,4.0,10,3,Design,Low
3523,2026-04-27,2026-06-05,36.8,10.0,10,9,,Critical
3524,2025-11-17,2025-12-04,26.9,5.0,8,4,Testing,Medium
3525,2026-04-18,2026-06-08,39.7,8.0,7,4,Design,High
3526,2026-04-20,2026-05-10,32.1,9.0,5,2,Other,Medium
3527,2026-02-23,2026-03-16,35.4,1.0,2,8,Development,Low
3528,2026-05-21,2026-07-05,38.0,9.0,4,7,Testing,High
3529,2026-07-12,2026-07-29,6.9,6.0,1,8,Design,Medium
3530,2026-01-12,2026-01-27,34.3,1.0,2,5,Documentation,Low
3531,2026-05-15,2026-06-23,24.4,9.0,8,5,Development,High
3532,2026-06-08,2026-07-08,27.5,3.0,4,1,Design,Low
3533,2026-03-07,2026-04-23,618.1,10.0,10,10,development,Critical
3534,2025-11-08,2025-11-20,20.1,9.0,3,0,Testing,Medium
3535,2025-10-12,2025-11-02,32.5,5.0,8,9,Development,High
3536,2025-11-27,2025-12-11,6.4,1.0,10,10,Documentation,Medium
3537,2026-05-22,2026-07-03,26.5,8.0,3,7,Other,Medium
3538,2026-07-14,2026-07-20,7.1,9.0,7,1,Testing ,Medium
3539,2025-12-29,2026-02-10,30.7,5.0,6,0,Other,Low
3540,2026-03-14,2026-05-11,3.9,10.0,9,1,Design,High
3541,2026-07-20,2026-07-24,420.6,3.0,7,10,Testing,Medium
3542,2026-01-14,2026-01-16,1.3,7.0,6,4,Documentation,Medium
3543,2026-04-27,2026-05-26,32.8,11.0,6,6,Development,High
3544,2025-11-13,2025-12-18,16.6,8.0,6,1,Other,Medium
3545,2026-05-30,2026-07-16,323.2,8.0,0,7,Other,Medium
3546,2026-03-17,2026-03-27,13.4,7.0,5,3,Documentation,Medium
3547,2026-03-15,2026-05-08,507.5,5.0,4,4,Documentation,Medium
3548,2026-07-10,2026-09-07,15.9,8.0,5,5,Testing,Medium
3549,2025-09-23,2025-09-13,10.8,6.0,8,6,Documentation,Critical
3550,2025-10-16,2025-12-10,20.7,4.0,7,-3,Design,Low
3551,2025-11-08,2026-01-07,817.0,6.0,3,1,Design,Low
3552,2025-11-04,2025-11-08,16.9,9.0,4,5,Other,Medium
3553,2026-02-06,2026-02-23,18.2,8.0,8,5,Testing,High
3554,2026-08-14,2026-10-08,15.7,8.0,9,7,Other,High
3555,2026-01-24,2026-03-07,36.3,3.0,4,8,doc,Critical
3556,2025-12-19,2026-02-17,10.8,10.0,3,6,Other,High
3557,2026-03-24,2026-04-22,1.3,,10,5,Documentation,Low
3558,2025-11-30,2025-12-23,15.0,1.0,4,3,Development,High
3559,2026-04-25,2026-05-02,19.6,5.0,1,7,Development,Low
3560,2026-05-22,2026-07-08,29.1,5.0,0,3,Testing,Low
3561,2025-10-31,2025-12-04,33.4,9.0,4,10,  Design,High
3562,2026-01-26,2026-02-06,16.8,,12,10,Documentation,Low
3562,2026-01-26,2026-02-06,16.8,,12,10,Documentation,Low
3564,2026-08-15,2026-08-29,25.4,7.0,2,6,doc,Medium
3565,2026-01-23,2026-01-15,216.5,,3,1,Documentation,Low
3566,2025-11-02,2025-10-31,1.9,2.0,9,6,Design,Medium
3567,2026-03-01,2026-03-29,36.1,1.0,2,4,,Low
3568,2026-02-07,2026-02-19,29.9,10.0,3,9,Other,High
3569,2026-01-27,2026-02-01,19.6,3.0,5,9,Design,Medium
3570,2026-06-24,2026-06-30,26.7,6.0,5,0,Documentation,Low
3571,2026-03-28,2026-03-25,38.8,3.0,4,2,Documentation,Low
3572,2026-01-29,2026-02-06,38.5,3.0,0,9,Testing,Low
3573,2026-02-12,2026-04-07,32.8,9.0,3,7,Documentation,Medium
3574,2026-08-21,2026-10-18,17.6,,7,7,Documentation,Low
3575,2025-10-24,2025-12-14,34.0,5.0,10,10,,High
3576,2026-02-12,2026-03-23,10.7,6.0,5,6,Documentation,Medium
3577,2025-09-25,2025-11-05,14.1,8.0,10,2,Documentation,High
3578,2026-06-16,2026-08-05,38.5,9.0,3,4,Design,Medium
3579,2026-03-21,2026-05-02,912.9,,100,4,Documentation,Low
3580,2025-11-28,2026-01-25,22.4,4.0,4,5,Testing,Low
3581,2026-06-22,2026-08-11,24.1,7.0,8,4,Testing,High
3582,2026-05-22,2026-07-01,5.0,8.0,2,1,Documentation,Medium
3582,2026-05-22,2026-07-01,5.0,8.0,2,1,Documentation,Medium
3584,2026-07-29,2026-08-04,31.0,7.0,4,3,Testing,Medium
3585,2025-12-07,2026-01-23,13.8,2.0,10,10,Design,Medium
3586,2025-11-06,2025-12-25,34.9,1.0,10,1,Other,Low
3587,2026-05-22,2026-05-19,9.4,7.0,10,7,Testing,High
3588,2025-12-17,2026-02-11,7.0,8.0,4,1,DEV,Low
3589,2026-05-18,2026-06-20,35.3,2.0,5,2,Design,Low
3590,2026-03-04,2026-04-25,15.6,4.0,4,8,Development,Medium
3591,2026-07-06,2026-08-22,12.9,1.0,5,4,Other,Low
3592,2026-07-06,2026-08-13,33.0,6.0,8,8,Other,High
3593,2026-04-18,2026-06-02,29.3,3.0,1,10,Documentation,Low
3594,2026-01-13,2026-02-03,15.2,1.0,8,8,Testing,Medium
3595,2026-06-14,2026-06-28,13.9,1.0,100,2,Design,Critical
3596,2025-10-10,2025-11-20,27.9,8.0,4,5,Design,Medium
3597,2026-08-27,2026-09-03,5.1,2.0,4,3,Design,Low
3598,2026-07-11,2026-08-02,12.7,8.0,8,1,Other,Medium
3599,2025-10-05,2025-11-12,245.1,5.0,3,2,Documentation,Low
3600,2026-04-22,2026-06-11,5.4,0.0,100,8,Other,Critical
3601,2025-12-01,2026-01-13,19.5,4.0,8,0,Documentation,Medium
3602,2026-03-15,2026-03-08,23.9,3.0,9,6,Other,Medium
3603,2026-02-09,2026-03-18,4.4,2.0,9,0,Testing,Low
3604,2025-09-23,2025-09-24,30.1,3.0,6,8,Testing,Medium
3605,2026-02-06,2026-03-04,755.5,15.0,4,8,Development,Critical
3606,2026-04-17,2026-05-05,34.9,,5,10,Documentation,Low
3607,2026-04-17,2026-06-13,17.1,6.0,9,6,Testing,High
3608,2026-05-11,2026-05-24,,6.0,9,6,Documentation,High
3609,2026-03-24,2026-03-17,2.3,6.0,12,6,development,High
3610,2026-03-06,2026-04-30,5.9,5.0,2,4,Other,Low
3611,2026-05-02,2026-05-30,20.8,10.0,7,0,Other,High
3612,2025-12-24,2026-01-18,21.5,10.0,10,2,Other,Medium
3613,2026-07-20,2026-08-24,24.4,11.0,100,7,Documentation,Critical
3613,2026-07-20,2026-08-24,24.4,11.0,100,7,Documentation,Critical
3615,2025-12-20,2026-01-18,13.1,7.0,10,5,doc,High
3616,2026-07-20,2026-09-12,17.7,2.0,8,3,doc,Low
3617,2026-04-17,2026-04-25,5.9,8.0,7,5,Testing,High
3618,2026-03-07,2026-05-02,5.5,7.0,6,3,Documentation,Medium
3619,2026-03-28,2026-05-12,7.3,0.0,4,0,Design,Low
3620,2026-04-06,2026-05-03,38.5,8.0,5,5,Design,Medium
3621,2026-01-05,2026-02-10,4.7,6.0,9,7,Design,High
3622,2026-03-17,2026-05-06,253.0,7.0,9,6,Documentation,High
3623,2025-09-24,2025-10-29,11.0,8.0,5,5,Other,Medium
3624,2025-10-20,2025-12-15,1.5,8.0,3,9,Documentation,Medium
3625,2026-06-24,2026-08-13,,8.0,4,3,Documentation,Medium
3626,2026-01-23,2026-03-19,889.0,9.0,10,1,Development,High
3627,2026-08-15,2026-08-29,36.6,,6,8,Development,Low
3628,2025-09-26,2025-10-05,36.7,1.0,7,6,Development,Low
3629,2026-04-29,2026-06-19,28.8,8.0,9,5,Documentation,High
3630,2026-01-17,2026-02-17,433.5,8.0,10,6,,High
3631,2025-11-15,2025-11-27,25.7,6.0,9,3,Documentation,Medium
3632,2026-02-24,2026-03-24,26.6,9.0,1,-4,Design,Medium
3633,2026-04-03,2026-04-20,417.8,8.0,6,3,Testing,Medium
3634,2026-03-05,2026-03-09,39.6,7.0,2,8,Other,Medium
3635,2026-01-11,2026-03-02,21.1,8.0,3,9,Documentation,Medium
3636,2025-10-22,2025-11-04,25.4,2.0,4,1,Testing,Low
3637,2025-10-27,2025-12-23,33.0,10.0,6,1,Development,High
3638,2026-08-22,2026-10-11,,2.0,8,-2,Testing,Low
3639,2026-05-08,2026-05-22,25.5,5.0,8,8,Documentation,High
3640,2026-08-05,2026-09-25,24.4,5.0,10,0,Documentation,Medium
3641,2025-12-09,2025-12-15,35.8,6.0,8,6,Testing,High
3642,2025-10-08,2025-12-07,15.9,15.0,6,6,Documentation,High
3643,2026-02-07,2026-03-24,27.7,7.0,4,5,Documentation,Medium
3644,2026-01-18,2026-01-23,23.0,10.0,8,7,,High
3645,2026-09-07,2026-09-04,23.3,3.0,5,7,Design,Medium
3645,2026-09-07,2026-09-04,23.3,3.0,5,7,Design,Medium
3647,2026-05-23,2026-06-24,30.3,5.0,6,4,Development,Medium
3648,2026-02-12,2026-03-31,12.5,8.0,10,2,Other,High
3649,2025-12-03,2025-12-29,1.5,8.0,8,4,Documentation,High
3650,2025-11-20,2026-01-07,11.9,,4,2,Documentation,Low
3651,2026-07-04,2026-07-30,9.9,1.0,6,10,Testing,Medium
3652,2026-02-07,2026-02-17,10.5,1.0,9,10,Development,Medium
3653,2026-08-18,2026-09-08,33.9,7.0,8,3,Documentation,Medium
3654,2025-10-11,2025-12-01,9.3,4.0,4,8,Documentation,Medium
3655,2026-02-20,2026-04-12,14.1,8.0,7,1,Documentation,Medium
3656,2026-05-08,2026-06-09,25.6,10.0,9,3,Design,High
3657,2025-12-19,2025-12-10,36.6,4.0,5,9,Development,Medium
3658,2026-06-26,2026-08-06,21.6,8.0,8,7,Other,High
3659,2025-10-04,2025-11-18,3.5,10.0,100,4,Other,Critical
3660,2025-11-25,2025-11-28,27.8,7.0,5,1,DEV,Medium
3661,2025-12-02,2026-01-03,14.3,5.0,2,6,Development,Low
3662,2026-09-02,2026-09-26,7.7,4.0,6,2,Other,Low
3662,2026-09-02,2026-09-26,7.7,4.0,6,2,Other,Low
3664,2025-10-01,2025-11-24,26.1,9.0,1,-1,Other,Low
3665,2025-09-19,2025-11-09,11.1,6.0,6,4,Design,Medium
3666,2026-05-21,2026-06-29,11.3,6.0,7,9,Development,High
3667,2025-11-23,2025-12-22,6.4,7.0,7,1,Design,Medium
3668,2026-08-26,2026-08-18,,6.0,8,9,Documentation,High
3669,2025-12-11,2026-02-07,10.5,9.0,10,1,Other,High
3670,2026-08-24,2026-10-19,,,10,5,Design,Low
3671,2025-11-17,2025-11-28,34.7,6.0,6,2,Testing ,Medium
3672,2025-11-02,2025-12-22,696.9,10.0,2,6,Testing,Medium
3673,2025-12-04,2026-01-01,23.7,,100,6,Development,Critical
3674,2026-05-29,2026-06-06,3.0,8.0,9,1,Testing,High
3675,2025-11-21,2025-12-06,6.2,3.0,9,9,Documentation,Medium
3676,2026-05-15,2026-05-12,2.7,9.0,6,0,Testing,Medium
3677,2026-06-28,2026-07-02,29.3,9.0,6,8,Testing ,High
3677,2026-06-28,2026-07-02,29.3,9.0,6,8,Testing ,High
3679,2025-12-08,2026-01-31,39.6,10.0,8,0,Design,High
3680,2025-12-15,2026-01-06,6.6,,1,6,Other,Low
3681,2025-10-27,2025-11-03,34.4,4.0,1,10,Documentation,Low
3682,2026-03-12,2026-03-06,33.5,6.0,7,8,Testing,High
3683,2025-09-19,2025-10-27,680.9,4.0,10,0,Design,Medium
3684,2025-11-26,2026-01-25,33.9,1.0,7,4,Design,Low
3685,2026-05-19,2026-05-26,705.2,,7,2,Documentation,Low
3686,2025-12-04,2025-12-19,31.7,,9,4,Testing,Low
3687,2026-09-06,2026-10-01,8.2,9.0,3,6,Other,Medium
3688,2026-08-26,2026-09-17,2.1,,9,5,Testing,Low
3689,2026-03-06,2026-03-10,34.2,9.0,6,1,Development,Medium
3690,2025-09-13,2025-10-23,36.8,9.0,2,10,Development,High
3691,2026-02-16,2026-03-27,14.0,2.0,12,6,Documentation,Medium
3692,2026-03-11,2026-05-01,13.6,7.0,8,5,Design,High
3693,2025-10-08,2025-10-27,32.0,9.0,7,6,Design,High
3694,2025-10-17,2025-11-28,12.8,9.0,7,5,Development,High
3695,2026-06-02,2026-06-26,359.5,4.0,2,7,Testing,Low
3696,2026-06-08,2026-07-08,23.3,3.0,4,1,Documentation,Critical
3697,2026-06-17,2026-07-22,37.9,5.0,2,5,Documentation,Low
3698,2026-04-08,2026-04-10,8.2,10.0,2,5,Documentation,Medium
3699,2026-08-15,2026-09-17,29.8,6.0,9,-3,Design,Medium
3700,2026-03-08,2026-04-10,9.9,1.0,7,1,Development,Low
3701,2026-03-02,2026-04-30,12.6,4.0,6,0,Testing ,Low
3702,2026-02-02,2026-02-09,37.8,6.0,4,6,Other,Medium
3703,2026-07-29,2026-08-03,20.5,,0,7,Design,Low
3704,2025-11-18,2025-12-06,27.8,9.0,9,3,Development,High
3705,2025-11-12,2025-12-29,894.3,,9,1,Other,Low
3706,2026-01-16,2026-01-29,1.4,1.0,1,6,Design,Low
3707,2026-03-03,2026-03-20,29.1,10.0,0,7,Development,Critical
3708,2026-03-03,2026-03-12,18.6,8.0,7,5,,High
3709,2026-02-27,2026-03-21,10.8,4.0,3,10,Design,Medium
3710,2026-03-20,2026-04-26,8.0,6.0,6,9,Testing,High
3711,2026-08-12,2026-09-21,28.4,5.0,6,10,Development,Medium
3712,2026-07-28,2026-09-05,4.0,6.0,1,2,Design,Low
3713,2026-08-23,2026-08-20,26.0,3.0,5,7,Other,Medium
3714,2026-04-02,2026-04-22,36.2,3.0,8,7,Other,Medium
3715,2026-03-15,2026-04-05,20.8,9.0,10,6,Testing,High
3716,2026-03-19,2026-03-23,29.5,0.0,4,8,Testing,Low
3717,2026-05-01,2026-05-21,20.7,6.0,6,7,Other,Medium
3718,2025-10-31,2025-12-04,22.7,3.0,5,9,Design,Medium
3719,2026-03-23,2026-03-28,19.9,5.0,7,0,Documentation,Medium
3720,2025-10-20,2025-12-05,6.5,8.0,6,5,Development,Low
3721,2026-08-04,2026-07-31,6.9,3.0,6,1,Documentation,Low
3722,2026-06-07,2026-06-30,4.4,3.0,4,6,Testing,Low
3723,2026-06-01,2026-06-08,1.9,10.0,9,7,Development,Critical
3724,2025-09-30,2025-10-23,4.5,9.0,4,10,Design,High
3725,2025-11-04,2025-11-18,15.8,4.0,6,9,Testing,Medium
3726,2026-03-15,2026-04-06,38.7,8.0,3,0,Testing,Medium
3727,2025-10-01,2025-10-02,30.5,9.0,2,5,Other,Medium
3728,2025-11-25,2026-01-01,22.9,2.0,2,10,Other,Low
3729,2026-01-20,2026-01-28,38.5,-1.0,12,5,,Medium
3730,2026-02-22,2026-04-21,18.4,4.0,8,-1,Other,Low
3731,2026-02-02,2026-03-26,21.6,5.0,2,1,Other,Low
3732,2026-07-31,2026-09-09,18.7,7.0,5,1,Testing ,Medium
3733,2026-08-20,2026-10-03,728.3,6.0,1,10,Other,Medium
3734,2025-11-04,2025-11-17,34.8,5.0,4,9,Design,Medium
3735,2026-03-20,2026-05-19,2.3,1.0,9,0,Development,Low
3736,2025-10-31,2025-11-21,38.6,5.0,0,0,Testing,Low
3737,2026-04-26,2026-06-04,36.4,5.0,3,6,Testing,Medium
3738,2026-05-23,2026-07-10,11.8,7.0,12,0,Development,High
3739,2026-04-24,2026-06-07,23.1,7.0,6,2,Documentation,Medium
3740,2025-11-25,2026-01-06,7.0,7.0,5,8,,Medium
3741,2025-11-05,2025-12-05,1.1,4.0,2,10,Development,High
3742,2026-05-15,2026-05-19,33.9,4.0,8,-2,Other,Low
3743,2026-03-20,2026-04-01,8.3,0.0,0,3,Development,Low
3744,2026-03-24,2026-04-30,16.9,5.0,2,3,development,Low
3745,2025-12-29,2026-01-17,30.1,3.0,7,5,Testing,Low
3746,2025-10-19,2025-11-08,5.1,15.0,4,6,Development,Critical
3747,2025-09-16,2025-09-22,12.4,9.0,3,5,Design,Medium
3748,2026-06-09,2026-07-18,24.7,5.0,7,7,Other,Medium
3749,2026-03-19,2026-05-01,0.5,5.0,12,2,Development,High
3750,2026-04-08,2026-05-08,0.8,6.0,12,7,Testing,High
3751,2026-05-06,2026-05-08,5.5,7.0,7,2,Testing,Medium
3752,2026-02-17,2026-03-06,37.7,8.0,8,6,Design,High
3753,2026-06-09,2026-07-12,8.2,2.0,4,7,Other,Low
3754,2025-12-05,2026-01-26,561.3,7.0,8,9,Design,High
3755,2026-07-26,2026-08-18,29.5,2.0,1,8,Design,Low
3756,2026-08-29,2026-10-01,33.7,8.0,7,1,Other,Medium
3757,2025-10-03,2025-11-12,35.3,6.0,8,0,Other,Medium
3758,2026-02-08,2026-02-21,762.1,5.0,8,1,development,Medium
3759,2025-10-15,2025-10-30,25.2,10.0,2,2,Testing,Medium
3760,2026-06-26,2026-06-29,10.1,3.0,10,10,Development,High
3761,2025-10-27,2025-12-06,30.6,4.0,8,7,Documentation,Medium
3762,2025-12-13,2025-12-29,25.6,3.0,7,6,Design,Medium
3763,2025-12-26,2026-01-25,1.4,1.0,2,10,Other,Low
3764,2025-11-02,2025-12-10,17.8,-1.0,1,8,Testing,Low
3765,2026-07-31,2026-09-05,39.6,8.0,4,0,Development,Medium
3766,2026-04-22,2026-05-14,425.5,3.0,10,8,Development,Medium
3767,2025-10-15,2025-12-14,31.5,15.0,7,4,Other,Critical
3768,2026-07-16,2026-08-27,9.7,2.0,1,5,Design,Medium
3769,2026-06-23,2026-08-17,24.2,6.0,9,5,  Design,High
3770,2026-08-06,2026-08-14,31.6,7.0,9,7,DEV,High
3771,2026-08-13,2026-08-20,35.6,2.0,9,10,Development,Medium
3772,2025-12-17,2025-12-25,2.6,1.0,6,5,Other,Low
3773,2025-12-25,2026-01-01,38.5,3.0,6,1,Documentation,Low
3774,2026-07-26,2026-09-02,21.4,9.0,8,10,Development,Critical
3775,2026-06-03,2026-07-08,20.2,1.0,2,-3,Development,Low
3776,2026-06-10,2026-06-21,9.0,5.0,3,1,Design,Low
3777,2026-04-14,2026-05-21,25.3,6.0,4,0,Development,Low
3778,2025-11-05,2025-11-23,2.9,6.0,2,0,Documentation,Low
3779,2026-08-07,2026-09-01,4.7,7.0,5,4,Other,Medium
3780,2025-10-19,2025-12-18,19.8,9.0,2,8,Documentation,Medium
3781,2026-04-22,2026-05-09,495.5,5.0,8,3,Documentation,Medium
3782,2026-02-18,2026-04-05,3.4,,5,4,Documentation,Low
3783,2026-06-05,2026-07-15,,7.0,9,3,Testing,High
3784,2025-11-22,2025-12-15,10.4,1.0,5,5,Development,Low
3785,2026-02-11,2026-03-06,36.3,7.0,7,1,Development,Medium
3786,2026-07-03,2026-06-25,,1.0,9,3,Other,Low
3787,2026-06-09,2026-08-05,14.8,3.0,7,0,Testing,Low
3788,2025-11-06,2025-12-09,21.7,7.0,7,10,Other,High
3789,2026-09-07,2026-09-21,6.2,8.0,4,1,Development,Medium
3790,2025-11-18,2026-01-10,22.8,1.0,7,4,Other,Low
3790,2025-11-18,2026-01-10,22.8,1.0,7,4,Other,Low
3792,2026-08-22,2026-09-19,0.5,8.0,1,9,Testing ,Medium
3793,2026-01-19,2026-02-25,,7.0,2,9,Other,Medium
3794,2026-02-09,2026-03-15,7.9,10.0,7,3,Documentation,High
3795,2026-08-09,2026-09-24,7.8,10.0,3,9,,High
3796,2025-11-02,2025-12-07,4.0,2.0,5,2,Documentation,Low
3797,2026-01-14,2026-02-05,,5.0,9,8,Documentation,High
3798,2026-03-08,2026-03-15,23.2,4.0,1,4,Development,Low
3799,2026-07-23,2026-09-15,26.4,5.0,3,1,Design,Critical
3800,2026-01-12,2026-02-25,31.9,3.0,3,3,Other,Low
3800,2026-01-12,2026-02-25,31.9,3.0,3,3,Other,Low
3802,2026-04-14,2026-05-26,32.2,3.0,1,9,Other,Low
3803,2026-01-06,2026-02-21,2.8,10.0,10,9,Other,Critical
3804,2026-04-23,2026-05-20,215.3,2.0,1,5,Testing,Low
3805,2026-07-06,2026-08-22,1.8,6.0,10,5,Development,High
3806,2026-04-13,2026-05-06,33.8,4.0,12,2,Documentation,Medium
3807,2026-06-09,2026-06-07,21.9,9.0,1,7,Other,Medium
3808,2026-02-24,2026-02-26,26.8,4.0,5,9,Testing,Medium
3809,2026-01-09,2026-02-05,24.6,7.0,9,2,Design,Medium
3810,2025-10-15,2025-11-23,22.2,,6,10,Documentation,Low
3811,2025-10-01,2025-11-06,33.0,10.0,3,3,Other,Medium
3812,2025-11-01,2025-11-25,476.4,9.0,4,1,Documentation,Medium
3813,2025-10-26,2025-11-14,19.4,5.0,7,9,Development,Medium
3814,2026-06-06,2026-07-11,31.2,3.0,10,0,Other,Medium
3815,2026-03-01,2026-04-16,29.4,1.0,1,5,Design,Low
3816,2026-08-08,2026-08-25,13.6,7.0,2,1,Testing ,Low
3817,2026-05-16,2026-05-25,20.3,10.0,100,6,Documentation,Critical
3818,2025-10-20,2025-12-13,2.6,8.0,100,3,Documentation,High
3819,2026-06-20,2026-07-10,306.8,6.0,10,7,Testing,High
3820,2025-12-08,2025-12-09,7.6,8.0,2,1,Development,Medium
3821,2025-11-09,2025-11-12,39.0,6.0,6,10,Design,High
3822,2025-11-30,2026-01-26,7.9,2.0,4,9,Design,Low
3823,2025-11-16,2025-11-17,15.9,8.0,10,7,Other,High
3824,2026-07-02,2026-08-29,18.9,5.0,7,8,Other,Medium
3825,2026-08-29,2026-09-23,32.6,8.0,1,2,Documentation,Low
3826,2026-03-27,2026-05-01,23.8,5.0,5,3,Other,Medium
3827,2026-07-03,2026-07-06,7.3,4.0,1,1,Testing,Low
3828,2026-08-06,2026-08-13,26.0,2.0,9,5,Development,Medium
3829,2026-06-20,2026-07-22,,8.0,6,0,Testing,Medium
3830,2026-02-04,2026-01-31,35.0,5.0,7,4,Design,Medium
3831,2026-05-23,2026-05-27,39.6,4.0,6,3,Documentation,Medium
3832,2026-08-15,2026-09-20,7.4,5.0,10,6,Testing,High
3833,2026-07-05,2026-08-31,484.2,9.0,9,9,Testing,Low
3834,2026-07-09,2026-08-28,1.3,1.0,10,10,Testing,Medium
3835,2025-09-13,2025-10-03,38.0,10.0,2,1,Documentation,Medium
3836,2026-05-28,2026-05-31,6.7,6.0,7,9,Documentation,High
3837,2026-05-26,2026-07-17,,4.0,9,8,Testing,Medium
3838,2025-09-22,2025-10-15,,2.0,7,1,Testing,Low
3839,2026-06-21,2026-07-25,22.1,7.0,5,7,Other,Medium
3840,2025-09-14,2025-10-31,25.4,7.0,5,10,Testing,High
3841,2025-11-19,2025-11-21,35.6,9.0,1,0,Testing,Low
3842,2026-03-13,2026-04-30,21.9,6.0,1,8,  Design,Medium
3843,2026-07-15,2026-07-16,11.8,3.0,8,9,Development,Medium
3844,2026-06-06,2026-07-27,13.3,9.0,9,6,Testing,High
3845,2026-07-12,2026-07-28,14.3,5.0,6,-4,  Design,Low
3846,2025-09-24,2025-10-17,36.4,7.0,5,10,Documentation,High
3847,2026-02-12,2026-03-10,37.3,5.0,2,8,Development,Low
3848,2026-07-18,2026-08-16,18.2,2.0,12,2,Testing,Medium
3849,2025-10-08,2025-11-22,19.5,3.0,3,3,Design,Low
3850,2026-04-24,2026-05-26,18.7,7.0,1,-3,Development,Low
3851,2025-10-18,2025-11-19,9.9,4.0,9,1,Testing,Medium
3852,2025-10-02,2025-11-30,3.9,6.0,9,-5,Design,Medium
3853,2026-03-28,2026-05-12,20.6,9.0,4,10,Design,High
3854,2025-10-21,2025-10-28,25.4,11.0,5,8,Testing,High
3855,2026-02-18,2026-03-11,3.1,8.0,8,1,Testing ,Medium
3856,2026-04-15,2026-06-07,3.8,4.0,1,6,Documentation,Low
3857,2025-11-10,2025-12-20,17.7,,7,6,Testing ,Low
3858,2026-07-23,2026-09-09,7.9,2.0,8,6,Design,Medium
3859,2025-11-17,2025-12-02,27.8,5.0,3,9,Other,Critical
3860,2026-01-12,2026-02-07,9.1,5.0,7,10,Testing,Medium
3861,2026-03-21,2026-04-06,358.3,9.0,9,5,Testing,High
3862,2026-07-25,2026-09-19,,4.0,9,3,Other,Medium
3863,2026-01-30,2026-02-10,33.9,8.0,4,7,Testing,Medium
3864,2026-08-03,2026-08-09,19.2,8.0,2,3,Testing,Critical
3865,2026-02-01,2026-02-21,30.4,8.0,2,10,Development,Medium
3866,2026-09-05,2026-09-11,2.8,3.0,5,9,development,Medium
3867,2025-10-19,2025-10-26,25.6,2.0,8,2,Testing,Low
3868,2026-04-18,2026-04-23,36.8,5.0,10,5,Other,High
3869,2026-02-21,2026-04-02,12.7,10.0,9,1,Other,High
3870,2026-05-21,2026-06-24,33.8,7.0,8,9,Development,High
3871,2025-09-28,2025-10-06,33.9,3.0,8,10,,Medium
3872,2025-09-21,2025-10-14,36.3,9.0,6,7,Design,High
3873,2026-01-04,2026-01-18,31.8,1.0,12,6,Testing,Medium
3874,2026-01-12,2026-03-11,9.9,5.0,3,8,Design,Medium
3875,2025-10-17,2025-12-14,10.8,6.0,8,3,DEV,Medium
3876,2025-12-23,2026-02-05,7.1,9.0,3,10,Other,High
3877,2025-12-31,2026-02-18,20.7,8.0,1,9,Other,Medium
3877,2025-12-31,2026-02-18,20.7,8.0,1,9,Other,Medium
3879,2025-09-27,2025-10-03,11.6,5.0,10,4,Documentation,High
3880,2026-02-21,2026-03-01,30.3,10.0,6,6,Testing,High
3881,2026-08-19,2026-09-05,37.4,7.0,3,8,Testing,Medium
3882,2026-08-01,2026-08-17,4.5,7.0,1,9,  Design,Medium
3883,2026-04-28,2026-06-13,32.2,1.0,2,9,Development,Low
3884,2026-07-21,2026-08-28,1.8,,7,10,DEV,Low
3885,2026-01-08,2026-01-25,11.5,6.0,6,2,Testing,Medium
3886,2025-11-16,2026-01-06,12.4,6.0,7,3,Testing,Medium
3887,2025-12-26,2025-12-28,948.9,6.0,6,0,doc,High
3888,2026-05-03,2026-06-24,17.7,8.0,2,3,Design,Medium
3889,2026-04-24,2026-05-22,23.6,6.0,1,10,Design,Medium
3890,2025-12-20,2026-02-15,8.7,5.0,7,3,  Design,Low
3891,2025-10-12,2025-12-07,30.8,5.0,4,4,Development,Medium
3892,2025-11-22,2026-01-03,,,7,3,Testing,Low
3893,2026-02-24,2026-04-03,5.8,6.0,2,9,Design,Medium
3894,2026-07-03,2026-08-20,8.9,7.0,4,1,Other,Medium
3895,2026-02-12,2026-02-18,16.3,10.0,8,1,DEV,High
3896,2026-06-28,2026-08-13,5.4,6.0,6,6,Other,Medium
3897,2026-04-06,2026-05-21,1.4,1.0,2,7,Development,Low
3898,2026-06-20,2026-07-30,3.6,5.0,9,1,Documentation,Medium
3899,2026-05-27,2026-07-21,25.9,8.0,3,2,Testing,Medium
3900,2026-02-03,2026-03-31,9.0,2.0,5,5,Other,Low
3901,2025-12-09,2026-01-01,11.5,2.0,5,4,Testing ,Low
3902,2026-08-26,2026-09-16,14.3,4.0,5,4,Testing,Low
3903,2025-11-21,2025-12-15,0.7,10.0,6,4,Other,High
3904,2025-10-05,2025-12-03,7.5,1.0,7,2,DEV,Low
3905,2026-07-11,2026-09-05,37.1,9.0,3,5,Other,Medium
3906,2025-09-30,2025-10-21,22.2,9.0,9,7,Development,High
3907,2026-06-11,2026-06-14,5.6,2.0,100,4,Testing,Critical
3908,2026-01-04,2026-01-18,,10.0,10,-3,development,High
3909,2026-06-18,2026-07-24,5.9,8.0,10,8,Other,High
3910,2026-05-07,2026-05-18,1.8,3.0,9,-2,Development,Critical
3911,2026-07-21,2026-09-10,35.9,3.0,1,8,Design,Low
3912,2025-10-02,2025-09-26,14.6,3.0,9,6,Development,Medium
3913,2026-01-22,2026-02-10,36.8,8.0,10,3,Other,High
3914,2026-07-10,2026-08-19,26.7,,6,6,Other,Low
3915,2026-05-18,2026-06-24,27.7,7.0,2,10,Other,Medium
3916,2025-10-03,2025-11-29,35.9,2.0,5,10,Development,Medium
3917,2026-08-01,2026-09-16,2.4,4.0,4,9,Other,Medium
3918,2026-04-29,2026-04-23,3.9,9.0,7,1,Design,Medium
3919,2026-08-15,2026-08-20,6.3,2.0,9,9,Other,Medium
3920,2026-07-16,2026-09-01,13.3,2.0,4,6,Other,Low
3921,2026-05-24,2026-07-21,39.7,2.0,1,1,  Design,Low
3922,2026-04-25,2026-05-11,14.2,10.0,6,8,Other,High
3923,2025-12-30,2026-01-21,3.1,2.0,4,8,Development,Low
3924,2026-04-27,2026-06-12,38.2,5.0,1,9,Development,Medium
3925,2026-03-30,2026-05-04,628.1,4.0,8,2,Documentation,Medium
3926,2025-09-19,2025-09-23,0.6,10.0,7,8,  Design,High
3927,2026-07-21,2026-08-15,1.2,6.0,1,5,Documentation,Low
3928,2025-09-24,2025-10-29,7.9,7.0,6,9,Design,High
3929,2026-07-20,2026-09-08,20.9,2.0,100,10,Documentation,Critical
3930,2025-10-04,2025-10-08,571.0,4.0,100,1,Documentation,Critical
3931,2026-06-16,2026-08-14,5.0,10.0,3,7,Design,High
3932,2026-01-25,2026-03-22,5.5,7.0,1,10,Design,Medium
3933,2026-04-04,2026-04-16,12.3,5.0,8,5,  Design,Low
3934,2026-08-09,2026-09-21,1.6,1.0,5,9,Design,Low
3935,2026-03-18,2026-05-15,18.5,4.0,1,6,Documentation,Low
3936,2026-05-04,2026-05-16,,2.0,6,9,Documentation,Medium
3937,2025-12-01,2025-12-10,30.4,8.0,7,0,Other,Medium
3938,2026-07-22,2026-08-01,30.7,3.0,10,5,Documentation,Critical
3939,2026-01-26,2026-02-22,20.4,4.0,7,5,Design,Medium
3940,2026-09-10,2026-11-03,8.9,3.0,1,5,Testing,Critical
3941,2026-04-07,2026-03-30,938.4,6.0,2,5,Other,Medium
3942,2026-06-14,2026-08-01,18.7,2.0,5,3,Design,Low
3943,2026-06-28,2026-08-23,16.9,9.0,2,3,Testing,Medium
3944,2026-07-07,2026-08-04,22.3,1.0,2,1,Design,Low
3945,2025-10-03,2025-10-12,30.3,2.0,4,3,Development,Low
3946,2025-11-13,2025-12-01,28.5,8.0,7,6,Testing,High
3947,2026-07-22,2026-09-08,9.5,8.0,2,7,Design,Medium
3948,2026-06-16,2026-06-17,,5.0,3,7,  Design,Medium
3949,2025-10-09,2025-11-26,38.3,2.0,10,10,Development,High
3950,2025-11-02,2025-12-21,33.6,10.0,1,7,Design,Medium
3951,2025-09-12,2025-09-20,4.2,4.0,2,-5,Other,Low
3952,2026-08-19,2026-08-31,2.3,7.0,9,5,DEV,High
3953,2026-05-28,2026-07-08,18.6,9.0,10,9,Testing ,Critical
3954,2026-04-28,2026-06-02,1.4,7.0,7,7,Design,High
3955,2025-11-11,2025-12-17,10.6,2.0,5,3,Design,Low
3956,2026-08-10,2026-09-05,,8.0,2,2,Design,Medium
3957,2026-04-17,2026-06-07,32.0,9.0,7,4,Design,High
3958,2025-10-25,2025-11-03,23.7,7.0,8,3,Development,Medium
3959,2026-07-08,2026-08-28,16.2,3.0,10,4,Testing,Medium
3960,2026-07-17,2026-08-15,38.6,8.0,4,9,Documentation,High
3961,2025-11-03,2025-11-17,22.6,8.0,4,9,Other,High
3962,2026-06-07,2026-06-18,27.5,9.0,4,5,DEV,Medium
3963,2025-10-21,2025-11-12,,,6,1,Testing,Low
3964,2026-02-22,2026-04-04,3.3,7.0,8,2,Other,Medium
3965,2026-04-09,2026-05-03,33.1,5.0,8,10,Testing ,High
3966,2026-05-11,2026-06-01,13.7,,3,9,Other,Low
3967,2025-11-30,2025-12-06,2.6,10.0,9,9,Development,Critical
3968,2025-10-13,2025-10-23,7.0,5.0,8,9,Documentation,High
3969,2025-12-06,2025-12-17,16.6,1.0,10,10,Testing,Medium
3970,2025-11-19,2025-12-01,33.3,1.0,3,5,Testing,Medium
3971,2026-05-06,2026-05-19,10.7,4.0,7,5,Design,Medium
3972,2026-07-30,2026-08-11,3.4,6.0,8,5,Testing,Medium
3973,2025-10-15,2025-12-04,33.7,6.0,3,9,Design,Medium
3974,2026-08-16,2026-08-26,20.4,10.0,10,8,Other,Critical
3975,2026-02-26,2026-04-01,,,6,2,Design,Low
3976,2026-08-27,2026-10-09,39.8,5.0,2,3,Development,Low
3977,2026-05-02,2026-06-29,,6.0,10,0,Documentation,Medium
3978,2025-11-08,2025-12-09,20.7,11.0,10,5,Development,Critical
3979,2026-06-17,2026-07-06,18.2,1.0,5,1,Other,Low
3980,2025-12-21,2026-02-12,14.3,6.0,7,2,development,Medium
3981,2025-10-24,2025-10-27,16.2,1.0,8,3,Other,Low
3982,2026-04-07,2026-05-19,12.5,10.0,9,7,Documentation,Critical
3983,2026-04-23,2026-05-15,18.1,7.0,8,6,Documentation,High
3984,2026-02-21,2026-04-08,38.3,6.0,6,2,Documentation,Medium
3985,2026-04-11,2026-04-22,25.7,4.0,2,-5,Other,Low
3986,2025-12-19,2025-12-27,23.1,5.0,2,2,development,Low
3987,2026-01-16,2026-02-21,450.3,7.0,10,4,Testing,High
3988,2026-08-09,2026-08-30,21.8,8.0,9,7,DEV,High
3989,2026-03-11,2026-04-27,27.9,5.0,5,0,Documentation,Low
3990,2026-04-02,2026-05-15,16.5,3.0,1,2,Testing,Low
3991,2026-05-15,2026-07-01,26.1,9.0,4,4,Design,Medium
3992,2026-03-12,2026-03-15,23.0,4.0,6,9,Testing,Medium
3993,2026-06-26,2026-07-09,5.7,5.0,5,10,Documentation,Medium
3994,2026-01-22,2026-02-14,19.9,7.0,1,6,doc,Medium
3995,2026-05-08,2026-05-18,,1.0,3,8,Other,Low
3996,2026-07-03,2026-07-31,12.9,,3,1,doc,Low
3997,2026-05-31,2026-06-21,32.9,3.0,3,7,Testing ,Low
3998,2026-02-24,2026-03-30,21.2,2.0,9,9,Testing,Medium
3999,2025-09-26,2025-10-05,37.6,7.0,10,1,Other,Critical
4000,2026-07-18,2026-08-02,30.2,3.0,5,5,Design,Low
4001,2026-08-29,2026-10-24,20.9,10.0,5,2,Design,Medium
4002,2026-06-02,2026-05-25,34.5,1.0,8,3,development,Low
4003,2026-08-17,2026-08-18,31.4,8.0,7,6,Design,High
4004,2025-12-21,2026-01-22,29.2,6.0,4,5,Other,Medium
4005,2025-11-15,2025-11-27,29.1,10.0,5,0,Other,Medium
4006,2026-01-21,2026-01-28,7.2,9.0,1,10,Design,Medium
4007,2025-11-02,2025-11-13,5.7,7.0,8,7,Development,High
4008,2026-09-01,2026-09-30,13.5,8.0,5,5,  Design,Medium
4009,2026-04-13,2026-05-22,31.7,1.0,8,6,Documentation,Medium
4010,2025-09-13,2025-09-29,,5.0,10,3,Development,Medium
4010,2025-09-13,2025-09-29,,5.0,10,3,Development,Medium
4012,2026-04-11,2026-05-16,39.0,6.0,1,3,Testing,Medium
4013,2026-09-07,2026-10-01,4.7,8.0,2,9,Development,Medium
4014,2025-12-23,2026-02-20,4.8,8.0,10,9,Testing,Critical
4015,2026-07-06,2026-08-06,25.1,9.0,10,6,Other,Low
4016,2026-08-28,2026-09-25,22.7,1.0,9,6,Other,Medium
4017,2026-01-10,2026-01-03,38.0,5.0,5,1,Development,High
4018,2026-06-19,2026-07-01,35.6,2.0,1,2,Design,Low
4019,2026-07-07,2026-08-23,39.1,8.0,6,10,Testing,High
4020,2025-10-06,2025-10-11,28.2,2.0,7,3,Documentation,Low
4021,2025-11-18,2025-12-18,4.8,5.0,6,4,Design,Medium
4022,2026-08-12,2026-10-02,10.8,7.0,10,1,Design,High
4023,2026-06-23,2026-07-30,597.5,7.0,6,9,doc,High
4024,2026-09-06,2026-08-29,19.1,2.0,9,2,Testing,Low
4025,2025-11-16,2025-12-30,8.7,6.0,9,3,Testing,Medium
4026,2026-05-03,2026-06-28,26.6,5.0,8,7,Documentation,Medium
4027,2026-04-17,2026-05-16,29.3,2.0,1,6,Documentation,Low
4028,2026-05-02,2026-05-03,15.3,7.0,9,3,Development,High
4029,2025-11-07,2025-12-31,36.5,9.0,8,9,doc,High
4030,2026-08-01,2026-09-28,13.0,9.0,7,0,Documentation,Medium
4031,2026-07-22,2026-08-04,5.7,9.0,5,10,Other,High
4032,2026-05-05,2026-05-03,14.5,1.0,0,9,Other,Low
4033,2026-07-14,2026-08-14,16.2,8.0,1,1,Other,Low
4034,2025-11-04,2025-12-05,8.9,9.0,5,4,Development,Medium
4035,2026-01-02,2026-02-26,4.4,6.0,3,-3,Documentation,Low
4036,2026-03-24,2026-04-30,15.2,5.0,6,9,Design,Low
4037,2026-01-19,2026-01-31,28.5,10.0,3,5,Design,Medium
4038,2026-05-08,2026-06-29,6.7,8.0,5,10,Design,High
4039,2026-05-09,2026-06-07,22.1,7.0,8,9,Documentation,High
4040,2026-01-28,2026-02-03,22.0,3.0,8,4,Other,Medium
4041,2026-08-24,2026-09-23,7.2,2.0,5,3,Design,Low
4042,2026-04-10,2026-05-24,24.0,10.0,6,-3,Design,Medium
4043,2025-10-20,2025-11-01,21.7,7.0,0,9,Design,Medium
4044,2026-01-06,2026-03-04,20.7,7.0,9,5,Documentation,High
4045,2025-10-09,2025-12-03,13.8,8.0,4,2,Development,Medium
4046,2025-10-03,2025-10-24,37.0,11.0,10,1,Documentation,High
4047,2025-09-13,2025-10-15,13.7,4.0,10,7,Other,High
4048,2026-02-10,2026-02-13,13.5,9.0,9,4,Documentation,High
4049,2026-01-12,2026-02-14,12.1,8.0,8,-5,Design,Medium
4050,2025-12-27,2026-01-16,15.2,4.0,8,4,development,Medium
4051,2026-03-10,2026-04-09,267.5,7.0,7,9,Development,High
4052,2026-07-10,2026-08-31,1.5,5.0,2,4,Documentation,Critical
4053,2025-11-28,2026-01-23,19.7,9.0,9,3,Development,High
4054,2026-06-25,2026-07-14,37.3,9.0,3,6,Design,Medium
4055,2026-01-26,2026-03-17,653.3,,2,-5,Testing,Low
4056,2026-07-28,2026-07-29,20.7,5.0,10,9,Documentation,High
4057,2026-01-02,2026-02-21,0.6,10.0,3,1,Other,Medium
4058,2026-03-08,2026-03-29,39.2,8.0,10,6,Development,High
4059,2025-11-06,2025-11-19,1.5,1.0,8,0,  Design,Low
4060,2026-04-08,2026-05-13,39.6,5.0,8,0,Testing,Medium
4061,2026-05-22,2026-06-12,9.4,7.0,8,10,,High
4062,2026-03-18,2026-03-25,22.7,7.0,10,3,Documentation,High
4063,2025-10-16,2025-11-19,6.8,10.0,7,5,Design,High
4064,2026-08-09,2026-09-21,32.2,5.0,10,5,DEV,High
4065,2026-03-09,2026-03-10,657.3,10.0,1,9,Design,High
4066,2025-11-26,2025-12-17,37.2,,0,10,Documentation,Critical
4067,2026-04-18,2026-04-23,36.8,1.0,12,9,Testing,Low
4068,2025-12-04,2025-12-24,27.3,7.0,9,2,Other,High
4069,2026-04-20,2026-05-20,477.4,8.0,3,10,Other,High
4070,2026-09-08,2026-09-25,26.0,4.0,9,3,Other,Medium
4071,2026-03-26,2026-05-22,6.0,8.0,12,0,Documentation,High
4072,2026-05-08,2026-06-01,22.1,5.0,4,6,Testing,Medium
4073,2026-02-07,2026-02-21,8.8,3.0,4,1,Documentation,Low
4074,2026-08-28,2026-09-01,39.1,2.0,3,9,Development,Low
4075,2026-09-02,2026-09-20,1.9,10.0,10,3,Development,High
4076,2025-09-21,2025-09-12,35.1,5.0,7,8,Testing,Medium
4077,2026-01-18,2026-02-21,13.8,5.0,3,7,Development,Medium
4078,2026-03-12,2026-04-08,12.8,3.0,3,6,Testing ,Low
4079,2026-07-22,2026-08-30,3.5,1.0,4,7,Documentation,Low
4080,2026-05-06,2026-06-13,15.6,7.0,4,7,Design,Medium
4081,2026-06-02,2026-07-31,19.0,1.0,7,8,Testing,Medium
4082,2026-03-14,2026-05-05,15.8,10.0,2,10,Other,High
4083,2025-10-20,2025-11-21,37.1,2.0,5,2,Other,Low
4084,2025-12-14,2025-12-22,18.7,,2,5,Design,Low
4085,2026-01-03,2026-02-24,22.0,7.0,10,1,doc,High
4086,2026-01-06,2026-02-08,5.5,1.0,3,8,Development,Low
4087,2025-10-16,2025-10-28,238.8,2.0,7,7,Development,Medium
4088,2026-06-27,2026-08-23,5.5,2.0,5,1,Development,Low
4089,2026-06-16,2026-06-23,,8.0,3,7,Testing,Medium
4090,2026-08-25,2026-09-07,20.6,1.0,5,3,Development,Low
4091,2026-08-03,2026-09-14,33.7,2.0,9,7,Development,Medium
4092,2026-05-28,2026-07-11,36.9,4.0,2,1,Testing ,Low
4092,2026-05-28,2026-07-11,36.9,4.0,2,1,Testing ,Low
4094,2025-11-19,2025-12-06,9.8,1.0,5,7,Documentation,Low
4095,2026-07-18,2026-09-10,27.8,5.0,9,3,Testing ,Medium
4096,2025-11-01,2025-12-13,,3.0,8,4,Design,Medium
4097,2026-03-28,2026-04-01,6.9,7.0,3,0,Documentation,Low
4098,2026-06-14,2026-06-27,29.3,5.0,2,9,  Design,Medium
4099,2026-08-10,2026-08-11,38.7,7.0,5,7,Other,Medium
4100,2026-03-27,2026-05-13,39.9,4.0,4,4,Documentation,Low
4101,2025-12-19,2026-01-28,33.6,4.0,6,3,Testing,Medium
4102,2026-01-27,2026-02-22,0.8,5.0,2,7,Design,Medium
4103,2025-09-26,2025-11-12,6.9,3.0,1,-3,DEV,Low
4104,2026-07-06,2026-07-10,27.3,4.0,6,3,Development,Medium
4105,2026-04-05,2026-05-02,8.3,10.0,4,5,Other,High
4106,2025-11-06,2025-12-11,13.2,4.0,5,5,Testing,Medium
4107,2026-01-01,2026-02-02,23.5,3.0,2,8,Documentation,Low
4108,2026-02-20,2026-04-14,31.8,10.0,6,1,Testing,High
4109,2026-01-22,2026-01-16,10.7,2.0,5,6,Design,Low
4110,2026-07-26,2026-09-24,19.6,5.0,1,3,Testing,Low
4111,2026-03-09,2026-05-01,9.2,6.0,6,8,Testing,Medium
4112,2026-04-12,2026-04-15,17.4,6.0,7,4,Other,Medium
4113,2026-04-13,2026-05-03,32.1,10.0,4,2,Testing,Medium
4114,2026-04-19,2026-05-04,38.2,3.0,9,1,Development,Medium
4115,2025-12-23,2026-02-06,33.1,8.0,7,7,Development,High
4116,2026-07-25,2026-08-11,5.0,3.0,10,10,Other,High
4117,2025-09-12,2025-09-27,22.5,1.0,5,1,Other,Low
4118,2025-09-20,2025-10-31,31.6,8.0,7,2,  Design,Medium
4119,2026-08-02,2026-09-25,27.3,9.0,4,0,Development,Medium
4120,2025-09-28,2025-11-26,652.6,1.0,10,4,Development,Medium
4121,2025-12-09,2025-12-26,23.0,8.0,7,3,Testing ,Low
4121,2025-12-09,2025-12-26,23.0,8.0,7,3,Testing ,Low
4123,2026-01-29,2026-02-16,31.1,6.0,8,3,Development,Medium
4124,2026-06-28,2026-08-01,34.2,9.0,9,7,Other,High
4125,2026-02-10,2026-03-31,27.9,3.0,4,6,doc,Low
4126,2025-12-31,2025-12-24,6.2,7.0,4,1,Other,Medium
4127,2026-08-14,2026-09-14,33.9,10.0,8,4,Development,High
4128,2026-02-04,2026-02-12,23.1,4.0,9,10,Development,High
4129,2025-12-29,2026-02-26,18.5,9.0,4,4,Design,Medium
4130,2026-08-22,2026-09-17,35.0,4.0,1,8,Documentation,Low
4131,2026-01-31,2026-03-23,39.4,4.0,9,8,DEV,Medium
4132,2025-12-05,2026-01-09,1.3,7.0,3,-2,Design,Low
4133,2026-05-22,2026-07-09,15.9,9.0,2,9,Other,High
4134,2026-05-28,2026-07-25,30.3,0.0,10,2,Design,Low
4135,2026-05-25,2026-05-28,4.2,6.0,10,3,Documentation,High
4136,2026-09-09,2026-10-18,33.4,10.0,1,3,Design,Medium
4137,2026-04-29,2026-06-11,13.2,8.0,10,1,Other,High
4138,2026-02-14,2026-04-03,10.0,7.0,2,0,Testing,Low
4139,2026-05-15,2026-07-02,30.8,7.0,1,10,Other,Medium
4140,2026-02-09,2026-03-24,21.7,2.0,100,9,Testing,Critical
4141,2025-11-20,2026-01-19,29.8,9.0,6,8,Testing,High
4142,2026-08-11,2026-08-14,22.6,2.0,8,2,Testing,Low
4143,2025-10-03,2025-11-04,29.7,1.0,5,0,Other,Low
4144,2026-04-28,2026-05-20,12.0,5.0,8,8,Documentation,Medium
4145,2025-12-27,2026-01-09,681.8,2.0,2,-4,Documentation,Low
4146,2026-06-15,2026-07-01,36.1,,3,4,development,Low
4147,2026-05-31,2026-07-29,6.7,5.0,2,7,Documentation,Medium
4148,2025-12-10,2025-12-16,37.1,8.0,10,2,Development,High
4149,2026-01-03,2026-02-18,4.0,5.0,1,2,Other,Low
4150,2026-02-26,2026-03-06,22.5,6.0,6,8,Development,Medium
4151,2026-08-31,2026-09-18,1.5,9.0,10,10,Documentation,Critical
4151,2026-08-31,2026-09-18,1.5,9.0,10,10,Documentation,Critical
4153,2026-08-18,2026-09-18,1.4,8.0,8,2,Testing,High
4154,2026-05-05,2026-05-20,8.1,1.0,2,7,Development,Medium
4155,2026-04-03,2026-04-16,34.4,,5,5,Development,Low
4156,2025-12-15,2026-01-17,34.2,7.0,4,4,Design,Medium
4157,2025-10-16,2025-11-22,12.6,6.0,5,10,Testing,Medium
4158,2026-04-26,2026-05-10,2.2,6.0,2,5,Design,Medium
4158,2026-04-26,2026-05-10,2.2,6.0,2,5,Design,Medium
4160,2026-07-10,2026-08-03,21.6,,10,1,Design,Low
4161,2026-06-04,2026-06-09,39.6,4.0,7,5,Other,Medium
4162,2026-06-24,2026-06-25,1.2,5.0,10,2,Design,Medium
4163,2026-04-22,2026-04-27,27.5,10.0,7,2,Other,High
4164,2025-11-15,2026-01-14,1.2,8.0,7,1,Other,Medium
4165,2026-07-18,2026-08-16,12.7,10.0,3,5,Testing,Medium
4166,2026-04-01,2026-05-03,5.7,9.0,3,2,Development,Medium
4167,2026-08-19,2026-08-13,20.0,9.0,4,10,DEV,High
4168,2026-04-29,2026-04-20,15.2,9.0,3,5,doc,Medium
4169,2026-06-23,2026-07-13,25.6,9.0,5,3,Design,Medium
4170,2025-10-15,2025-10-27,25.1,4.0,3,-3,Design,Low
4171,2026-05-07,2026-07-02,29.6,5.0,10,1,Other,Medium
4172,2026-07-01,2026-08-04,12.0,8.0,4,4,Development,Medium
4173,2026-09-02,2026-09-09,32.0,2.0,5,-3,Other,Low
4174,2026-06-18,2026-07-15,10.5,5.0,1,4,Documentation,Low
4175,2026-09-02,2026-09-12,22.4,9.0,7,7,Other,High
4176,2025-12-12,2025-12-14,31.8,8.0,7,5,Other,High
4177,2026-02-12,2026-04-12,36.4,8.0,4,2,Testing,Medium
4178,2026-01-09,2026-02-18,35.1,5.0,12,8,Testing,High
4179,2026-08-18,2026-10-04,5.3,9.0,5,0,Development,Medium
4180,2025-12-19,2026-01-19,25.6,10.0,100,4,Development,Critical
4181,2025-10-19,2025-12-14,361.3,5.0,7,1,Documentation,Medium
4182,2026-01-31,2026-03-19,2.8,6.0,7,10,Design,High
4183,2026-03-16,2026-04-15,39.8,15.0,10,10,Testing,Critical
4184,2026-03-12,2026-04-22,4.7,10.0,0,7,Documentation,Medium
4185,2025-11-19,2025-12-28,15.2,4.0,8,3,Testing,Medium
4186,2026-01-02,2026-01-09,10.1,1.0,6,0,Other,Low
4187,2026-06-28,2026-07-02,14.7,8.0,5,9,Documentation,High
4188,2026-07-01,2026-07-03,12.3,9.0,5,9,Other,High
4189,2025-11-03,2025-12-18,19.3,4.0,10,5,Testing,Medium
4190,2026-04-16,2026-06-07,33.3,2.0,9,10,Documentation,Medium
4191,2026-05-29,2026-07-06,509.6,3.0,8,7,Other,Medium
4192,2026-04-30,2026-06-17,30.8,4.0,8,6,Documentation,Medium
4193,2026-07-04,2026-07-14,11.3,1.0,4,-2,Testing,Low
4194,2025-12-02,2025-12-07,19.9,6.0,4,1,  Design,Low
4195,2026-02-28,2026-04-11,23.2,4.0,2,5,Other,Low
4196,2026-02-14,2026-04-07,2.0,10.0,8,9,Testing,Critical
4197,2025-10-14,2025-12-08,6.6,10.0,9,2,Other,High
4198,2025-10-16,2025-11-13,19.9,4.0,7,5,DEV,Medium
4198,2025-10-16,2025-11-13,19.9,4.0,7,5,DEV,Medium
4200,2026-03-12,2026-03-29,,2.0,9,8,Development,High
4201,2025-12-08,2025-12-09,35.8,1.0,8,9,Other,Medium
4202,2025-12-22,2026-01-18,16.9,3.0,1,8,DEV,Low
4203,2026-04-11,2026-05-06,38.9,2.0,6,6,Testing,Low
4204,2026-01-01,2026-01-21,22.0,4.0,3,10,Design,Low
4205,2026-02-22,2026-02-27,30.8,6.0,5,3,Other,Medium
4206,2026-08-15,2026-09-28,18.6,6.0,3,-1,Testing ,Low
4207,2026-03-29,2026-05-06,18.6,5.0,2,1,Documentation,Low
4208,2025-09-12,2025-09-15,,15.0,8,10,DEV,Critical
4209,2026-05-08,2026-06-05,5.7,3.0,6,0,Development,Low
4210,2026-03-24,2026-04-19,25.2,1.0,5,10,Other,Low
4211,2026-06-08,2026-07-04,14.3,6.0,7,9,Documentation,High
4212,2026-03-31,2026-03-21,7.5,10.0,6,7,Testing,High
4213,2025-09-23,2025-09-24,12.3,9.0,6,9,Documentation,Low
4214,2025-11-22,2025-12-28,22.9,8.0,5,0,Development,Medium
4215,2026-02-07,2026-03-19,967.2,9.0,6,0,Development,Medium
4216,2026-01-08,2026-01-11,38.5,8.0,9,9,Design,High
4217,2025-11-21,2025-11-25,29.9,8.0,9,-5,Development,Medium
4218,2026-06-05,2026-08-03,27.9,10.0,5,0,Testing,Medium
4219,2026-09-05,2026-08-27,14.9,4.0,5,8,DEV,Medium
4220,2026-07-27,2026-08-15,11.7,8.0,6,10,Design,High
4221,2026-06-07,2026-06-19,6.4,8.0,3,7,Documentation,Medium
4222,2026-08-19,2026-09-29,28.5,,7,4,  Design,Low
4223,2026-08-15,2026-10-08,32.5,4.0,3,0,Development,Low
4224,2026-08-15,2026-09-20,30.3,10.0,1,2,DEV,Medium
4225,2026-05-06,2026-06-26,9.1,7.0,8,4,Documentation,High
4226,2026-04-25,2026-05-04,33.1,3.0,6,6,Testing,Medium
4227,2026-08-23,2026-09-02,17.3,5.0,8,5,Development,Medium
4228,2026-02-15,2026-04-14,13.1,2.0,10,3,,Medium
4229,2026-02-24,2026-04-01,24.7,4.0,2,2,Other,Low
4230,2026-09-08,2026-11-02,25.4,3.0,10,5,Design,High
4231,2025-12-10,2026-01-01,34.3,1.0,1,9,Documentation,Low
4232,2025-11-06,2025-11-25,33.4,5.0,1,2,Other,Low
4233,2025-10-22,2025-11-11,,3.0,10,9,development,High
4234,2025-12-31,2026-02-04,20.4,0.0,100,3,Documentation,Critical
4235,2025-11-28,2025-12-07,21.9,3.0,8,1,Testing,Low
4236,2026-07-03,2026-08-06,20.6,1.0,2,7,Testing,Low
4237,2026-03-30,2026-04-17,36.9,1.0,5,1,Other,Low
4238,2026-01-02,2026-02-28,27.3,8.0,10,5,Design,High
4239,2026-09-07,2026-11-02,2.8,,5,-3,Development,Low
4240,2026-03-21,2026-05-06,35.4,5.0,2,5,Development,Low
4240,2026-03-21,2026-05-06,35.4,5.0,2,5,Development,Low
4242,2026-06-23,2026-07-21,17.3,6.0,7,8,Testing,High
4243,2026-06-27,2026-06-22,4.2,6.0,10,10,Other,High
4244,2026-08-26,2026-09-15,37.2,1.0,3,3,Testing,Low
4245,2025-12-11,2025-12-17,27.7,3.0,1,8,Testing,Low
4246,2026-06-03,2026-07-27,34.1,8.0,8,2,Testing,High
4247,2025-09-12,2025-10-21,3.9,5.0,7,6,Design,Medium
4248,2025-11-15,2025-11-25,10.5,6.0,7,10,Documentation,Critical
4249,2026-07-26,2026-08-10,21.1,3.0,9,2,Documentation,Medium
4250,2026-04-27,2026-05-01,12.2,5.0,3,6,Testing,Medium
4251,2026-08-15,2026-09-04,35.2,,8,6,Development,Low
4252,2026-05-24,2026-06-07,19.5,8.0,7,9,Documentation,High
4253,2026-06-10,2026-07-28,10.6,5.0,2,8,Documentation,Medium
4254,2026-07-20,2026-09-06,17.4,5.0,10,8,Other,High
4255,2025-10-10,2025-12-03,23.5,1.0,9,7,Development,Medium
4256,2026-08-25,2026-09-25,7.9,9.0,9,8,  Design,High
4257,2026-08-05,2026-08-30,16.0,9.0,6,2,Testing ,Medium
4258,2025-12-29,2025-12-21,35.3,8.0,12,6,Development,Critical
4259,2026-05-13,2026-05-22,1.7,4.0,2,7,Design,Low
4260,2026-06-01,2026-07-27,26.2,-1.0,9,6,Other,Low
4261,2026-03-10,2026-05-02,13.9,,6,0,Documentation,Low
4261,2026-03-10,2026-05-02,13.9,,6,0,Documentation,Low
4263,2026-08-21,2026-09-27,10.8,9.0,9,3,Design,High
4264,2026-07-18,2026-08-22,16.4,1.0,9,2,Development,Low
4265,2026-02-23,2026-04-21,26.5,2.0,8,5,Other,Medium
4266,2026-07-30,2026-08-04,22.5,7.0,5,3,Design,Medium
4267,2025-10-18,2025-11-17,31.2,7.0,2,5,Documentation,Medium
4268,2026-02-15,2026-03-26,12.6,15.0,7,1,Other,Critical
4269,2026-03-01,2026-04-26,30.1,1.0,9,2,Documentation,Low
4270,2026-01-01,2026-01-09,36.0,10.0,6,2,Testing ,High
4271,2026-04-05,2026-06-03,21.7,9.0,5,3,Development,Medium
4272,2026-04-25,2026-05-15,35.7,6.0,8,1,Documentation,Medium
4273,2025-11-12,2025-12-24,3.7,2.0,1,10,Testing,Low
4274,2026-02-18,2026-04-17,768.3,5.0,8,9,Other,High
4275,2026-03-09,2026-04-05,34.4,2.0,8,3,Other,Low
4276,2025-11-22,2026-01-01,25.4,2.0,6,3,Design,Low
4277,2026-08-18,2026-08-21,35.5,3.0,7,6,Testing,Medium
4278,2025-12-28,2026-02-20,9.0,3.0,4,3,  Design,Low
4279,2026-06-05,2026-07-08,30.3,1.0,9,7,Documentation,Medium
4280,2026-02-08,2026-03-21,28.7,1.0,10,8,Other,Medium
4281,2026-03-14,2026-05-10,11.4,,6,-2,Documentation,Low
4282,2026-03-27,2026-03-31,,8.0,9,8,Design,High
4283,2026-07-10,2026-07-14,,6.0,10,10,Development,High
4284,2026-08-15,2026-09-27,8.8,3.0,12,8,Testing,Critical
4285,2026-02-05,2026-03-08,1.6,9.0,8,2,  Design,High
4286,2026-08-23,2026-10-07,9.4,6.0,9,-5,Documentation,Medium
4287,2026-07-22,2026-08-19,28.2,3.0,1,1,Testing,Low
4288,2025-09-14,2025-09-16,37.1,10.0,8,4,Development,High
4289,2025-10-03,2025-11-08,28.0,8.0,5,4,Development,Medium
4290,2026-03-08,2026-05-02,33.3,3.0,3,3,Testing,Low
4290,2026-03-08,2026-05-02,33.3,3.0,3,3,Testing,Low
4292,2025-11-16,2025-12-11,810.5,2.0,9,8,Documentation,Medium
4293,2025-09-22,2025-09-27,25.0,9.0,1,4,Other,Critical
4294,2025-11-09,2025-12-18,0.9,1.0,9,0,Testing,Low
4295,2025-12-05,2025-12-31,16.7,3.0,3,5,Testing,Low
4296,2026-07-11,2026-08-24,32.3,10.0,3,4,Design,Medium
4297,2026-08-29,2026-09-24,36.2,11.0,3,2,doc,Medium
4298,2025-10-02,2025-11-06,22.3,9.0,6,1,Testing,Medium
4299,2025-09-15,2025-10-03,29.6,2.0,1,0,Development,Low
4300,2025-12-24,2025-12-16,8.4,9.0,8,2,Testing,High
4301,2025-09-24,2025-10-24,378.4,6.0,6,7,Documentation,Medium
4302,2026-06-24,2026-08-08,17.5,10.0,2,1,Testing,Medium
4303,2026-05-19,2026-05-31,29.1,2.0,8,7,DEV,Medium
4304,2026-06-20,2026-06-27,,9.0,3,-1,Other,Medium
4305,2025-11-21,2026-01-12,10.6,11.0,4,10,doc,High
4306,2026-01-09,2026-01-15,18.8,9.0,3,7,Other,Medium
4307,2025-12-27,2026-01-22,1.4,1.0,8,7,Design,Medium
4308,2026-01-22,2026-03-02,21.4,6.0,10,1,Other,Medium
4309,2026-08-09,2026-10-04,25.3,9.0,6,1,Design,Medium
4310,2025-10-04,2025-10-21,7.4,9.0,6,0,Other,Medium
4311,2026-01-28,2026-01-29,26.7,6.0,6,10,Other,High
4312,2026-02-21,2026-03-29,27.4,6.0,8,5,Other,Medium
4313,2026-01-25,2026-03-01,8.0,9.0,2,-5,Testing,Low
4314,2025-11-25,2025-12-26,39.9,4.0,9,5,Development,Medium
4315,2025-09-12,2025-10-14,,5.0,10,4,Testing,Medium
4316,2025-09-22,2025-09-27,37.8,,5,4,Design,Low
4317,2026-01-18,2026-02-01,771.1,5.0,8,9,doc,High
4318,2025-12-13,2026-01-18,29.2,6.0,6,1,Testing,Critical
4319,2026-03-06,2026-03-19,7.7,4.0,2,7,Testing,Low
4320,2026-01-13,2026-01-24,12.7,8.0,9,10,Documentation,High
4321,2025-10-28,2025-11-24,14.5,10.0,3,0,Design,Medium
4322,2026-02-19,2026-03-15,37.2,7.0,10,4,DEV,High
4323,2025-11-19,2026-01-14,22.4,15.0,4,3,Testing,Low
4324,2026-02-05,2026-02-27,33.1,9.0,2,0,,Medium
4325,2026-05-11,2026-06-30,33.9,7.0,1,9,Other,High
4326,2026-08-05,2026-08-25,,8.0,1,1,Other,Low
4327,2026-04-15,2026-04-30,39.3,7.0,4,3,Development,Medium
4328,2026-05-21,2026-07-16,31.6,10.0,2,8,Other,High
4329,2025-09-19,2025-09-21,3.9,,9,7,Other,Low
4330,2026-03-26,2026-04-11,9.1,8.0,8,8,Design,High
4331,2026-02-27,2026-04-22,20.5,5.0,4,7,Testing,Medium
4332,2026-09-09,2026-09-16,16.5,4.0,3,10,Development,Medium
4333,2025-10-25,2025-12-02,30.2,3.0,3,10,Development,Medium
4334,2026-04-16,2026-05-11,33.1,8.0,0,3,Documentation,Low
4335,2025-09-17,2025-10-04,38.4,6.0,7,2,Other,Medium
4336,2026-02-17,2026-02-21,12.6,10.0,0,6,DEV,Medium
4337,2026-07-23,2026-08-27,15.1,5.0,5,9,Design,Medium
4338,2026-02-27,2026-03-17,24.1,7.0,10,7,Documentation,High
4339,2026-06-22,2026-06-24,,11.0,10,-3,development,High
4340,2026-06-20,2026-08-11,1.4,2.0,3,-3,Testing,Low
4341,2026-07-04,2026-08-29,27.1,6.0,9,4,Other,Medium
4342,2026-05-29,2026-05-21,20.0,7.0,9,4,Other,High
4343,2026-05-29,2026-07-24,36.4,9.0,4,5,Other,Medium
4344,2026-04-27,2026-05-16,37.2,9.0,5,8,Other,High
4345,2026-02-06,2026-03-20,37.7,3.0,1,10,Testing,Low
4346,2025-09-19,2025-11-02,,6.0,9,6,Design,High
4347,2026-03-19,2026-03-13,26.6,10.0,4,4,Other,High
4348,2026-03-15,2026-04-10,36.4,-1.0,4,0,Design,Low
4349,2025-10-01,2025-11-29,35.5,1.0,4,3,Testing,Low
4350,2026-07-22,2026-08-09,30.2,5.0,7,4,Testing,Critical
4351,2026-02-01,2026-02-14,5.4,1.0,6,3,Other,High
4352,2026-04-14,2026-04-26,8.1,4.0,3,0,Development,Low
4353,2026-05-24,2026-06-24,29.2,9.0,0,7,Other,Medium
4354,2026-07-26,2026-09-09,31.1,1.0,7,6,Other,Low
4355,2026-06-04,2026-07-02,24.1,9.0,3,4,Development,Medium
4356,2026-08-16,2026-08-29,9.6,10.0,9,10,Design,Critical
4357,2026-05-26,2026-06-07,29.0,,6,10,Other,Low
4358,2026-09-03,2026-08-31,1.9,,10,10,Documentation,Low
4359,2025-12-27,2026-02-10,14.5,9.0,8,6,Development,High
4360,2026-02-10,2026-03-02,20.0,1.0,2,8,Other,Low
4361,2026-02-23,2026-04-04,37.1,8.0,9,6,Design,High
4362,2026-05-26,2026-06-27,37.4,,8,5,Documentation,Low
4363,2026-06-03,2026-06-16,22.1,10.0,1,2,Development,Medium
4364,2026-07-07,2026-08-01,15.9,3.0,10,7,Design,Medium
4365,2025-12-29,2026-01-17,19.6,8.0,3,9,Design,Medium
4366,2025-11-28,2026-01-10,545.6,2.0,9,9,Other,Medium
4367,2025-11-10,2025-12-21,35.0,3.0,10,4,Design,Critical
4368,2026-05-27,2026-05-30,21.1,,9,4,Other,Low
4369,2026-01-01,2026-02-10,26.8,5.0,7,10,Design,High
4370,2026-03-23,2026-04-08,211.6,6.0,3,10,Design,Medium
4371,2025-12-10,2025-12-21,32.0,9.0,1,8,Testing,Medium
4372,2026-07-23,2026-09-04,28.6,5.0,5,0,Documentation,Low
4373,2026-08-15,2026-10-07,804.1,3.0,1,3,development,Low
4374,2026-05-21,2026-06-19,28.5,6.0,2,7,Testing,Medium
4375,2026-08-09,2026-09-23,33.7,6.0,2,5,Development,Medium
4376,2026-03-16,2026-04-29,31.7,9.0,3,3,Development,Medium
4377,2026-01-08,2026-01-19,7.4,10.0,5,1,Design,High
4378,2026-07-24,2026-07-25,11.1,,4,0,Other,Low
4379,2026-01-17,2026-02-12,28.0,10.0,9,6,Other,High
4380,2026-07-21,2026-08-22,,9.0,2,4,Development,Medium
4381,2026-02-08,2026-03-08,27.2,7.0,9,1,Other,Medium
4382,2025-12-01,2026-01-24,26.4,10.0,1,5,Design,Medium
4383,2026-03-08,2026-04-03,23.6,2.0,2,10,Documentation,Low
4384,2026-06-02,2026-06-06,13.2,10.0,7,7,Documentation,High
4385,2026-07-03,2026-08-23,30.5,3.0,9,10,Documentation,Medium
4386,2026-07-26,2026-09-17,25.6,8.0,0,4,Testing,Medium
4387,2025-10-25,2025-11-06,30.5,9.0,4,-1,Testing ,Medium
4388,2026-08-17,2026-09-23,28.1,7.0,10,2,Other,High
4389,2026-06-01,2026-06-12,0.7,6.0,8,2,Development,Medium
4390,2026-04-25,2026-06-06,,8.0,1,5,Documentation,Medium
4391,2025-09-25,2025-10-28,20.9,,3,8,  Design,Low
4392,2025-11-20,2025-12-22,12.3,10.0,10,6,Testing,Critical
4393,2026-08-29,2026-08-21,7.1,9.0,3,9,Documentation,Critical
4394,2026-08-08,2026-08-19,12.4,5.0,2,-4,Testing,Low
4395,2026-05-26,2026-06-26,10.9,,6,10,Testing,Low
4396,2025-12-23,2026-02-06,34.2,1.0,5,7,,Low
4397,2026-05-24,2026-07-23,39.6,9.0,8,10,Other,Critical
4398,2026-03-08,2026-03-15,20.0,5.0,8,2,Testing,Medium
4399,2026-05-05,2026-05-27,,8.0,8,6,Other,High
4400,2026-08-16,2026-09-12,3.9,6.0,0,0,Testing,Low
4401,2026-07-16,2026-07-23,16.7,3.0,1,6,Testing,Low
4402,2026-03-04,2026-04-04,1.2,,5,0,Testing,Low
4403,2025-11-17,2026-01-14,0.7,7.0,7,9,Development,High
4404,2026-04-24,2026-06-12,31.4,4.0,9,0,Development,Medium
4405,2026-09-04,2026-09-23,29.4,10.0,7,3,Testing,High
4406,2026-06-30,2026-07-07,18.8,2.0,7,4,Other,Low
4407,2026-05-22,2026-06-10,5.0,5.0,8,10,Other,High
4408,2026-04-04,2026-05-26,4.3,5.0,0,8,Other,Low
4409,2026-07-14,2026-08-24,33.4,6.0,7,3,Development,Medium
4410,2026-07-28,2026-09-25,,6.0,8,9,Documentation,High
4411,2026-04-04,2026-05-04,11.6,8.0,8,9,Testing,High
4412,2026-02-23,2026-04-13,29.2,1.0,5,2,Other,Low
4413,2025-09-18,2025-11-01,39.9,3.0,7,0,Other,Low
4414,2026-08-22,2026-09-13,4.5,9.0,6,4,Development,High
4415,2025-12-12,2026-01-12,8.6,1.0,12,3,Development,Low
4416,2026-08-25,2026-10-02,26.5,6.0,6,6,Development,Medium
4417,2026-04-13,2026-05-30,32.8,9.0,6,-4,Development,Medium
4418,2026-07-25,2026-09-22,23.2,6.0,3,1,Documentation,Low
4419,2026-03-31,2026-04-14,2.3,2.0,1,8,DEV,Low
4420,2025-12-11,2025-12-16,11.1,10.0,10,1,Design,Low
4421,2026-07-24,2026-09-18,39.4,3.0,2,7,development,Low
4422,2026-05-04,2026-06-29,13.4,7.0,4,10,development,High
4423,2026-08-05,2026-10-02,12.8,7.0,7,9,DEV,High
4424,2026-06-13,2026-06-28,38.2,7.0,12,1,Development,High
4425,2026-04-25,2026-05-14,18.3,4.0,1,-3,Testing,Low
4426,2026-05-15,2026-06-29,17.4,2.0,6,0,Documentation,Low
4427,2025-12-12,2026-01-02,29.6,9.0,7,3,Design,High
4428,2026-09-11,2026-09-12,8.6,10.0,3,10,Design,High
4429,2026-02-26,2026-03-27,36.6,10.0,3,6,Other,High
4430,2026-01-05,2026-01-03,11.9,6.0,4,3,Testing,Medium
4431,2025-12-24,2026-02-12,31.9,2.0,7,9,Documentation,Low
4432,2025-10-11,2025-10-31,36.6,9.0,4,8,Testing,High
4433,2026-06-25,2026-08-12,5.7,1.0,9,9,Testing,Medium
4434,2025-10-29,2025-11-24,35.0,3.0,2,9,Other,Low
4435,2026-03-15,2026-05-06,28.8,1.0,2,8,Documentation,Low
4436,2025-11-11,2026-01-07,20.9,3.0,7,4,Testing,Medium
4437,2026-03-19,2026-04-29,30.1,4.0,5,7,Development,Medium
4438,2026-04-20,2026-04-23,5.1,1.0,4,9,Development,Low
4439,2025-12-24,2026-01-02,20.9,3.0,2,8,Design,Low
4440,2026-07-28,2026-09-26,37.1,2.0,8,10,Documentation,Medium
4441,2026-05-18,2026-05-26,9.1,1.0,1,3,Development,Low
4442,2026-09-01,2026-10-04,29.4,4.0,6,3,Other,Medium
4443,2025-10-30,2025-11-05,34.4,7.0,5,4,Testing ,Medium
4444,2026-05-16,2026-06-09,31.7,10.0,9,5,Testing,High
4445,2026-01-08,2026-01-20,23.6,6.0,6,4,,High
4446,2025-12-29,2026-01-27,33.7,10.0,10,10,Documentation,Critical
4447,2025-10-01,2025-10-17,33.8,4.0,1,-5,Other,Low
4448,2026-03-14,2026-04-14,8.0,6.0,2,6,Testing ,Medium
4449,2026-01-13,2026-02-18,8.6,8.0,1,6,Other,Medium
4450,2026-07-09,2026-08-11,5.1,9.0,1,1,Other,Medium
4451,2026-06-11,2026-07-14,15.9,3.0,7,3,Development,High
4452,2025-12-01,2026-01-04,33.7,8.0,10,9,Design,Low
4453,2026-08-18,2026-09-30,2.5,8.0,2,10,Design,Medium
4454,2026-03-30,2026-04-21,7.7,1.0,8,10,Development,Medium
4455,2026-07-16,2026-07-18,39.0,10.0,2,6,Design,Medium
4456,2026-07-11,2026-07-20,30.3,5.0,1,8,Development,Low
4457,2026-08-05,2026-09-29,34.4,7.0,1,8,Documentation,Medium
4458,2026-03-21,2026-03-25,11.9,2.0,3,4,Other,Low
4459,2026-04-22,2026-04-12,,9.0,4,1,Testing,Medium
4460,2026-03-17,2026-04-09,12.0,2.0,5,8,Development,Low
4461,2025-11-27,2026-01-19,21.8,3.0,9,10,Documentation,Medium
4462,2026-02-16,2026-02-09,39.7,7.0,5,9,Development,High
4463,2025-10-07,2025-10-29,7.6,10.0,5,10,Other,High
4464,2026-01-18,2026-02-23,18.5,5.0,1,2,Testing,Critical
4465,2026-04-07,2026-05-30,27.7,3.0,1,1,Documentation,Low
4466,2026-08-09,2026-08-07,35.9,9.0,4,0,development,Medium
4466,2026-08-09,2026-08-07,35.9,9.0,4,0,development,Medium
4468,2026-04-28,2026-06-18,13.0,3.0,8,1,Design,Low
4468,2026-04-28,2026-06-18,13.0,3.0,8,1,Design,Low
4470,2025-09-26,2025-10-05,36.0,3.0,6,4,Testing,Low
4471,2026-09-12,2026-09-03,21.1,8.0,5,1,Documentation,Medium
4472,2026-06-13,2026-07-04,17.5,4.0,5,5,Other,Low
4473,2026-01-03,2026-02-02,37.0,2.0,10,3,Documentation,Medium
4474,2026-09-08,2026-10-31,27.8,8.0,6,9,Design,High
4475,2025-09-22,2025-11-04,436.2,1.0,7,7,doc,Low
4476,2025-12-19,2025-12-25,38.8,1.0,1,9,Design,Low
4477,2025-09-27,2025-11-16,,4.0,8,6,Testing,Medium
4478,2026-04-27,2026-05-22,,8.0,3,7,Documentation,Medium
4479,2026-08-29,2026-09-06,5.1,7.0,7,6,Testing,High
4480,2025-12-18,2025-12-22,11.0,6.0,5,0,Documentation,Low
4481,2026-03-27,2026-05-05,35.0,2.0,4,0,Design,Low
4482,2026-03-30,2026-04-19,21.5,5.0,1,6,Development,Low
4483,2025-10-15,2025-12-12,944.5,15.0,5,7,development,Critical
4484,2026-09-04,2026-10-28,11.0,3.0,1,10,Design,Low
4485,2026-08-30,2026-10-04,17.0,3.0,10,7,doc,Medium
4486,2026-07-02,2026-07-06,9.8,9.0,8,2,Other,High
4487,2026-02-24,2026-03-11,12.9,7.0,2,0,Testing ,Low
4488,2026-04-27,2026-06-12,15.9,15.0,10,1,development,Critical
4489,2026-04-02,2026-04-08,20.8,10.0,4,7,development,High
4490,2026-05-05,2026-07-01,10.8,0.0,6,9,Testing,Low
4491,2026-05-19,2026-05-18,38.7,7.0,6,6,Design,Medium
4492,2025-11-08,2025-11-24,,2.0,8,2,Development,Low
4493,2026-07-27,2026-07-25,,2.0,9,6,doc,Medium
4494,2025-09-21,2025-10-12,17.4,2.0,1,8,  Design,Low
4495,2026-05-19,2026-06-08,8.5,3.0,5,10,Documentation,Medium
4496,2025-12-17,2026-01-30,448.9,3.0,2,10,Testing,Low
4497,2026-08-20,2026-08-23,26.2,9.0,10,5,Testing,High
4498,2026-03-08,2026-04-25,37.3,2.0,100,5,  Design,Critical
4499,2025-11-05,2025-12-23,,5.0,2,3,Other,Low
4500,2026-05-05,2026-05-29,36.7,6.0,10,2,Design,Medium
4501,2026-05-03,2026-05-19,29.6,6.0,7,3,Testing,Medium
4502,2026-03-18,2026-05-09,36.1,2.0,4,3,Documentation,Low
4503,2026-08-16,2026-10-03,37.8,6.0,3,2,development,Low
4504,2025-12-05,2026-01-21,,10.0,4,9,Development,High
4505,2025-11-07,2025-12-19,37.7,1.0,9,9,Other,Medium
4506,2026-04-29,2026-06-17,39.9,9.0,9,5,Other,Critical
4507,2025-11-13,2025-11-16,22.5,3.0,7,2,Design,Low
4508,2025-10-23,2025-11-10,1.6,10.0,8,-4,Documentation,Medium
4509,2026-06-30,2026-08-29,35.9,10.0,2,6,Other,Medium
4510,2026-02-19,2026-04-04,4.8,7.0,9,10,Development,High
4511,2026-04-27,2026-05-14,38.5,7.0,4,2,Testing,Medium
4512,2026-01-28,2026-03-12,936.2,10.0,2,4,Documentation,Medium
4513,2026-04-28,2026-05-02,24.5,6.0,1,6,Testing ,Low
4514,2026-06-19,2026-08-11,35.8,7.0,12,5,Other,High
4515,2026-09-01,2026-09-21,17.7,5.0,5,10,Development,Medium
4516,2026-03-31,2026-04-21,21.2,4.0,10,0,Other,Medium
4517,2026-05-16,2026-05-20,14.5,1.0,5,4,Design,Low
4518,2025-09-28,2025-10-19,31.7,4.0,5,3,Documentation,Low
4519,2026-01-06,2026-02-15,28.0,11.0,5,-4,Development,Medium
4520,2026-03-27,2026-05-21,34.9,3.0,2,-1,Design,Low
4521,2025-12-06,2025-12-16,15.2,1.0,2,6,Other,Low
4522,2026-05-19,2026-05-22,607.0,15.0,8,1,Development,Critical
4523,2026-07-10,2026-08-21,36.1,2.0,2,8,Other,Low
4524,2026-02-12,2026-03-02,24.0,6.0,2,8,Other,Medium
4525,2026-04-22,2026-05-07,11.8,5.0,8,4,Documentation,Medium
4526,2025-09-25,2025-11-03,18.0,4.0,9,2,Design,Medium
4527,2026-06-23,2026-07-22,27.5,1.0,2,5,Other,Low
4528,2026-05-25,2026-06-07,15.0,1.0,3,7,Design,Low
4529,2025-12-30,2026-02-22,,1.0,10,9,Other,Medium
4530,2026-09-10,2026-10-17,17.0,7.0,10,9,Testing,High
4531,2026-06-05,2026-07-21,,8.0,10,-1,Other,High
4532,2026-09-04,2026-11-01,20.7,4.0,1,3,Testing,Low
4533,2026-06-07,2026-06-29,6.4,7.0,7,4,Documentation,Medium
4534,2026-06-13,2026-07-25,13.5,7.0,9,10,Other,High
4535,2026-03-05,2026-03-22,7.6,,10,3,Testing,Low
4536,2026-07-26,2026-09-20,28.5,9.0,1,3,Documentation,Medium
4537,2026-04-26,2026-05-31,12.2,,10,6,Testing,Low
4538,2026-05-16,2026-06-06,4.8,1.0,2,5,Other,Low
4539,2026-02-28,2026-02-25,20.1,,2,3,Development,High
4539,2026-02-28,2026-02-25,20.1,,2,3,Development,High
4541,2026-04-23,2026-05-03,9.6,6.0,1,9,Development,Medium
4542,2026-04-12,2026-06-02,5.3,,2,-3,Documentation,Low
4543,2026-02-16,2026-04-09,15.6,6.0,2,2,Development,Low
4544,2026-06-20,2026-07-27,3.6,3.0,3,1,Other,Low
4545,2025-12-10,2026-02-05,35.8,3.0,6,-4,Testing ,Low
4546,2026-07-31,2026-08-06,807.4,10.0,3,0,Documentation,Medium
4547,2025-10-08,2025-11-30,37.1,5.0,4,1,Other,Low
4548,2026-07-12,2026-08-18,24.5,2.0,4,-5,Development,Low
4549,2026-05-28,2026-07-20,18.1,11.0,1,4,Other,Medium
4550,2026-02-16,2026-03-11,6.3,1.0,4,7,Design,Low
4551,2025-11-28,2026-01-07,15.2,3.0,6,6,Documentation,Medium
4552,2026-02-07,2026-04-02,983.4,10.0,5,1,Design,Medium
4553,2026-04-01,2026-04-17,7.0,10.0,1,3,doc,Medium
4554,2026-01-14,2026-03-09,5.1,1.0,3,2,Design,Low
4555,2026-07-02,2026-07-08,15.9,5.0,1,6,Testing,Low
4556,2026-05-01,2026-06-10,16.6,10.0,8,4,Development,High
4557,2026-04-11,2026-05-11,33.8,2.0,10,5,Testing,Medium
4558,2026-05-20,2026-06-09,1.3,7.0,9,3,Development,High
4559,2026-08-18,2026-10-02,25.9,6.0,1,4,Design,Low
4560,2026-03-14,2026-05-06,23.6,5.0,10,0,Design,Medium
4561,2025-10-22,2025-12-17,39.3,3.0,1,4,Design,Low
4562,2025-12-17,2026-02-09,561.7,5.0,10,4,Testing,Medium
4563,2025-10-28,2025-11-19,35.7,5.0,10,6,Development,High
4564,2026-04-01,2026-04-23,,5.0,9,6,Development,Medium
4565,2025-12-03,2026-01-05,3.0,6.0,10,5,development,High
4566,2025-11-14,2025-12-03,10.2,2.0,7,5,Documentation,Low
4566,2025-11-14,2025-12-03,10.2,2.0,7,5,Documentation,Low
4568,2026-04-14,2026-06-06,13.1,1.0,7,0,Design,Low
4569,2026-02-18,2026-04-14,944.4,8.0,6,2,Testing,Medium
4570,2026-02-28,2026-03-24,34.9,2.0,2,6,Design,Low
4571,2026-04-04,2026-04-30,16.2,6.0,7,1,  Design,Medium
4572,2025-11-24,2025-12-09,38.8,10.0,3,4,Other,Medium
4573,2026-04-04,2026-05-01,21.3,10.0,8,4,Other,High
4574,2026-02-12,2026-02-16,38.2,7.0,1,4,Design,High
4575,2025-09-24,2025-10-01,29.7,6.0,10,8,Development,High
4576,2025-12-25,2026-01-19,31.6,1.0,6,6,Development,Low
4577,2026-06-01,2026-07-28,21.7,3.0,2,10,  Design,Low
4578,2026-03-24,2026-04-20,40.0,-1.0,3,7,Testing,Low
4579,2026-02-13,2026-03-02,17.6,8.0,7,2,Development,Medium
4580,2026-07-09,2026-07-26,23.5,6.0,3,4,Development,Medium
4581,2026-06-10,2026-06-30,25.6,,6,7,Development,Low
4582,2025-12-21,2025-12-23,1.0,2.0,7,0,Testing,Low
4583,2026-08-23,2026-09-14,627.9,7.0,10,2,Other,High
4584,2026-02-11,2026-02-17,873.1,,10,5,Testing,Low
4585,2026-08-29,2026-09-02,30.9,15.0,7,10,,Medium
4586,2025-12-17,2026-01-23,4.0,1.0,9,8,Development,Medium
4587,2026-05-01,2026-06-14,28.5,9.0,5,0,Other,Medium
4588,2026-05-25,2026-07-03,18.6,6.0,5,5,Other,Medium
4589,2025-10-31,2025-10-23,8.5,-1.0,10,6,Testing ,Low
4590,2026-01-28,2026-02-08,15.0,7.0,4,-5,development,Low
4591,2025-10-31,2025-11-15,39.0,4.0,9,6,Testing,Medium
4592,2026-03-26,2026-05-12,36.0,6.0,4,1,Documentation,Low
4593,2026-04-01,2026-04-09,10.8,6.0,2,2,Testing ,Low
4594,2026-08-08,2026-09-12,15.5,10.0,3,10,Development,High
4595,2026-02-19,2026-04-05,30.7,1.0,10,7,,Medium
4596,2026-08-23,2026-09-20,10.9,6.0,10,4,Documentation,High
4597,2025-10-03,2025-11-28,26.2,4.0,1,1,Other,Low
4598,2025-09-27,2025-10-02,1.4,8.0,9,3,Development,High
4599,2026-08-22,2026-08-24,30.0,1.0,9,5,Development,Medium
4600,2025-12-03,2026-01-31,261.3,9.0,10,1,Testing,High
4601,2026-03-19,2026-04-03,32.2,5.0,8,6,Other,Medium
4602,2026-01-06,2026-01-07,20.5,8.0,7,4,Design,Medium
4603,2026-01-25,2026-01-20,30.4,5.0,4,8,Documentation,Medium
4604,2026-08-19,2026-09-03,2.3,8.0,10,4,Other,High
4604,2026-08-19,2026-09-03,2.3,8.0,10,4,Other,High
4606,2026-02-07,2026-04-07,31.0,4.0,4,9,Design,Medium
4607,2026-02-08,2026-02-10,28.3,1.0,4,6,Design,Low
4608,2025-12-17,2026-01-24,12.3,4.0,9,0,Design,Medium
4609,2026-05-17,2026-07-07,3.6,7.0,1,7,Other,High
4610,2026-07-07,2026-07-31,37.8,5.0,9,5,Development,Medium
4611,2026-07-24,2026-07-27,35.6,9.0,10,6,Testing ,High
4612,2025-12-31,2026-01-07,36.1,5.0,2,-2,Testing,Low
4613,2026-04-24,2026-06-23,7.6,8.0,7,3,Other,Medium
4614,2026-05-26,2026-07-15,,2.0,3,8,Design,Low
4615,2025-11-21,2026-01-15,36.0,2.0,6,9,Testing,Medium
4616,2026-02-10,2026-04-02,35.0,1.0,4,0,Documentation,Medium
4617,2025-09-24,2025-09-26,28.5,8.0,3,3,Documentation,Medium
4618,2025-09-12,2025-09-19,14.1,10.0,8,8,Development,Critical
4619,2026-01-29,2026-03-24,8.5,10.0,9,6,Other,High
4620,2026-02-23,2026-03-03,797.0,0.0,5,10,Testing,Low
4621,2026-08-20,2026-10-16,13.6,9.0,8,10,Design,High
4622,2025-12-06,2026-01-30,,6.0,10,7,Documentation,High
4623,2026-04-04,2026-05-08,22.6,11.0,4,2,Development,High
4624,2026-06-02,2026-06-15,7.9,7.0,1,9,Design,Medium
4625,2026-08-13,2026-08-23,,8.0,10,9,Development,Critical
4626,2025-12-27,2026-02-25,11.4,3.0,7,2,Testing ,Low
4627,2026-01-26,2026-01-24,15.4,7.0,6,1,Testing,Medium
4628,2026-06-26,2026-07-11,32.1,3.0,1,5,Documentation,Low
4629,2026-02-09,2026-02-13,17.9,,0,5,Design,Low
4630,2026-05-16,2026-07-12,29.2,8.0,4,1,Development,Medium
4631,2025-12-02,2026-01-31,16.4,2.0,8,8,doc,Medium
4632,2025-12-28,2026-01-21,31.6,7.0,10,8,Other,High
4633,2026-03-10,2026-04-02,39.5,2.0,0,4,Development,Low
4634,2026-08-21,2026-09-12,20.9,1.0,4,0,Documentation,Low
4635,2026-04-11,2026-04-25,2.6,8.0,3,8,Documentation,Medium
4636,2026-04-25,2026-05-01,16.1,,7,2,Testing,Low
4637,2026-05-16,2026-05-20,39.7,3.0,5,7,Development,Medium
4638,2026-02-23,2026-03-28,22.3,10.0,9,3,Development,High
4639,2025-12-28,2026-01-25,36.4,8.0,9,8,Design,High
4640,2026-07-11,2026-08-12,29.1,2.0,3,2,Testing,Low
4641,2026-06-11,2026-08-04,12.6,9.0,6,4,Development,High
4642,2026-04-13,2026-05-06,12.2,4.0,10,-2,,Medium
4643,2025-11-18,2025-11-26,4.7,2.0,9,9,Design,Medium
4644,2026-09-07,2026-09-01,12.5,5.0,6,3,Testing,Medium
4645,2025-09-25,2025-10-18,6.3,10.0,2,2,Other,Medium
4646,2025-10-15,2025-12-12,24.1,1.0,2,5,Other,Low
4647,2026-08-17,2026-09-18,20.6,4.0,10,6,Development,Critical
4648,2025-11-22,2025-12-24,5.6,8.0,3,1,Other,Medium
4649,2025-10-17,2025-11-21,12.1,8.0,1,5,Design,Medium
4650,2026-02-15,2026-03-03,17.1,3.0,1,1,Testing ,Low
4651,2026-07-21,2026-08-30,10.2,2.0,5,-1,Design,Low
4652,2025-10-11,2025-12-01,5.1,5.0,2,3,Other,Low
4653,2026-05-15,2026-07-05,38.7,,2,8,Other,Low
4654,2025-09-26,2025-11-25,14.4,10.0,9,2,Testing,Critical
4655,2026-03-19,2026-05-12,33.2,11.0,5,3,Development,High
4656,2026-06-22,2026-07-19,7.5,7.0,10,3,Development,High
4657,2026-08-01,2026-08-03,20.4,3.0,4,8,Testing,Medium
4658,2025-10-12,2025-12-05,22.6,6.0,3,6,Other,Critical
4659,2025-11-19,2025-12-31,19.0,4.0,9,3,Other,Medium
4660,2026-07-04,2026-07-07,270.8,3.0,4,7,Other,Low
4661,2025-10-11,2025-12-03,313.3,11.0,7,2,Development,Low
4662,2025-10-20,2025-11-01,2.4,1.0,100,9,Documentation,Critical
4663,2025-12-25,2026-02-04,38.9,11.0,100,2,Design,Low
4664,2026-06-19,2026-07-19,37.3,0.0,1,0,Testing,Low
4665,2025-11-15,2025-12-24,20.0,2.0,1,1,Design,Low
4666,2026-07-13,2026-08-03,3.0,9.0,5,3,Other,Medium
4667,2026-05-19,2026-07-06,37.0,10.0,6,3,Design,High
4667,2026-05-19,2026-07-06,37.0,10.0,6,3,Design,High
4669,2025-11-21,2026-01-18,8.1,4.0,7,4,Design,Medium
4670,2025-12-04,2026-01-08,18.3,-1.0,8,6,Documentation,Low
4671,2026-01-19,2026-03-15,15.9,5.0,1,7,Design,Low
4672,2026-07-01,2026-07-06,33.3,1.0,12,10,Documentation,High
4673,2026-02-05,2026-02-09,13.0,8.0,1,4,Development,Medium
4674,2026-05-14,2026-05-31,29.9,7.0,4,5,Other,Medium
4675,2026-05-19,2026-07-18,11.5,10.0,2,5,Other,Medium
4676,2026-06-23,2026-07-24,18.4,9.0,7,6,development,High
4677,2025-10-03,2025-11-05,32.1,10.0,9,9,Testing,Low
4678,2026-01-25,2026-02-04,22.4,,10,6,Design,High
4679,2026-02-28,2026-03-01,36.6,,1,2,Design,Low
4680,2025-12-20,2026-01-28,18.7,1.0,1,1,Testing,Low
4681,2026-02-14,2026-04-05,20.1,4.0,10,3,,Medium
4682,2026-06-05,2026-06-13,6.8,9.0,5,4,Design,Medium
4683,2026-01-25,2026-03-15,12.1,8.0,6,5,,High
4684,2025-09-15,2025-09-16,22.4,9.0,9,0,development,High
4685,2026-07-19,2026-09-09,37.5,8.0,7,9,Documentation,High
4686,2025-12-28,2026-02-05,18.2,1.0,10,6,Other,Medium
4687,2025-09-15,2025-10-23,34.1,2.0,2,10,Documentation,Low
4688,2026-05-19,2026-06-18,694.4,4.0,7,1,Documentation,Low
4689,2026-07-31,2026-09-02,32.9,7.0,7,7,Testing ,High
4690,2026-01-25,2026-02-11,24.6,8.0,3,6,Development,Medium
4691,2026-04-27,2026-05-15,11.3,9.0,6,1,  Design,Medium
4692,2026-02-01,2026-03-17,19.8,,9,6,Testing,Low
4692,2026-02-01,2026-03-17,19.8,,9,6,Testing,Low
4694,2026-05-31,2026-07-14,35.6,1.0,3,9,Other,Low
4695,2026-07-06,2026-09-03,4.1,4.0,9,10,Development,Low
4696,2025-10-28,2025-11-25,14.9,-1.0,8,2,Design,Low
4697,2026-07-15,2026-08-10,16.7,7.0,7,4,DEV,Medium
4698,2025-11-20,2025-11-24,18.0,8.0,5,7,Testing,High
4699,2026-04-12,2026-05-29,17.6,2.0,8,10,Other,Medium
4700,2026-08-10,2026-09-19,665.5,4.0,1,8,Documentation,Low
4701,2026-06-13,2026-07-15,3.8,2.0,6,-4,Documentation,Low
4702,2026-04-18,2026-05-07,20.0,8.0,5,2,Design,Medium
4703,2025-11-23,2026-01-17,22.8,9.0,3,10,Design,Medium
4704,2026-07-27,2026-08-04,15.7,5.0,3,8,Documentation,Medium
4705,2026-04-26,2026-06-23,,6.0,5,7,Testing,Critical
4706,2026-07-29,2026-08-01,15.5,5.0,10,7,Documentation,High
4707,2026-06-03,2026-07-13,21.7,9.0,6,0,Other,Medium
4708,2025-10-16,2025-11-05,11.4,2.0,9,3,Documentation,Medium
4709,2026-02-08,2026-03-08,21.8,4.0,1,6,Development,Low
4710,2026-08-07,2026-08-10,5.9,0.0,6,4,Design,Low
4711,2026-07-17,2026-07-28,2.9,2.0,6,-1,Design,Low
4712,2026-07-27,2026-08-27,1.4,6.0,9,2,Testing,Medium
4713,2026-07-11,2026-09-02,27.0,2.0,8,10,Development,Medium
4714,2026-07-01,2026-08-05,25.4,4.0,7,-4,Documentation,Low
4715,2026-04-25,2026-05-14,7.3,7.0,8,3,Testing,Medium
4716,2025-10-24,2025-12-13,27.6,3.0,8,1,Design,Low
4717,2026-04-26,2026-05-01,9.1,9.0,2,8,Other,Medium
4718,2026-04-18,2026-06-13,11.6,3.0,4,9,Testing,Medium
4719,2026-05-19,2026-07-07,23.8,10.0,1,9,Testing,High
4720,2026-03-08,2026-03-26,14.1,10.0,5,2,Other,Medium
4721,2026-05-22,2026-06-19,7.0,5.0,4,5,Documentation,Medium
4722,2026-05-23,2026-06-14,974.3,2.0,7,1,  Design,Low
4723,2025-09-22,2025-10-17,14.4,6.0,8,9,Other,High
4724,2026-05-20,2026-06-15,25.5,6.0,0,8,Development,Medium
4725,2026-05-02,2026-06-29,8.1,1.0,3,1,Documentation,Low
4726,2026-06-15,2026-07-26,38.8,7.0,9,10,Testing,Critical
4726,2026-06-15,2026-07-26,38.8,7.0,9,10,Testing,Critical
4728,2026-02-13,2026-03-20,16.6,10.0,9,5,Other,High
4729,2025-10-28,2025-11-19,38.5,-1.0,9,10,Testing,Medium
4730,2026-05-10,2026-06-08,5.6,10.0,9,3,Testing,Low
4731,2026-09-06,2026-10-30,8.3,10.0,7,9,development,High
4732,2026-04-07,2026-05-26,3.4,15.0,5,5,Testing,Critical
4733,2026-03-05,2026-04-13,6.5,1.0,1,0,Testing,Low
4734,2025-12-16,2026-02-10,34.4,10.0,5,3,,High
4735,2025-12-21,2026-02-02,4.5,1.0,5,2,Documentation,Low
4736,2026-07-31,2026-07-21,6.4,9.0,4,2,,Medium
4737,2026-08-23,2026-09-16,0.7,1.0,10,8,Documentation,Medium
4738,2025-10-02,2025-11-16,,8.0,7,6,Testing,High
4739,2025-11-08,2025-11-30,24.1,5.0,4,3,Development,Low
4740,2025-09-22,2025-11-05,19.5,3.0,3,7,Design,High
4741,2026-05-03,2026-05-09,36.9,5.0,4,0,Development,Low
4742,2025-12-24,2026-02-10,28.6,1.0,4,2,Design,Low
4743,2025-12-15,2025-12-29,18.0,,9,8,DEV,Low
4744,2025-12-02,2025-12-14,8.7,6.0,3,2,Testing,Low
4745,2026-07-07,2026-07-27,297.2,3.0,1,6,Documentation,Low
4745,2026-07-07,2026-07-27,297.2,3.0,1,6,Documentation,Low
4747,2026-07-19,2026-07-29,5.4,5.0,1,3,Other,Low
4748,2026-06-02,2026-07-09,,7.0,5,8,DEV,Medium
4749,2025-12-02,2026-01-19,4.9,8.0,7,6,Testing ,High
4750,2025-09-27,2025-11-08,13.4,8.0,5,9,Documentation,High
4751,2025-10-21,2025-11-02,6.8,8.0,7,4,Other,High
4752,2026-04-05,2026-04-21,32.6,3.0,0,10,Testing,Low
4753,2026-06-23,2026-08-10,3.6,5.0,1,6,Testing,Low
4754,2026-08-09,2026-09-19,469.6,8.0,8,8,Development,High
4755,2026-08-18,2026-09-05,2.4,8.0,1,10,development,Medium
4756,2026-06-12,2026-07-17,34.3,6.0,7,7,development,Medium
4757,2025-12-13,2025-12-31,2.6,7.0,7,9,Development,High
4758,2025-09-13,2025-09-18,3.9,6.0,5,3,Design,Medium
4759,2026-04-10,2026-04-20,18.3,9.0,1,0,Design,Low
4760,2026-02-16,2026-03-02,25.2,4.0,2,5,Testing,Low
4761,2026-02-04,2026-01-28,8.7,1.0,1,0,Documentation,Low
4762,2025-12-12,2025-12-10,24.6,1.0,10,-2,Development,High
4763,2026-05-14,2026-06-21,23.2,5.0,10,10,Design,High
4764,2025-11-30,2026-01-14,6.5,3.0,6,7,Development,Medium
4765,2026-03-20,2026-05-14,,10.0,12,-2,Development,High
4766,2026-03-02,2026-03-08,22.8,4.0,4,2,Design,Low
4767,2026-02-27,2026-03-17,31.5,11.0,5,1,Testing,High
4768,2026-07-16,2026-09-14,14.8,1.0,10,1,Other,Low
4769,2026-09-04,2026-10-09,4.4,1.0,3,8,Testing,Low
4770,2025-09-19,2025-10-09,39.7,10.0,6,-5,Development,Medium
4771,2025-11-25,2026-01-04,31.0,5.0,8,-3,Documentation,Low
4772,2026-03-22,2026-04-01,16.8,10.0,3,1,Testing,Medium
4773,2026-06-15,2026-06-22,32.7,3.0,5,6,Other,Low
4774,2026-02-08,2026-02-13,36.0,5.0,7,5,Development,Medium
4775,2025-10-15,2025-12-05,32.6,8.0,2,1,Other,High
4776,2025-12-29,2026-02-05,38.3,3.0,4,3,Design,Low
4777,2026-01-17,2026-03-05,25.1,3.0,10,8,Testing,Medium
4778,2026-05-24,2026-05-29,7.8,2.0,5,9,Development,Medium
4779,2025-10-27,2025-12-16,20.7,4.0,3,-5,Testing,Low
4780,2026-04-07,2026-05-23,20.8,2.0,10,9,Documentation,Medium
4781,2026-04-27,2026-04-28,23.1,15.0,5,3,development,Critical
4782,2026-07-23,2026-09-18,35.3,10.0,9,9,Testing ,Low
4783,2025-12-25,2025-12-31,21.9,,4,8,doc,Low
4784,2025-10-17,2025-10-20,6.4,9.0,1,5,Design,Medium
4785,2026-05-16,2026-07-13,2.5,8.0,2,7,Testing,Medium
4786,2026-03-27,2026-04-10,28.1,7.0,2,9,Design,Medium
4787,2025-10-14,2025-11-16,7.6,1.0,5,4,Testing,Low
4788,2025-12-04,2025-12-30,16.6,2.0,6,0,development,Low
4789,2026-01-12,2026-02-17,17.7,8.0,10,5,Other,High
4790,2026-05-18,2026-07-09,18.8,4.0,3,2,Other,Low
4791,2026-06-07,2026-07-22,6.7,6.0,1,-1,Development,Low
4792,2025-12-17,2026-02-02,21.1,2.0,2,3,Other,Critical
4793,2026-07-31,2026-09-07,246.2,6.0,10,7,Other,High
4794,2025-12-19,2026-01-09,29.2,9.0,10,2,Development,Critical
4795,2026-06-04,2026-07-30,33.6,1.0,6,8,Development,Low
4796,2026-01-02,2026-02-06,31.0,7.0,5,5,Documentation,Medium
4797,2026-08-12,2026-10-11,16.7,9.0,8,2,Documentation,High
4798,2025-11-12,2025-11-24,14.3,7.0,10,9,Documentation,High
4799,2026-03-26,2026-04-22,17.0,5.0,3,2,Design,Low
4800,2025-12-15,2026-02-05,32.7,3.0,9,1,Other,Medium
4801,2026-01-30,2026-03-19,39.3,3.0,4,1,Testing,Low
4802,2026-08-12,2026-09-01,,8.0,5,1,Other,Medium
4803,2026-03-07,2026-03-15,,8.0,0,9,,Medium
4804,2026-05-21,2026-07-07,22.5,7.0,8,6,Testing,High
4805,2026-01-19,2026-03-20,35.9,3.0,10,2,Development,Medium
4806,2025-12-24,2026-02-17,7.5,4.0,8,3,Design,Medium
4807,2026-06-06,2026-06-12,14.9,3.0,7,5,Design,Medium
4808,2026-05-30,2026-07-04,29.9,2.0,9,3,Testing,Medium
4809,2026-04-16,2026-04-17,38.9,8.0,1,4,Other,Medium
4810,2026-07-19,2026-08-28,19.6,8.0,1,4,Design,Medium
4811,2026-01-05,2026-01-12,787.2,6.0,8,3,Documentation,Medium
4812,2026-04-10,2026-06-05,33.7,3.0,3,1,Other,Low
4813,2025-10-29,2025-11-04,31.7,8.0,7,9,Documentation,High
4814,2025-11-15,2025-12-13,24.0,7.0,7,4,,Medium
4815,2025-09-24,2025-10-26,,3.0,2,2,Testing,High
4816,2025-10-30,2025-12-26,1.3,3.0,2,7,Design,Low
4817,2025-12-03,2025-12-13,21.0,8.0,5,-3,Development,Medium
4818,2026-07-10,2026-08-12,35.1,2.0,10,8,Development,Medium
4819,2025-12-17,2026-01-25,5.5,8.0,2,2,Other,Medium
4820,2025-11-28,2025-12-03,35.6,4.0,7,4,Design,Medium
4821,2026-02-24,2026-02-25,3.1,3.0,6,5,Other,Medium
4822,2026-01-04,2026-02-14,9.5,7.0,5,2,Documentation,Medium
4823,2026-08-29,2026-10-28,8.5,8.0,5,0,Documentation,Critical
4824,2026-01-07,2026-01-24,28.7,9.0,6,1,Development,Medium
4825,2026-08-21,2026-09-30,20.1,6.0,6,0,Development,High
4826,2026-09-05,2026-09-10,542.9,10.0,6,3,Testing,High
4827,2026-06-17,2026-07-18,13.7,5.0,3,0,Documentation,Low
4828,2025-09-18,2025-10-07,15.3,4.0,6,4,Other,Medium
4829,2026-07-01,2026-07-03,31.8,,5,-5,Design,Low
4830,2026-01-02,2026-02-15,29.2,8.0,2,10,Design,Medium
4830,2026-01-02,2026-02-15,29.2,8.0,2,10,Design,Medium
4832,2026-02-12,2026-03-21,10.3,3.0,9,9,Testing,Medium
4833,2026-08-12,2026-10-01,15.0,2.0,2,6,Other,Low
4834,2026-02-06,2026-02-28,17.2,10.0,7,3,Development,High
4835,2025-10-11,2025-10-31,29.6,7.0,9,4,Testing,High
4836,2026-07-15,2026-09-08,32.8,8.0,8,1,Testing,Medium
4837,2026-01-07,2026-01-02,37.1,9.0,5,3,Development,Medium
4838,2025-12-27,2026-01-05,21.1,4.0,6,1,Documentation,Medium
4839,2025-11-12,2025-11-24,3.0,10.0,4,3,Design,Medium
4840,2026-02-12,2026-02-24,2.3,6.0,1,9,DEV,Medium
4841,2026-04-10,2026-06-03,295.1,2.0,3,1,Design,Low
4842,2026-06-27,2026-08-26,27.0,11.0,1,5,doc,Medium
4843,2026-02-03,2026-03-08,,10.0,100,9,Testing,Critical
4844,2026-07-19,2026-09-05,15.1,7.0,2,7,,Medium
4845,2026-06-19,2026-07-09,21.6,7.0,1,5,Other,Medium
4846,2025-11-28,2026-01-15,25.5,6.0,3,5,Documentation,Low
4847,2026-07-03,2026-07-22,38.4,3.0,1,8,development,Low
4848,2025-11-12,2025-11-24,10.2,7.0,7,1,,Critical
4849,2025-10-22,2025-12-05,32.0,10.0,10,6,Other,Critical
4850,2025-09-27,2025-11-26,489.3,7.0,4,4,Design,Medium
4851,2025-09-17,2025-11-04,13.8,6.0,1,1,Other,Low
4852,2026-04-05,2026-05-25,14.7,,3,6,Testing,Low
4853,2026-07-25,2026-08-01,10.3,1.0,1,2,Documentation,Low
4854,2025-10-28,2025-12-03,36.9,1.0,5,8,doc,Low
4855,2026-01-15,2026-03-14,29.5,3.0,9,1,Documentation,Medium
4856,2026-04-21,2026-04-27,35.3,1.0,6,10,doc,Medium
4857,2025-10-16,2025-12-09,11.6,5.0,1,6,Design,Low
4858,2025-09-25,2025-10-28,8.6,4.0,2,5,  Design,Low
4859,2026-02-20,2026-02-24,33.8,4.0,1,0,Documentation,Low
4860,2026-04-24,2026-05-19,22.5,6.0,4,3,doc,Medium
4861,2025-09-28,2025-11-23,4.1,6.0,4,7,Documentation,Medium
4862,2026-08-10,2026-08-19,27.9,3.0,10,6,doc,Medium
4863,2025-11-01,2025-11-25,4.2,10.0,9,6,Other,High
4864,2026-09-08,2026-10-09,15.5,6.0,8,-2,Testing,Medium
4865,2025-12-26,2025-12-31,38.2,2.0,2,2,Other,Low
4866,2026-04-24,2026-05-03,11.2,7.0,3,9,DEV,Medium
4867,2026-06-11,2026-06-12,11.4,5.0,7,10,Other,High
4868,2025-10-21,2025-11-09,21.1,10.0,7,0,Development,High
4869,2026-08-29,2026-10-04,9.4,8.0,12,5,Other,High
4870,2026-01-17,2026-02-05,2.1,11.0,4,10,Testing,High
4871,2025-11-18,2025-12-03,7.0,6.0,4,3,Documentation,Medium
4872,2025-11-17,2026-01-02,6.5,8.0,5,2,Documentation,High
4873,2026-05-12,2026-05-20,36.5,7.0,1,3,Design,Low
4874,2025-12-30,2026-02-05,29.5,9.0,1,4,Design,Medium
4875,2026-03-18,2026-04-23,28.3,2.0,2,0,Testing,Low
4876,2026-08-02,2026-08-09,30.9,8.0,6,9,Development,High
4877,2025-10-21,2025-11-24,10.3,3.0,3,1,development,Low
4878,2025-11-04,2025-12-17,19.4,6.0,5,-4,Other,Low
4879,2026-03-02,2026-03-24,26.4,4.0,7,3,Other,Medium
4880,2026-02-05,2026-02-23,12.8,10.0,3,-3,Other,Medium
4881,2026-05-27,2026-06-26,16.6,10.0,8,2,Testing,High
4882,2026-07-08,2026-06-28,17.0,3.0,1,1,development,High
4883,2026-03-09,2026-04-12,5.6,5.0,10,1,Design,Medium
4884,2025-10-09,2025-10-23,39.9,7.0,7,0,Documentation,Medium
4885,2026-01-29,2026-02-24,33.0,1.0,8,9,Other,Medium
4886,2026-03-07,2026-03-13,39.7,3.0,4,4,Other,Low
4887,2025-12-09,2025-12-13,15.4,4.0,5,8,Documentation,Medium
4888,2026-03-23,2026-04-29,20.3,9.0,1,8,Other,Medium
4889,2025-11-16,2025-11-27,,5.0,9,1,Design,Medium
4890,2026-07-08,2026-08-31,24.2,0.0,6,5,development,Low
4891,2025-12-08,2026-01-28,8.4,7.0,3,8,Testing,Medium
4892,2026-07-16,2026-08-07,20.3,7.0,4,9,,Medium
4893,2026-02-05,2026-02-23,25.4,,10,3,Testing,Low
4894,2026-07-16,2026-08-14,13.0,1.0,5,7,Development,Low
4895,2026-09-06,2026-10-01,25.8,4.0,2,4,Documentation,Low
4896,2026-09-05,2026-10-01,22.2,4.0,7,1,Other,Low
4897,2026-07-24,2026-08-23,10.7,7.0,6,9,Testing,High
4898,2026-02-15,2026-03-18,,5.0,2,5,Testing,Low
4899,2025-12-14,2026-01-27,16.4,1.0,12,10,Documentation,High
4900,2025-11-17,2025-11-25,39.3,4.0,5,2,Development,Low
4901,2025-11-02,2025-12-13,,8.0,1,3,Testing,Medium
4902,2026-05-12,2026-05-13,8.6,4.0,2,6,Testing,Low
4903,2026-02-18,2026-03-31,26.0,9.0,2,2,Development,Medium
4904,2026-06-03,2026-07-19,7.8,6.0,2,4,Testing,Low
4905,2026-08-18,2026-10-09,,3.0,7,7,Development,Medium
4906,2025-12-24,2026-01-09,11.4,3.0,4,1,Documentation,Low
4907,2026-06-14,2026-07-31,6.8,7.0,1,2,Testing ,Low
4908,2026-04-05,2026-04-14,349.6,7.0,2,1,Documentation,Low
4909,2025-12-29,2025-12-31,10.6,0.0,5,6,doc,Low
4910,2026-05-09,2026-05-10,9.1,8.0,9,2,Testing,High
4911,2025-09-13,2025-10-12,1.5,6.0,5,5,Development,Medium
4912,2025-09-15,2025-10-20,27.3,6.0,6,4,Other,Medium
4912,2025-09-15,2025-10-20,27.3,6.0,6,4,Other,Medium
4914,2026-01-14,2026-01-15,16.5,9.0,5,1,DEV,Medium
4915,2026-07-08,2026-07-12,28.1,,1,2,Documentation,Low
4916,2025-09-17,2025-10-16,8.2,4.0,4,3,Design,Low
4917,2026-01-29,2026-01-31,17.9,8.0,8,5,Other,High
4918,2026-05-15,2026-06-30,16.0,2.0,2,8,Documentation,Medium
4919,2025-10-17,2025-11-11,8.3,7.0,5,4,,Medium
4920,2026-01-25,2026-03-01,3.2,10.0,4,10,Documentation,Medium
4921,2025-11-17,2026-01-15,28.4,4.0,4,6,Testing,Medium
4922,2025-12-10,2026-01-12,34.7,8.0,5,9,,High
4923,2026-01-26,2026-02-13,38.8,9.0,7,5,Other,High
4924,2026-03-28,2026-05-14,6.5,8.0,100,5,Testing,Low
4925,2025-09-22,2025-11-11,21.2,1.0,7,5,Testing,Low
4926,2026-07-22,2026-08-23,28.0,10.0,5,1,Development,Medium
4927,2025-09-18,2025-09-22,8.1,3.0,7,2,Design,Low
4928,2026-09-06,2026-10-14,38.1,6.0,0,3,Design,Low
4929,2025-10-02,2025-10-24,18.0,8.0,9,2,Development,High
4930,2026-04-01,2026-04-24,2.4,1.0,5,9,Documentation,Low
4931,2026-09-08,2026-11-05,28.8,10.0,3,3,Design,Medium
4932,2026-05-09,2026-06-13,4.3,1.0,8,1,Development,Low
4933,2025-11-16,2025-12-21,27.6,6.0,4,5,Documentation,Medium
4934,2025-11-30,2026-01-21,20.5,6.0,9,0,Other,Medium
4935,2025-11-26,2025-12-04,18.7,4.0,10,0,Testing,Medium
4936,2026-04-26,2026-04-20,30.1,4.0,9,8,Testing,Medium
4937,2026-01-06,2026-02-18,29.9,0.0,10,9,Other,Medium
4938,2025-12-22,2026-01-12,13.7,7.0,7,2,Development,Medium
4939,2026-01-18,2026-01-09,12.1,1.0,9,9,DEV,Medium
4940,2026-04-27,2026-05-11,26.5,10.0,4,4,Development,High
4941,2026-06-03,2026-07-01,36.7,10.0,8,7,Testing ,High
4942,2025-10-02,2025-10-09,,0.0,2,6,Testing,Low
4943,2025-12-20,2026-01-26,,3.0,4,8,Other,Medium
4944,2025-12-02,2026-01-27,,10.0,2,9,Documentation,High
4945,2026-02-14,2026-04-03,26.6,4.0,10,10,development,High
4946,2026-04-07,2026-04-03,33.7,4.0,100,0,Other,Critical
4947,2026-05-17,2026-06-12,34.8,1.0,3,4,Design,Low
4948,2025-11-02,2025-11-23,23.9,-1.0,3,5,Testing,Low
4949,2025-09-18,2025-09-27,8.4,9.0,2,7,doc,Medium
4950,2026-07-21,2026-08-23,821.8,6.0,12,10,Design,Critical
4951,2026-07-15,2026-09-09,38.5,6.0,7,4,Development,Medium
4952,2026-01-06,2026-01-26,35.3,8.0,10,0,Design,High
4953,2026-08-23,2026-10-11,0.9,1.0,100,5,Testing,Critical
4954,2026-09-01,2026-09-12,11.5,1.0,9,4,Design,Low
4955,2026-01-08,2026-01-30,,3.0,1,8,Documentation,Low
4956,2025-11-25,2025-12-20,11.4,4.0,3,2,  Design,Low
4957,2025-12-20,2026-01-12,25.9,8.0,7,8,Testing,High
4958,2025-11-01,2025-12-07,23.0,8.0,7,0,Testing ,Critical
4959,2026-04-23,2026-05-16,,7.0,9,7,Documentation,High
4959,2026-04-23,2026-05-16,,7.0,9,7,Documentation,High
4961,2026-02-11,2026-02-19,1.2,9.0,2,7,Design,Medium
4962,2025-10-29,2025-12-24,35.9,9.0,1,7,Other,Medium
4963,2026-07-27,2026-07-29,12.3,7.0,100,2,,Critical
4964,2025-12-05,2025-12-14,15.0,5.0,10,7,Other,High
4965,2026-05-11,2026-06-02,19.2,3.0,10,5,Design,Medium
4966,2025-12-16,2025-12-18,14.1,2.0,10,7,Design,Medium
4967,2025-11-24,2025-12-03,0.6,3.0,2,3,Documentation,Low
4967,2025-11-24,2025-12-03,0.6,3.0,2,3,Documentation,Low
4969,2025-10-23,2025-12-07,20.3,8.0,3,6,Other,Medium
4970,2026-07-16,2026-07-07,35.2,7.0,8,10,Testing,High
4971,2026-02-23,2026-04-05,8.6,5.0,8,10,Testing,High
4972,2026-09-03,2026-09-21,9.3,8.0,5,2,Other,Medium
4973,2025-10-15,2025-11-23,23.5,-1.0,9,7,Design,Low
4974,2026-04-02,2026-05-04,35.6,2.0,3,3,Testing,Low
4975,2026-08-03,2026-09-29,19.9,4.0,10,1,Documentation,Medium
4976,2026-05-11,2026-06-01,17.2,8.0,4,0,development,Medium
4977,2026-04-26,2026-04-18,11.8,1.0,9,7,,Medium
4978,2026-09-01,2026-10-21,7.7,6.0,8,2,Design,Medium
4979,2025-09-25,2025-11-19,15.7,10.0,9,8,Testing,Critical
4980,2025-12-20,2026-01-13,14.6,10.0,9,2,DEV,High
4981,2025-11-14,2026-01-09,10.5,10.0,7,4,Other,High
4982,2026-09-03,2026-09-23,34.7,10.0,2,10,Testing,High
4983,2026-04-03,2026-05-01,21.7,,5,7,Development,Low
4984,2026-09-01,2026-09-24,2.0,8.0,4,6,Testing,Low
4985,2026-02-22,2026-03-26,38.3,6.0,4,4,Documentation,Medium
4986,2026-03-02,2026-03-17,28.1,4.0,7,0,Design,Low
4987,2026-02-15,2026-04-03,31.5,11.0,1,10,Design,High
4988,2025-11-07,2026-01-06,14.2,6.0,3,2,Other,Low
4989,2026-07-01,2026-08-06,,7.0,10,3,Other,High
4990,2026-06-27,2026-07-27,38.5,7.0,2,1,Development,Low
4991,2026-01-25,2026-03-21,12.3,-1.0,2,9,  Design,Low
4992,2026-02-11,2026-02-23,18.5,5.0,8,1,Other,Medium
4993,2025-10-06,2025-11-25,35.0,,2,5,Development,Low
4994,2026-01-10,2026-02-06,15.4,10.0,7,3,Testing,High
4995,2026-08-20,2026-10-12,12.4,4.0,8,3,Testing,Medium
4996,2026-08-03,2026-08-23,584.2,8.0,10,0,Testing,Medium
4997,2026-03-10,2026-03-11,21.5,6.0,7,0,  Design,Medium
4998,2026-08-21,2026-08-28,31.6,9.0,4,1,Other,Medium
4999,2026-09-08,2026-09-12,8.2,3.0,8,0,Other,Low
5000,2025-12-26,2026-01-08,38.1,2.0,7,8,Development,Medium
5001,2026-01-31,2026-03-12,,10.0,3,1,Testing,Medium
5002,2025-09-17,2025-11-14,21.4,6.0,5,5,,Medium
5003,2025-12-08,2026-02-06,21.0,9.0,7,9,Documentation,High
5004,2025-11-11,2025-12-21,21.6,9.0,10,6,Testing,High
5005,2026-05-24,2026-07-04,21.3,7.0,9,-5,Development,Medium
5006,2026-07-03,2026-08-24,12.5,3.0,1,3,Design,Low
5007,2025-12-19,2025-12-10,5.8,8.0,9,6,Development,High
5008,2026-08-25,2026-09-18,37.2,15.0,10,6,Development,Critical
5009,2025-09-15,2025-10-24,36.5,7.0,10,2,Testing,High
5010,2026-05-13,2026-06-04,29.0,2.0,8,1,DEV,Medium
5011,2026-06-18,2026-07-14,3.2,2.0,4,9,  Design,Low
5012,2026-09-04,2026-09-26,10.2,10.0,3,6,DEV,High
5013,2026-02-07,2026-03-04,23.8,8.0,7,3,Other,Medium
5014,2026-08-30,2026-08-26,2.7,7.0,100,4,Other,Critical
5015,2026-02-25,2026-03-12,8.5,11.0,5,9,Design,High
5016,2025-09-29,2025-10-10,21.4,10.0,6,-2,Development,Medium
5017,2025-09-28,2025-10-27,28.3,10.0,0,4,Design,Medium
5018,2026-09-07,2026-09-29,9.5,6.0,4,10,Development,Medium
5018,2026-09-07,2026-09-29,9.5,6.0,4,10,Development,Medium
5020,2025-12-16,2026-01-05,21.6,7.0,10,0,Development,Medium
5021,2025-11-22,2026-01-03,8.5,1.0,1,6,development,Low
5022,2026-04-06,2026-05-03,8.9,7.0,8,7,Design,High
5023,2025-12-06,2026-01-11,19.7,15.0,5,2,development,High
5024,2025-09-30,2025-10-07,36.9,4.0,10,9,Testing,High
5025,2025-09-29,2025-10-01,16.5,,6,2,Design,Low
5026,2026-06-14,2026-08-08,28.3,6.0,1,6,,High
5027,2025-10-24,2025-12-16,4.8,2.0,10,0,Other,Low
5028,2026-04-27,2026-05-07,17.0,3.0,6,5,Development,Medium
5029,2026-06-24,2026-07-26,10.4,5.0,6,1,Other,Medium
5030,2026-01-04,2026-02-01,4.0,7.0,6,1,Development,Medium
5031,2025-11-29,2026-01-01,10.7,10.0,10,7,,Critical
5032,2026-07-06,2026-07-15,20.3,9.0,4,3,Development,Medium
5033,2026-06-28,2026-06-25,23.2,9.0,5,6,Other,Critical
5034,2026-04-04,2026-04-29,0.5,8.0,9,10,  Design,Low
5035,2025-10-14,2025-10-22,21.3,9.0,2,2,Documentation,Medium
5036,2026-07-03,2026-07-19,34.3,9.0,5,4,Development,Medium
5037,2026-04-03,2026-05-20,29.9,2.0,1,4,Design,Low
5038,2026-06-06,2026-06-14,34.3,9.0,4,3,Other,Medium
5039,2026-01-13,2026-02-02,4.6,2.0,0,2,Documentation,Low
5040,2026-03-16,2026-05-12,39.8,1.0,7,0,Design,Low
5041,2026-07-06,2026-07-17,31.4,5.0,9,1,  Design,Medium
5042,2026-04-20,2026-05-29,27.0,4.0,6,5,Other,Medium
5043,2026-05-23,2026-06-24,23.4,5.0,9,3,Development,Medium
5044,2025-11-14,2026-01-01,14.1,10.0,3,10,Design,High
5045,2025-12-21,2025-12-18,26.7,2.0,6,6,Documentation,Low
5046,2026-07-21,2026-08-18,17.6,10.0,5,2,Testing,Medium
5047,2026-01-06,2026-02-13,31.0,2.0,5,3,Testing,Low
5048,2026-05-28,2026-07-20,39.9,5.0,8,10,Other,High
5049,2026-08-05,2026-10-04,13.5,10.0,5,-1,Documentation,Medium
5050,2025-12-26,2026-02-18,36.8,1.0,4,2,Testing,Low
5051,2026-01-19,2026-03-05,28.0,15.0,9,5,Testing,Critical
5052,2026-02-19,2026-03-21,10.7,10.0,3,9,Other,High
5053,2026-04-30,2026-05-04,887.7,9.0,4,0,Other,Medium
5054,2026-03-20,2026-05-01,36.8,1.0,8,8,Documentation,Medium
5055,2025-12-01,2026-01-30,31.2,1.0,7,7,Design,Low
5056,2026-01-30,2026-03-19,37.3,2.0,7,2,Design,Low
5057,2026-07-28,2026-08-27,5.0,8.0,3,8,Design,Medium
5058,2025-12-01,2025-12-19,14.3,5.0,12,0,Other,High
5059,2026-02-06,2026-03-07,,5.0,9,7,Design,Medium
5060,2025-10-22,2025-11-16,20.7,3.0,9,7,development,Medium
5061,2025-12-07,2025-12-25,362.1,8.0,10,3,Documentation,High
5062,2025-12-23,2026-01-11,23.5,7.0,9,8,Testing,High
5063,2026-07-21,2026-09-06,525.5,7.0,8,8,Testing,High
5064,2026-03-02,2026-04-05,35.2,9.0,8,-2,Other,Medium
5065,2026-01-07,2026-02-11,39.1,9.0,1,7,DEV,Medium
5066,2025-10-03,2025-11-15,17.2,4.0,1,5,Documentation,Low
5067,2025-11-16,2026-01-11,340.4,7.0,4,9,Development,Medium
5068,2026-05-04,2026-05-14,36.9,2.0,6,8,DEV,Medium
5069,2025-10-24,2025-11-04,28.2,1.0,7,4,Testing,Low
5070,2026-04-13,2026-05-04,24.0,1.0,9,5,Documentation,Medium
5071,2026-07-22,2026-08-13,34.1,3.0,6,0,Testing,Low
5072,2026-02-08,2026-03-29,25.2,9.0,6,1,Documentation,Medium
5073,2026-02-01,2026-02-11,9.5,7.0,9,6,  Design,High
5074,2026-05-11,2026-05-03,27.0,7.0,5,0,doc,Medium
5075,2026-01-18,2026-03-15,36.5,6.0,10,7,Testing,High
5076,2026-08-16,2026-09-02,15.6,1.0,6,2,Documentation,Low
5077,2025-10-21,2025-11-24,3.3,5.0,4,0,Design,Low
5078,2026-08-13,2026-09-30,,8.0,8,9,Testing,High
5079,2025-12-27,2025-12-20,33.2,2.0,4,-5,Documentation,Low
5080,2026-07-10,2026-09-07,36.5,4.0,9,1,Design,Medium
5081,2026-02-02,2026-02-13,22.2,2.0,9,4,Design,Medium
5082,2025-10-02,2025-10-05,32.6,10.0,2,7,Development,High
5083,2026-04-23,2026-05-01,17.1,10.0,3,3,Testing,Medium
5084,2026-08-28,2026-10-10,18.2,1.0,2,4,Development,Low
5085,2026-05-10,2026-07-09,19.6,15.0,8,7,Testing,Critical
5086,2026-06-16,2026-07-26,3.9,9.0,8,0,Testing,Medium
5087,2026-03-04,2026-04-29,36.2,8.0,6,10,Other,High
5088,2026-06-10,2026-06-14,29.8,9.0,4,4,Documentation,Medium
5089,2025-10-17,2025-12-06,29.1,5.0,0,2,Other,Low
5090,2025-12-20,2026-01-21,23.9,8.0,3,0,doc,Medium
5091,2026-01-18,2026-02-08,24.8,4.0,2,5,  Design,Critical
5092,2026-02-11,2026-03-17,4.8,,8,3,Design,Low
5093,2026-02-05,2026-02-23,32.2,5.0,5,10,Documentation,Medium
5094,2026-01-31,2026-02-13,33.5,10.0,3,1,Other,Medium
5095,2026-06-19,2026-07-20,33.3,10.0,10,6,Design,Critical
5096,2026-07-31,2026-08-22,37.7,2.0,1,5,Development,Low
5097,2026-08-15,2026-09-28,2.5,1.0,8,2,Testing,Low
5097,2026-08-15,2026-09-28,2.5,1.0,8,2,Testing,Low
5099,2026-04-26,2026-06-20,1.9,,4,9,Documentation,Low
5100,2026-05-11,2026-06-25,1.0,8.0,8,1,Documentation,Medium
5100,2026-05-11,2026-06-25,1.0,8.0,8,1,Documentation,Medium
5102,2025-11-02,2025-11-30,17.1,,8,5,Documentation,Low
5103,2025-11-03,2025-12-06,3.7,3.0,100,5,Design,Low
5104,2026-01-25,2026-03-04,,6.0,10,4,DEV,High
5105,2026-06-01,2026-06-18,27.6,2.0,5,0,doc,Low
5106,2026-05-09,2026-05-23,3.4,8.0,10,-3,Documentation,Medium
5107,2026-01-01,2026-02-26,24.4,2.0,1,7,Other,Critical
5108,2026-03-02,2026-03-22,39.5,4.0,6,7,Testing,Medium
5109,2025-09-30,2025-11-18,2.3,7.0,4,7,Design,Low
5110,2026-05-23,2026-07-09,4.4,2.0,8,4,Design,Medium
5111,2026-05-15,2026-07-10,35.6,4.0,3,0,Testing,Low
5112,2025-11-01,2025-12-28,25.6,3.0,5,0,Documentation,Low
5113,2026-08-08,2026-08-05,24.4,5.0,10,9,Documentation,High
5114,2025-11-26,2026-01-06,36.0,9.0,8,0,Other,High
5115,2026-04-13,2026-04-24,22.0,4.0,4,3,Development,Low
5116,2026-06-20,2026-07-15,,,4,9,Other,Low
5117,2026-06-18,2026-06-10,2.5,3.0,7,1,Documentation,Medium
5118,2025-10-21,2025-11-08,19.5,8.0,1,5,Testing,Medium
5119,2026-09-05,2026-08-26,19.9,3.0,8,9,Documentation,Medium
5120,2025-12-05,2025-12-20,4.2,1.0,8,6,Design,High
5121,2026-04-13,2026-04-09,22.7,5.0,10,3,Documentation,Medium
5122,2026-05-05,2026-06-23,35.5,,9,8,Testing,Low
5123,2025-12-07,2025-12-17,806.7,,2,8,Design,Low
5124,2026-03-08,2026-05-02,21.8,1.0,3,8,Testing,Low
5125,2025-10-06,2025-12-01,20.9,4.0,6,0,,Low
5126,2025-12-04,2025-12-26,8.6,7.0,3,4,Testing,Medium
5127,2026-02-14,2026-03-29,18.3,4.0,6,7,Testing ,Medium
5128,2026-01-22,2026-03-07,2.2,10.0,5,7,Testing,High
5129,2025-12-30,2026-01-18,27.4,8.0,10,10,Development,Critical
5130,2025-10-21,2025-12-07,18.2,-1.0,5,2,Testing,Low
5131,2025-12-26,2026-02-04,36.2,1.0,9,1,Design,Low
5132,2026-02-26,2026-04-21,3.4,11.0,3,9,Development,High
5133,2026-05-08,2026-05-20,5.2,10.0,3,8,Documentation,High
5134,2025-10-10,2025-11-10,28.9,6.0,9,7,Other,High
5135,2026-01-28,2026-03-27,3.7,8.0,5,1,Documentation,Critical
5136,2026-01-11,2026-03-06,38.1,7.0,8,2,Other,Medium
5137,2026-03-24,2026-05-10,16.3,,3,-4,Other,Low
5138,2026-08-29,2026-10-09,39.5,10.0,5,3,Testing,High
5139,2026-07-19,2026-08-04,3.4,2.0,2,8,,Low
5140,2026-03-21,2026-05-04,10.4,9.0,6,8,Documentation,High
5141,2025-11-15,2025-11-18,2.9,2.0,5,9,Testing,Medium
5142,2026-04-21,2026-05-01,14.4,3.0,7,-2,Development,Low
5143,2026-02-22,2026-03-09,24.7,1.0,3,2,Development,Low
5144,2026-01-21,2026-03-08,6.5,2.0,2,0,Design,Low
5145,2026-09-06,2026-09-13,19.1,3.0,10,4,Testing,Medium
5146,2025-11-22,2025-11-28,5.1,10.0,10,1,Other,High
5147,2026-03-20,2026-04-15,4.1,7.0,7,10,Design,High
5148,2026-03-31,2026-04-25,,3.0,4,10,Documentation,Medium
5149,2025-11-30,2025-12-05,38.4,2.0,2,3,Documentation,Low
5150,2026-06-07,2026-06-22,5.1,8.0,7,4,Documentation,High
5151,2026-05-31,2026-07-07,22.9,,8,1,development,Low
5152,2026-01-12,2026-01-20,38.9,1.0,8,0,Design,Low
5152,2026-01-12,2026-01-20,38.9,1.0,8,0,Design,Low
5154,2026-08-28,2026-09-18,17.3,2.0,1,2,Development,Low
5155,2026-02-12,2026-03-16,32.8,6.0,5,4,Testing,Medium
5156,2025-12-07,2025-12-28,7.6,6.0,7,3,Development,Medium
5157,2026-07-23,2026-09-01,22.8,4.0,2,0,Development,High
5158,2026-02-18,2026-02-19,20.8,2.0,7,7,Testing,Medium
5159,2026-06-30,2026-07-04,2.6,2.0,9,1,Other,Low
5160,2025-12-25,2026-01-12,8.1,4.0,5,9,  Design,Medium
5160,2025-12-25,2026-01-12,8.1,4.0,5,9,  Design,Medium
5162,2026-05-22,2026-06-25,36.8,4.0,3,5,Design,Low
5163,2026-07-05,2026-07-08,5.7,1.0,9,10,Documentation,Medium
5164,2026-02-19,2026-04-10,17.9,8.0,9,3,Other,High
5165,2025-12-29,2026-01-30,36.7,7.0,10,8,Documentation,High
5166,2025-11-16,2025-12-02,34.3,7.0,10,7,Development,Low
5167,2026-04-13,2026-04-30,22.6,,4,0,Testing ,Low
5168,2025-10-04,2025-11-18,26.3,3.0,7,1,Documentation,Low
5169,2026-01-24,2026-01-31,29.9,6.0,10,1,Documentation,Medium
5170,2026-05-17,2026-06-10,27.1,10.0,7,2,Other,Low
5171,2026-05-12,2026-07-02,32.4,2.0,9,3,Design,Medium
5172,2026-03-11,2026-03-31,12.8,10.0,2,2,Other,Medium
5173,2025-09-13,2025-10-31,34.9,2.0,7,6,Design,Medium
5174,2026-08-23,2026-09-07,1.8,6.0,8,-3,Development,Medium
5175,2026-06-28,2026-07-12,1.2,10.0,9,5,Testing,High
5176,2026-01-05,2026-02-15,0.8,1.0,7,5,Other,Low
5177,2025-10-01,2025-11-24,31.0,10.0,10,6,Development,Critical
5178,2026-09-05,2026-09-21,19.7,9.0,4,6,Development,Medium
5179,2026-01-08,2026-02-07,21.9,2.0,5,8,Development,Low
5180,2025-12-09,2025-12-28,218.1,3.0,6,7,Design,Medium
5181,2026-07-18,2026-07-20,34.7,,4,5,Design,Low
5182,2025-09-29,2025-11-19,,7.0,8,5,Documentation,High
5183,2026-05-18,2026-05-23,15.5,6.0,3,1,Design,Low
5184,2026-07-21,2026-09-09,7.3,1.0,7,1,Design,Low
5185,2026-08-03,2026-09-11,28.6,1.0,5,0,  Design,Low
5186,2026-08-21,2026-09-19,13.7,11.0,10,-1,Testing,High
5187,2026-05-22,2026-05-24,25.8,8.0,1,0,Documentation,Low
5188,2026-07-09,2026-08-15,31.9,4.0,2,5,Testing,Low
5189,2025-12-23,2026-01-27,0.8,3.0,5,1,Documentation,Critical
5189,2025-12-23,2026-01-27,0.8,3.0,5,1,Documentation,Critical
5191,2025-12-09,2026-01-17,13.3,1.0,3,10,Design,Low
5192,2025-11-06,2025-11-14,4.5,6.0,10,8,DEV,High
5193,2026-01-02,2026-02-04,32.9,0.0,10,10,Testing,Medium
5194,2026-08-18,2026-10-07,32.0,,9,2,Testing,Low
5195,2026-04-03,2026-05-02,34.7,4.0,7,0,Testing,Low
5196,2026-06-16,2026-06-10,2.2,6.0,1,10,Documentation,Medium
5197,2026-06-12,2026-07-25,12.0,8.0,0,5,Development,Medium
5198,2026-01-07,2026-01-17,4.8,2.0,6,5,Design,Low
5199,2026-09-05,2026-09-22,2.4,8.0,3,4,doc,Medium
5200,2026-02-06,2026-04-07,4.8,8.0,1,9,Other,Medium
5200,2026-02-06,2026-04-07,4.8,8.0,1,9,Other,Medium
5202,2025-12-05,2025-12-04,5.0,8.0,6,6,Other,High
5203,2026-05-04,2026-05-24,14.5,8.0,6,8,Other,High
5204,2026-03-06,2026-04-15,18.9,2.0,3,8,Other,Low
5205,2026-06-22,2026-06-18,31.3,7.0,0,2,Testing,Low
5206,2026-07-19,2026-07-28,1.8,8.0,10,8,Development,High
5207,2025-12-25,2026-01-22,,,2,9,DEV,Low
5208,2026-07-25,2026-08-07,29.7,6.0,3,0,Testing,High
5209,2026-02-13,2026-03-12,37.4,7.0,3,0,Documentation,Low
5210,2026-06-08,2026-06-04,32.5,5.0,4,4,Testing ,Medium
5211,2026-03-06,2026-04-29,16.4,3.0,10,8,Testing,Medium
5212,2025-11-05,2025-12-27,40.0,1.0,9,7,Development,Medium
5213,2026-01-01,2026-02-11,32.8,3.0,8,4,Design,Medium
5214,2026-03-03,2026-03-22,35.6,8.0,6,9,Design,High
5215,2026-06-30,2026-08-20,20.5,,3,5,Design,Low
5216,2026-06-08,2026-07-03,32.2,5.0,10,1,  Design,Medium
5217,2025-12-31,2026-02-16,17.6,4.0,3,3,Testing,Low
5218,2025-11-16,2025-11-28,5.7,4.0,1,1,,Low
5219,2026-08-01,2026-08-13,6.7,7.0,9,2,Development,Critical
5220,2026-06-12,2026-06-20,20.5,4.0,8,0,Development,Medium
5221,2025-12-12,2026-02-03,12.7,3.0,8,4,Development,Medium
5222,2026-01-10,2026-03-07,5.8,5.0,9,6,Development,Medium
5223,2026-01-06,2026-02-18,27.6,7.0,3,4,Other,Low
5224,2026-07-13,2026-07-16,3.7,2.0,5,-2,Documentation,Low
5225,2026-08-18,2026-08-26,18.8,,0,7,Development,Low
5226,2026-05-19,2026-06-16,13.0,1.0,8,9,Documentation,Medium
5227,2026-05-04,2026-05-30,33.2,9.0,9,8,Design,High
5228,2026-04-29,2026-05-18,36.1,9.0,5,3,Other,Medium
5229,2026-04-04,2026-05-01,7.5,7.0,8,3,Design,Medium
5230,2026-04-27,2026-05-27,39.7,2.0,7,1,Other,Low
5231,2026-02-24,2026-03-17,21.3,10.0,8,4,Documentation,High
5232,2025-12-03,2026-01-31,12.5,3.0,10,8,Development,Medium
5233,2026-03-18,2026-04-01,19.3,3.0,7,2,Other,Low
5234,2026-04-26,2026-06-12,10.7,6.0,5,2,Other,Medium
5235,2026-03-05,2026-03-18,28.5,1.0,2,10,Testing,Low
5236,2026-06-25,2026-08-07,31.2,9.0,100,10,Testing,Critical
5237,2025-10-25,2025-11-18,9.8,9.0,1,9,Documentation,Medium
5238,2026-07-11,2026-08-01,8.1,1.0,5,5,Development,Low
5238,2026-07-11,2026-08-01,8.1,1.0,5,5,Development,Low
5240,2026-07-04,2026-08-09,15.3,10.0,4,5,Documentation,High
5241,2025-09-13,2025-10-16,35.0,5.0,100,7,Testing,Critical
5242,2026-06-26,2026-08-05,20.2,2.0,1,10,Documentation,Low
5243,2026-01-01,2026-01-08,9.8,9.0,6,5,Development,High
5244,2025-10-15,2025-10-13,20.9,10.0,9,5,Other,High
5245,2026-07-04,2026-08-25,23.3,7.0,4,7,Other,Medium
5246,2026-02-09,2026-04-09,,1.0,10,5,Testing,Medium
5247,2025-11-10,2025-12-05,30.8,7.0,2,10,Testing,Medium
5248,2025-11-25,2026-01-09,14.1,3.0,1,2,Development,Low
5249,2026-04-25,2026-04-17,2.8,4.0,1,5,Documentation,Critical
5250,2025-09-16,2025-10-27,19.1,9.0,7,9,Design,High
5251,2026-05-17,2026-06-21,15.6,7.0,1,0,Documentation,Low
5252,2026-06-01,2026-07-18,26.8,10.0,7,10,Design,Critical
5253,2026-04-12,2026-04-20,6.5,5.0,4,7,  Design,Medium
5254,2025-11-03,2025-12-06,14.6,2.0,10,9,Other,Medium
5255,2026-07-09,2026-08-04,4.0,10.0,9,1,Testing,High
5256,2026-03-30,2026-05-03,14.3,5.0,1,3,Development,Low
5256,2026-03-30,2026-05-03,14.3,5.0,1,3,Development,Low
5258,2026-04-26,2026-06-15,24.6,4.0,7,7,Design,Medium
5259,2026-03-23,2026-03-24,35.5,4.0,3,-3,DEV,Low
5260,2026-03-23,2026-04-30,38.8,4.0,3,0,DEV,Low
5261,2026-04-02,2026-05-28,13.2,4.0,3,6,Development,Low
5262,2026-04-18,2026-04-13,22.2,2.0,6,3,Development,Low
5263,2026-05-17,2026-06-10,36.1,0.0,12,3,Testing,Medium
5264,2026-07-16,2026-07-31,5.4,7.0,10,6,Other,Critical
5265,2026-04-08,2026-04-14,32.8,4.0,3,5,Testing,Low
5266,2026-06-18,2026-08-09,33.5,5.0,9,7,Testing,High
5267,2026-03-17,2026-03-22,2.6,10.0,10,8,Development,Critical
5268,2026-04-17,2026-05-20,39.8,4.0,4,3,Other,Low
5269,2026-01-04,2026-01-13,914.6,1.0,2,4,Other,Low
5270,2025-12-13,2026-02-02,29.2,2.0,7,10,Other,Medium
5271,2025-09-22,2025-11-11,11.5,2.0,12,6,Other,Medium
5272,2026-07-21,2026-08-06,37.5,2.0,1,0,Other,Low
5273,2025-10-11,2025-10-19,36.4,,5,8,Development,Low
5274,2026-08-08,2026-09-14,7.2,5.0,2,0,  Design,Low
5275,2025-10-05,2025-11-27,24.4,8.0,6,1,DEV,Medium
5276,2026-05-21,2026-06-29,4.2,10.0,9,2,Other,High
5277,2025-09-13,2025-09-24,17.5,8.0,10,3,Documentation,High
5278,2026-01-28,2026-03-28,34.4,1.0,3,0,Design,Low
5279,2026-09-06,2026-09-17,14.5,5.0,100,10,Documentation,Critical
5280,2026-03-09,2026-04-10,29.9,6.0,3,2,Documentation,Low
5281,2026-04-16,2026-05-03,0.7,11.0,4,2,Development,High
5282,2026-07-04,2026-08-06,12.7,5.0,7,9,Development,Medium
5283,2025-12-05,2026-01-22,24.7,,7,4,Design,Critical
5284,2025-10-08,2025-11-22,2.5,9.0,5,10,doc,High
5285,2026-03-29,2026-05-25,,3.0,9,8,Other,Medium
5286,2026-04-25,2026-04-29,,,7,9,Documentation,Low
5287,2026-02-03,2026-04-02,15.4,3.0,2,9,Other,Low
5288,2025-12-30,2026-01-31,18.4,4.0,9,5,Testing,Medium
5289,2026-07-09,2026-08-21,3.9,7.0,100,9,Development,Critical
5290,2026-07-13,2026-07-16,494.8,6.0,5,7,Other,Medium
5291,2026-08-24,2026-09-03,32.4,9.0,1,8,Documentation,Medium
5292,2026-05-15,2026-06-27,5.8,10.0,6,5,Testing,High
5293,2026-05-11,2026-06-06,4.1,5.0,10,8,Testing,High
5294,2025-11-02,2025-12-13,417.8,9.0,10,0,Development,High
5295,2026-03-27,2026-05-12,17.8,4.0,100,3,Other,Critical
5296,2026-01-10,2026-01-16,19.1,10.0,1,1,Documentation,Medium
5297,2026-01-07,2026-03-07,8.1,10.0,8,3,Other,High
5298,2026-03-12,2026-04-10,33.4,6.0,6,2,  Design,Medium
5299,2025-11-05,2025-11-11,5.1,15.0,4,1,Other,High
5300,2026-09-08,2026-09-23,8.2,4.0,6,5,Documentation,Medium
5301,2025-09-16,2025-10-07,1.1,5.0,1,2,Other,Low
5302,2026-02-12,2026-02-16,35.8,1.0,1,1,Development,Low
5303,2025-10-06,2025-10-29,9.3,5.0,7,5,Testing,Medium
5304,2026-07-23,2026-07-29,9.2,5.0,7,2,Testing,Medium
5305,2026-07-01,2026-08-05,9.1,1.0,10,0,Other,Low
5306,2026-09-10,2026-09-17,1.7,1.0,9,6,Design,Medium
5307,2025-11-22,2025-12-27,26.6,4.0,3,9,Testing,Medium
5308,2026-06-27,2026-08-07,0.9,0.0,9,0,Documentation,Low
5309,2026-02-15,2026-03-28,26.5,10.0,3,9,Design,High
5310,2025-12-19,2026-01-16,21.4,10.0,1,6,Other,Medium
5311,2026-04-02,2026-04-28,36.2,5.0,5,8,Other,Medium
5312,2026-03-10,2026-03-21,31.7,10.0,9,7,Documentation,Critical
5313,2026-02-02,2026-02-04,17.4,3.0,4,5,Development,Low
5314,2026-08-13,2026-09-25,,5.0,2,6,Other,Low
5315,2025-12-31,2026-02-23,21.0,5.0,1,2,doc,Low
5316,2026-02-18,2026-03-22,17.0,10.0,4,-5,Testing,Medium
5317,2026-03-30,2026-04-20,8.3,1.0,6,9,Testing,Medium
5318,2026-02-16,2026-04-04,25.0,3.0,9,4,Documentation,Medium
5319,2026-05-11,2026-05-17,35.3,3.0,3,4,Development,Low
5320,2026-06-04,2026-06-14,34.3,10.0,2,6,Other,Medium
5321,2026-05-26,2026-06-28,13.6,15.0,4,8,Design,Critical
5322,2026-09-08,2026-10-04,31.5,7.0,6,-2,Development,Medium
5323,2025-10-29,2025-11-28,10.0,5.0,10,5,Testing,High
5324,2026-06-18,2026-08-01,10.3,6.0,7,8,Design,High
5325,2025-10-30,2025-10-24,20.2,0.0,9,-2,Design,Low
5326,2026-02-16,2026-04-08,36.7,3.0,9,5,  Design,Medium
5327,2026-07-26,2026-09-10,2.7,4.0,8,-3,Design,Low
5328,2026-03-25,2026-03-31,7.4,9.0,5,9,Testing,High
5329,2026-06-25,2026-08-14,11.1,,2,9,development,Low
5330,2026-06-17,2026-06-24,38.2,1.0,9,10,Testing,Medium
5331,2025-11-20,2025-11-30,12.0,6.0,9,7,Testing,High
5332,2025-12-13,2026-01-05,5.8,,100,0,DEV,Low
5333,2025-11-17,2025-12-17,17.6,3.0,100,6,Documentation,Critical
5334,2025-10-08,2025-11-17,29.1,10.0,7,7,Development,High
5335,2026-06-01,2026-06-10,32.9,9.0,10,8,Other,Critical
5336,2025-10-19,2025-11-18,31.0,8.0,8,1,Design,Medium
5337,2026-09-01,2026-09-15,23.1,8.0,9,10,Documentation,High
5338,2026-05-09,2026-05-27,347.6,7.0,7,10,Design,Critical
5339,2026-06-25,2026-06-26,30.5,5.0,12,0,Design,Critical
5339,2026-06-25,2026-06-26,30.5,5.0,12,0,Design,Critical
5341,2026-08-21,2026-09-21,18.1,0.0,3,3,Documentation,Low
5342,2026-02-02,2026-03-14,8.9,10.0,1,4,Documentation,Medium
5343,2026-07-25,2026-08-22,27.7,10.0,6,10,Development,Low
5344,2026-05-31,2026-07-05,14.1,2.0,12,7,Other,Medium
5345,2026-05-09,2026-06-22,38.2,1.0,8,4,DEV,Low
5346,2026-06-26,2026-07-06,10.2,10.0,4,8,,High
5347,2026-01-04,2026-01-27,18.4,3.0,1,-4,Documentation,Low
5348,2026-04-29,2026-06-17,3.4,5.0,1,4,Documentation,Low
5349,2026-08-28,2026-10-16,14.3,7.0,6,0,Other,Medium
5350,2026-05-16,2026-05-10,18.9,2.0,5,2,Development,Low
5351,2026-04-10,2026-05-04,18.0,2.0,4,10,Design,Medium
5352,2026-01-19,2026-02-23,27.9,6.0,8,0,Other,Medium
5353,2026-04-20,2026-06-16,19.6,3.0,10,1,Design,Medium
5354,2026-04-10,2026-04-16,32.1,6.0,6,8,Development,Medium
5355,2025-11-25,2026-01-04,943.7,15.0,10,0,Development,Critical
5356,2026-05-16,2026-06-03,22.5,4.0,7,7,Development,Medium
5357,2026-01-19,2026-03-17,2.4,1.0,9,10,Testing,Medium
5358,2026-05-06,2026-06-18,11.7,4.0,8,2,Documentation,Medium
5359,2026-05-22,2026-05-19,13.2,4.0,2,0,doc,Low
5360,2025-10-22,2025-11-02,18.9,6.0,2,4,Development,Low
5361,2026-02-26,2026-03-27,6.4,4.0,9,10,Design,High
5362,2026-02-25,2026-03-17,8.4,5.0,7,8,,Medium
5363,2026-08-14,2026-10-01,24.0,1.0,1,3,Design,Low
5364,2026-08-26,2026-09-03,34.3,-1.0,4,1,Development,Low
5365,2025-11-14,2025-12-29,6.4,2.0,9,7,Design,Medium
5366,2026-03-31,2026-05-11,27.3,10.0,3,7,Other,High
5367,2026-05-19,2026-07-14,19.9,7.0,5,1,Development,Medium
5368,2026-08-09,2026-08-11,9.9,10.0,100,6,,High
5369,2026-01-18,2026-01-20,38.4,1.0,7,7,Documentation,Low
5370,2026-07-05,2026-07-28,,8.0,2,9,Other,Medium
5371,2026-04-02,2026-04-03,605.1,8.0,2,2,Design,Medium
5372,2026-05-06,2026-06-20,,3.0,8,10,Testing,Medium
5373,2026-07-20,2026-07-28,15.7,3.0,2,6,Testing ,High
5374,2026-08-01,2026-07-22,12.3,1.0,5,3,Testing,Low
5375,2026-07-08,2026-08-05,23.5,11.0,8,9,Testing,Critical
5376,2025-10-07,2025-11-18,10.3,8.0,9,3,Documentation,High
5377,2025-12-19,2026-02-09,33.9,8.0,2,5,Testing,Medium
5378,2026-05-27,2026-06-08,786.0,2.0,3,2,Design,Low
5379,2026-01-16,2026-01-10,11.7,3.0,6,5,Design,Medium
5380,2026-04-24,2026-05-08,7.7,15.0,2,5,Development,High
5381,2025-09-23,2025-11-08,29.6,2.0,8,3,Testing,Low
5382,2026-08-21,2026-09-23,13.0,5.0,6,9,Design,Medium
5383,2025-11-01,2025-11-08,15.0,8.0,1,7,Design,Low
5383,2025-11-01,2025-11-08,15.0,8.0,1,7,Design,Low
5385,2026-08-25,2026-10-16,7.4,10.0,3,2,Testing,Medium
5386,2025-12-08,2026-01-01,18.9,5.0,4,8,Documentation,Medium
5387,2025-10-19,2025-11-08,14.3,1.0,4,5,Development,Low
5388,2025-11-25,2025-11-24,30.3,5.0,5,5,Testing,Medium
5389,2026-08-01,2026-08-25,234.9,1.0,9,0,Design,Low
5390,2026-05-20,2026-07-13,416.0,-1.0,6,10,Other,Low
5391,2025-11-13,2025-11-19,12.6,1.0,5,5,Design,Low
5392,2025-10-09,2025-11-13,16.3,2.0,1,9,Documentation,Low
5393,2026-08-30,2026-09-04,37.1,7.0,6,10,Documentation,High
5394,2026-03-26,2026-04-13,15.8,6.0,9,10,Other,High
5395,2026-05-11,2026-06-21,28.9,6.0,100,5,development,Critical
5396,2025-12-24,2026-02-08,6.1,10.0,3,0,Documentation,Medium
5397,2025-10-18,2025-11-17,16.4,4.0,9,6,Testing,Medium
5398,2026-02-23,2026-04-09,39.2,9.0,9,1,Other,Critical
5399,2026-08-27,2026-10-01,9.7,1.0,100,3,development,Critical
5400,2025-12-02,2026-01-05,6.1,,7,0,Design,Low
5401,2026-08-19,2026-10-07,9.7,2.0,7,0,Documentation,Low
5402,2026-06-16,2026-07-10,31.1,10.0,5,4,Development,High
5403,2026-06-12,2026-06-18,21.4,7.0,1,7,Testing,Medium
5404,2025-11-09,2025-12-10,7.5,2.0,10,6,Development,Medium
5405,2026-01-05,2026-02-13,32.3,8.0,5,9,Development,High
5406,2026-01-12,2026-02-07,18.8,9.0,3,6,Design,Medium
5407,2026-08-10,2026-10-08,23.7,5.0,1,9,Testing,Medium
5408,2026-05-14,2026-06-25,39.9,6.0,7,5,Testing,Medium
5409,2025-11-29,2025-11-21,4.6,6.0,9,6,Design,High
5410,2026-01-13,2026-03-11,26.4,3.0,1,5,Development,Low
5411,2025-11-28,2026-01-27,26.8,1.0,5,1,Design,Low
5411,2025-11-28,2026-01-27,26.8,1.0,5,1,Design,Low
5413,2026-08-25,2026-09-26,26.4,5.0,7,4,Development,Medium
5414,2025-12-07,2026-01-07,32.5,1.0,5,9,Testing,Low
5415,2026-06-02,2026-07-03,,1.0,4,1,Development,Low
5416,2025-10-24,2025-12-08,,3.0,2,7,Design,Low
5417,2025-12-31,2025-12-25,32.0,1.0,1,0,Development,Low
5418,2026-09-10,2026-09-22,294.2,1.0,9,0,Other,Low
5419,2026-06-21,2026-07-18,33.9,5.0,5,10,Development,Medium
5420,2026-04-15,2026-05-27,24.1,3.0,4,5,Development,Low
5421,2026-05-01,2026-06-26,22.9,7.0,9,3,Documentation,High
5422,2026-01-10,2026-01-16,36.6,2.0,6,8,Other,Medium
5423,2026-04-28,2026-05-04,30.2,4.0,2,5,Testing,Low
5424,2025-12-13,2025-12-18,10.7,6.0,1,10,Documentation,High
5425,2026-07-26,2026-08-08,18.6,2.0,3,6,Testing,Low
5426,2025-12-22,2026-01-13,1.9,2.0,10,5,Design,Medium
5427,2026-05-08,2026-05-17,9.9,,1,6,Other,Low
5428,2025-10-10,2025-10-28,,10.0,9,10,Testing,Critical
5429,2026-04-09,2026-05-17,25.9,4.0,9,7,Testing,Medium
5430,2025-12-09,2025-12-24,38.2,4.0,10,0,Documentation,Medium
5431,2026-02-11,2026-02-26,10.7,8.0,12,4,Other,High
5432,2026-05-12,2026-05-30,,1.0,10,7,Design,Medium
5433,2026-07-01,2026-08-04,6.8,9.0,7,0,Other,Medium
5434,2026-03-14,2026-03-29,17.8,10.0,4,10,Testing,High
5435,2026-06-18,2026-08-08,15.3,9.0,10,1,Design,High
5436,2025-12-16,2025-12-31,35.4,9.0,0,4,Development,Medium
5437,2026-08-05,2026-09-22,3.9,1.0,0,-5,Testing,Low
5438,2026-07-24,2026-08-05,9.3,5.0,9,8,Testing,High
5439,2026-08-24,2026-08-27,24.5,6.0,9,8,,High
5440,2026-06-19,2026-07-20,,2.0,9,2,Other,Low
5441,2026-02-18,2026-02-08,34.0,5.0,9,4,Development,Medium
5442,2026-07-06,2026-08-02,11.5,1.0,3,4,Other,Low
5443,2026-05-27,2026-07-16,38.7,5.0,4,4,development,Medium
5444,2026-06-21,2026-08-13,0.7,,5,3,Documentation,Low
5445,2025-11-05,2026-01-01,36.5,6.0,3,7,Design,Medium
5446,2025-12-08,2026-02-03,37.4,1.0,2,6,Development,Low
5447,2026-06-17,2026-08-16,27.4,5.0,5,2,  Design,Low
5448,2026-01-25,2026-02-21,37.8,7.0,3,7,  Design,Medium
5449,2026-03-07,2026-04-16,9.8,3.0,10,1,Other,Medium
5450,2026-09-11,2026-09-20,3.5,3.0,3,7,Other,Low
5451,2026-04-22,2026-06-07,15.8,1.0,6,9,Design,Medium
5452,2026-07-02,2026-08-14,,2.0,5,4,Design,Low
5453,2025-09-26,2025-11-24,15.2,3.0,3,8,Testing,Low
5454,2026-06-17,2026-07-29,30.0,9.0,12,6,Other,Critical
5455,2026-05-29,2026-06-09,,10.0,2,10,Documentation,High
5456,2026-08-24,2026-09-27,17.2,6.0,9,9,Design,High
5457,2025-10-31,2025-12-13,3.7,9.0,4,5,Design,Medium
5458,2025-11-17,2025-12-04,17.8,,1,10,development,Low
5459,2026-07-09,2026-08-23,1.1,-1.0,7,6,Development,Low
5460,2026-08-30,2026-10-28,22.0,10.0,4,10,Testing,High
5461,2026-06-29,2026-07-06,19.9,7.0,5,5,Development,Medium
5462,2025-11-23,2026-01-04,18.5,1.0,2,1,Documentation,Low
5462,2025-11-23,2026-01-04,18.5,1.0,2,1,Documentation,Low
5464,2026-08-06,2026-09-22,35.4,8.0,6,9,Development,High
5465,2026-06-24,2026-07-22,11.9,2.0,3,5,Design,Low
5466,2026-01-13,2026-03-12,1.7,4.0,6,6,Other,Medium
5467,2025-11-29,2025-12-31,1.2,2.0,1,2,Testing,Low
5468,2026-02-17,2026-04-03,3.2,1.0,3,2,Documentation,Low
5469,2026-06-04,2026-06-24,22.4,2.0,7,0,Other,Low
5470,2026-05-25,2026-07-23,23.0,5.0,2,10,Documentation,Medium
5471,2026-08-02,2026-08-19,34.3,4.0,5,10,Other,Medium
5472,2026-06-23,2026-07-02,13.5,6.0,7,5,Other,Medium
5473,2026-05-24,2026-06-05,,9.0,4,4,Development,Medium
5474,2026-09-03,2026-10-11,1.0,,9,6,Design,Medium
5475,2026-05-25,2026-05-29,,8.0,9,8,Testing,High
5476,2026-07-02,2026-07-28,6.7,6.0,2,7,Development,Medium
5477,2026-02-17,2026-03-18,15.6,4.0,9,3,Documentation,Medium
5478,2025-11-17,2025-11-30,16.8,11.0,8,3,Other,High
5479,2026-03-02,2026-03-08,24.0,8.0,9,8,Other,High
5480,2025-09-28,2025-11-16,636.4,4.0,1,2,Development,Low
5481,2025-10-21,2025-10-22,8.8,2.0,7,2,Other,Low
5482,2026-07-30,2026-09-23,,3.0,5,1,Development,Low
5483,2026-06-16,2026-07-30,33.2,1.0,9,9,Documentation,Medium
5484,2026-03-18,2026-04-15,34.2,,7,6,Development,Low
5485,2025-10-02,2025-11-24,22.7,10.0,7,9,development,High
5486,2026-08-09,2026-09-13,28.9,2.0,6,6,Design,Medium
5487,2026-09-07,2026-09-25,27.2,1.0,3,10,  Design,Low
5488,2025-12-15,2025-12-22,39.2,4.0,8,7,Development,Medium
5489,2026-07-19,2026-08-19,11.4,8.0,3,-1,Other,Low
5490,2025-10-11,2025-12-01,18.8,9.0,10,2,  Design,High
5491,2026-05-10,2026-05-28,21.6,6.0,6,2,Development,Medium
5492,2025-11-24,2025-11-29,28.8,2.0,8,7,Testing,Medium
5493,2025-09-27,2025-11-07,17.8,5.0,6,0,Design,Critical
5494,2025-09-21,2025-09-19,5.8,7.0,10,0,Documentation,Medium
5495,2025-09-22,2025-10-19,31.4,10.0,4,2,Testing,Medium
5496,2025-11-05,2025-12-22,27.8,4.0,5,3,Documentation,Medium
5497,2026-08-24,2026-10-02,32.7,8.0,1,9,Documentation,Medium
5498,2025-10-19,2025-11-18,3.1,10.0,4,1,,Medium
5499,2025-10-01,2025-10-10,32.5,8.0,9,2,Development,High
5500,2026-08-11,2026-10-05,39.9,9.0,8,1,Testing,High
5501,2025-11-22,2026-01-15,39.3,10.0,9,7,Development,Medium
5502,2025-12-16,2025-12-27,34.7,3.0,4,4,,Low
5503,2026-09-12,2026-09-15,649.7,-1.0,10,2,Other,Low
5504,2025-11-11,2026-01-06,7.4,4.0,4,3,Development,Low
5504,2025-11-11,2026-01-06,7.4,4.0,4,3,Development,Low
5506,2026-06-17,2026-07-08,6.1,,3,1,Design,Low
5507,2026-09-01,2026-10-23,27.5,3.0,7,10,Testing,Medium
5508,2026-06-15,2026-07-23,23.5,5.0,1,8,Testing,Low
5509,2025-10-29,2025-12-04,27.4,6.0,9,7,Testing,High
5510,2026-06-09,2026-06-27,1.9,9.0,5,10,,High
5511,2026-05-19,2026-06-05,30.6,3.0,10,-3,Design,Low
5512,2025-10-04,2025-10-26,9.1,4.0,2,5,Development,Low
5513,2025-10-03,2025-11-11,9.1,5.0,6,0,Testing,Low
5514,2026-08-13,2026-09-09,8.5,9.0,1,6,Testing,Medium
5515,2026-01-12,2026-01-27,26.7,5.0,1,2,Development,Low
5516,2026-02-02,2026-03-10,31.9,2.0,1,7,DEV,Low
5517,2025-09-29,2025-11-02,39.4,-1.0,4,1,doc,Medium
5518,2026-06-18,2026-08-16,,9.0,9,1,Design,High
5519,2026-06-22,2026-07-11,32.1,7.0,5,9,Design,High
5520,2026-01-09,2026-01-01,4.0,3.0,3,0,Testing,Low
5521,2026-05-19,2026-07-03,21.4,5.0,10,2,Testing,Medium
5522,2026-02-24,2026-03-16,24.2,3.0,1,0,Other,Low
5523,2026-07-24,2026-07-29,2.9,1.0,8,4,Development,Low
5524,2025-11-01,2025-11-24,,1.0,3,5,Development,Low
5525,2026-07-12,2026-09-10,38.2,9.0,2,7,Testing,Medium
5526,2026-09-08,2026-10-08,26.3,10.0,6,5,Testing,High
5527,2025-12-05,2026-01-28,804.6,9.0,2,3,Testing,Medium
5528,2025-10-08,2025-10-14,38.9,10.0,4,5,Design,High
5529,2026-03-25,2026-04-12,15.7,2.0,8,-2,Testing,Low
5530,2026-07-26,2026-08-31,31.1,8.0,1,7,Other,Medium
5531,2025-09-27,2025-10-31,37.6,4.0,10,8,Other,High
5532,2026-06-25,2026-08-15,2.8,7.0,6,5,Development,Medium
5533,2026-03-29,2026-05-16,9.0,4.0,6,1,Other,Low
5534,2026-03-23,2026-04-10,32.5,0.0,7,9,Testing,Low
5535,2026-06-12,2026-07-06,13.3,7.0,1,9,Design,Medium
5536,2026-07-22,2026-07-23,32.7,6.0,6,8,Documentation,Medium
5537,2026-03-28,2026-03-19,4.9,,9,3,Other,Low
5538,2026-07-27,2026-08-17,18.9,4.0,2,1,,Low
5539,2025-09-23,2025-09-26,534.6,7.0,1,2,Documentation,Low
5540,2026-03-17,2026-05-02,13.8,1.0,6,10,Other,Medium
5541,2026-06-14,2026-07-02,27.8,10.0,12,1,Documentation,High
5542,2026-08-10,2026-08-25,,,1,5,Testing,Low
5543,2026-06-23,2026-06-24,24.9,9.0,9,3,Testing ,High
5544,2025-12-26,2026-01-22,36.5,2.0,3,9,Documentation,Low
5545,2026-07-01,2026-08-02,23.6,7.0,4,0,Testing,Medium
5546,2025-10-28,2025-11-19,14.4,3.0,10,1,development,Critical
5547,2026-07-31,2026-08-17,35.9,4.0,3,7,Testing,Low
5548,2026-01-24,2026-02-09,2.6,6.0,5,-4,Documentation,Low
5549,2025-12-10,2026-01-16,22.2,7.0,6,6,Testing,Low
5550,2025-11-05,2025-10-27,13.1,8.0,2,2,Testing,Medium
5551,2026-04-27,2026-04-29,19.3,8.0,1,3,Design,Medium
5552,2025-11-25,2026-01-13,5.1,2.0,5,6,Other,Low
5553,2026-05-12,2026-06-22,21.5,2.0,8,7,Other,High
5554,2026-09-07,2026-09-26,8.6,,5,4,Documentation,Low
5555,2025-12-29,2026-02-12,24.4,7.0,3,8,Other,Medium
5555,2025-12-29,2026-02-12,24.4,7.0,3,8,Other,Medium
5557,2025-10-19,2025-11-14,22.8,-1.0,7,4,Development,Low
5558,2026-06-02,2026-05-27,35.6,3.0,6,3,Design,Low
5559,2025-11-30,2025-12-05,17.8,11.0,5,2,DEV,High
5560,2025-12-12,2025-12-19,23.7,,7,2,Testing,Low
5561,2026-04-13,2026-06-12,1.2,2.0,7,10,Other,Medium
5562,2026-08-15,2026-08-18,31.9,2.0,10,0,Other,Low
5563,2026-01-10,2026-03-08,,5.0,4,7,Development,Medium
5564,2026-09-09,2026-10-17,8.8,15.0,4,8,Other,High
5565,2025-10-31,2025-11-26,29.0,10.0,9,0,Other,High
5566,2026-05-16,2026-07-05,672.4,6.0,2,3,Other,Low
5567,2026-07-29,2026-09-14,12.0,1.0,6,6,Documentation,Low
5568,2026-01-05,2026-02-19,23.1,1.0,4,8,Documentation,Low
5569,2026-08-07,2026-10-01,10.4,2.0,1,9,Documentation,Low
5570,2026-05-03,2026-06-03,18.5,9.0,7,8,Other,High
5571,2026-07-09,2026-08-01,32.9,1.0,5,0,Development,Low
5572,2026-05-12,2026-06-26,30.0,9.0,10,9,Testing,Critical
5573,2026-05-02,2026-04-22,4.1,9.0,4,2,development,Medium
5574,2026-03-24,2026-04-11,22.8,6.0,3,8,Documentation,Medium
5575,2025-09-17,2025-09-15,18.8,1.0,8,2,Development,Low
5576,2026-02-23,2026-03-04,26.1,15.0,10,10,Other,Critical
5577,2025-10-25,2025-12-23,28.7,9.0,3,2,Other,Medium
5578,2025-10-17,2025-11-03,723.0,1.0,0,2,Documentation,High
5579,2026-06-06,2026-06-30,5.1,8.0,9,7,Testing,High
5580,2025-11-04,2025-12-13,2.2,5.0,4,7,Design,Medium
5581,2026-02-05,2026-03-18,12.4,2.0,2,0,Other,Medium
5582,2026-05-03,2026-05-13,35.9,1.0,6,2,  Design,Low
5583,2026-08-03,2026-09-20,22.2,1.0,10,7,DEV,Medium
5584,2025-12-16,2026-01-19,,8.0,4,8,Other,High
5585,2026-08-03,2026-09-01,37.7,3.0,9,1,Other,Medium
5586,2025-12-31,2026-02-15,,10.0,8,4,Testing,High
5587,2025-09-22,2025-10-19,20.8,4.0,10,7,Development,Critical
5588,2025-09-24,2025-11-15,260.4,10.0,7,10,Other,Critical
5589,2025-10-12,2025-11-20,28.8,2.0,8,3,Design,Low
5590,2026-07-28,2026-09-07,36.4,4.0,6,6,Development,Critical
5591,2026-04-05,2026-05-15,5.8,2.0,10,8,Development,Medium
5592,2026-06-14,2026-07-24,29.5,8.0,6,9,Documentation,High
5593,2026-06-20,2026-08-19,28.5,9.0,1,7,Design,Medium
5594,2026-05-24,2026-05-20,1.6,7.0,1,8,Design,High
5595,2026-08-02,2026-07-26,33.2,8.0,2,3,Testing,Medium
5596,2025-10-03,2025-10-05,37.1,10.0,2,1,Documentation,Medium
5597,2026-08-04,2026-08-23,3.8,1.0,8,5,Documentation,Low
5598,2026-08-01,2026-08-22,12.7,7.0,3,3,Other,Medium
5599,2026-06-29,2026-07-19,6.5,1.0,9,6,Testing,Medium
5600,2026-06-17,2026-06-23,4.7,6.0,3,10,Design,Medium
5601,2026-06-14,2026-07-10,18.1,1.0,1,3,Documentation,Low
5602,2025-12-29,2026-02-06,2.2,2.0,3,2,Testing,Low
5603,2026-04-20,2026-05-31,13.7,9.0,1,8,Development,Medium
5604,2026-06-20,2026-08-15,36.8,2.0,6,4,Documentation,Low
5605,2026-01-20,2026-02-22,11.8,4.0,7,8,DEV,Medium
5606,2025-11-28,2025-12-22,29.5,9.0,4,4,Development,Medium
5607,2026-01-15,2026-01-05,34.6,11.0,1,8,Testing,High
5608,2025-10-03,2025-10-22,19.7,2.0,5,4,Development,Low
5609,2026-02-12,2026-02-19,12.6,6.0,6,5,Design,Medium
5610,2026-01-16,2026-03-09,0.6,3.0,2,-2,Development,Low
5610,2026-01-16,2026-03-09,0.6,3.0,2,-2,Development,Low
5612,2025-11-28,2026-01-07,27.1,7.0,8,4,Design,High
5613,2025-11-07,2025-12-07,8.7,6.0,6,0,Development,Medium
5614,2026-06-23,2026-07-18,31.1,9.0,2,2,Design,Medium
5615,2026-02-10,2026-03-19,39.9,5.0,3,0,Other,Low
5616,2026-08-08,2026-09-02,10.3,7.0,10,6,Documentation,High
5617,2025-12-24,2026-01-16,36.1,2.0,2,4,Documentation,High
5618,2026-08-15,2026-08-31,35.8,5.0,7,4,Development,Medium
5618,2026-08-15,2026-08-31,35.8,5.0,7,4,Development,Medium
5620,2025-11-01,2025-11-04,8.7,4.0,2,1,Other,Low
5621,2026-09-02,2026-09-22,17.4,7.0,10,2,Testing ,Low
5622,2026-05-04,2026-06-13,19.7,,6,10,Other,High
5623,2026-05-11,2026-06-19,36.3,6.0,0,10,Testing,Medium
5624,2025-10-12,2025-10-11,36.8,8.0,5,10,Development,High
5625,2025-11-02,2025-12-07,2.7,4.0,4,3,Other,Low
5626,2026-09-12,2026-11-05,18.6,5.0,6,1,Testing,Medium
5627,2025-11-11,2025-11-09,22.9,9.0,6,1,  Design,Critical
5628,2026-03-03,2026-03-04,28.4,3.0,2,3,Testing,Low
5629,2025-09-12,2025-10-24,30.7,11.0,9,1,Other,High
5630,2026-08-06,2026-08-29,26.7,7.0,9,10,Design,High
5631,2026-07-12,2026-08-09,39.9,2.0,6,0,Design,Low
5632,2026-02-07,2026-03-18,16.8,7.0,8,6,Other,High
5633,2026-01-16,2026-02-18,5.2,1.0,4,10,Development,Low
5634,2026-01-09,2025-12-31,4.3,2.0,6,10,Development,Medium
5634,2026-01-09,2025-12-31,4.3,2.0,6,10,Development,Medium
5636,2026-01-14,2026-02-23,20.4,6.0,10,3,Development,High
5637,2026-08-21,2026-10-13,5.6,4.0,5,5,Testing,Medium
5638,2026-05-02,2026-05-19,25.2,3.0,10,10,Design,High
5639,2025-09-18,2025-11-10,3.9,5.0,7,-2,Documentation,Low
5640,2026-04-29,2026-05-09,11.9,9.0,9,9,Development,Critical
5641,2025-11-11,2025-11-14,,4.0,10,3,Documentation,Medium
5642,2026-08-13,2026-10-06,21.0,2.0,10,2,Testing,Medium
5643,2026-05-16,2026-06-07,28.2,4.0,6,6,Development,Medium
5644,2026-02-28,2026-03-21,9.1,3.0,3,3,Design,Low
5645,2026-04-25,2026-06-04,15.8,,1,4,Testing,Low
5646,2025-09-30,2025-11-08,354.0,6.0,9,4,Other,Medium
5647,2026-01-17,2026-02-20,5.9,8.0,8,6,Testing ,High
5648,2026-09-08,2026-10-19,36.8,1.0,4,1,development,Medium
5649,2026-02-23,2026-03-11,26.0,6.0,6,4,Development,Medium
5650,2025-11-08,2025-11-22,32.7,5.0,2,9,Documentation,Medium
5651,2026-05-16,2026-07-13,36.0,6.0,1,4,Development,Low
5652,2026-05-22,2026-07-11,,1.0,6,7,Development,Low
5653,2026-03-20,2026-03-25,20.5,7.0,2,8,Development,Medium
5654,2025-11-09,2025-11-20,3.9,8.0,4,3,Documentation,Medium
5655,2025-10-30,2025-12-21,16.2,6.0,3,-4,Documentation,Low
5656,2026-01-05,2026-02-17,,0.0,9,5,Documentation,Low
5657,2025-12-07,2026-01-15,9.3,2.0,10,3,Development,Medium
5658,2025-10-19,2025-11-05,,1.0,7,3,Other,High
5659,2025-11-22,2025-12-24,20.2,7.0,7,9,Testing,High
5660,2026-09-06,2026-10-09,34.6,0.0,5,4,Development,Low
5661,2026-04-26,2026-05-24,6.7,5.0,3,7,Other,Medium
5662,2026-07-30,2026-09-26,24.7,2.0,9,-4,Testing,Low
5663,2026-01-21,2026-02-24,30.8,3.0,4,1,Design,Low
5664,2026-04-03,2026-05-01,38.7,4.0,2,-4,Documentation,Low
5665,2025-09-18,2025-10-15,38.5,8.0,5,5,Development,Medium
5666,2025-09-23,2025-11-01,0.9,9.0,4,8,Design,High
5667,2026-08-19,2026-09-06,37.0,6.0,3,7,Documentation,Medium
5668,2026-05-15,2026-06-04,30.4,9.0,3,3,Other,Medium
5669,2026-08-28,2026-10-03,25.9,,5,6,Testing,Low
5670,2025-11-07,2025-12-10,322.7,4.0,8,10,,High
5671,2026-05-01,2026-06-23,15.6,9.0,6,9,Other,High
5672,2026-01-01,2026-01-26,24.0,10.0,2,0,,Medium
5673,2026-01-31,2026-02-28,13.8,2.0,4,8,Design,Low
5674,2026-04-24,2026-06-20,11.9,7.0,7,5,Documentation,Low
5675,2025-10-16,2025-12-07,3.6,1.0,2,2,Testing,Low
5676,2026-03-26,2026-05-17,26.4,5.0,9,4,Design,Medium
5677,2026-04-02,2026-06-01,,6.0,5,8,Design,Medium
5678,2026-09-06,2026-09-17,13.5,6.0,9,6,Development,High
5679,2026-09-10,2026-10-25,5.0,9.0,10,5,Other,High
5680,2026-04-11,2026-05-24,37.5,1.0,1,2,Documentation,Low
5681,2026-05-05,2026-06-21,31.2,3.0,8,9,Other,Medium
5682,2026-06-20,2026-06-25,3.6,5.0,4,2,Design,Low
5683,2025-09-24,2025-11-08,11.3,,5,6,Documentation,Low
5684,2026-01-10,2026-01-22,37.6,9.0,9,5,Development,High
5685,2026-04-01,2026-05-10,23.2,4.0,3,10,Other,Medium
5686,2025-10-14,2025-11-23,14.1,5.0,6,9,Other,Medium
5687,2025-12-19,2026-01-23,2.5,9.0,1,4,Documentation,High
5688,2025-09-16,2025-10-17,30.1,10.0,8,6,Design,High
5689,2026-09-01,2026-10-16,32.0,6.0,5,0,Development,Low
5690,2025-10-09,2025-10-18,,1.0,2,0,Testing,Low
5691,2025-12-27,2026-02-10,,7.0,100,0,Development,Critical
5692,2025-12-29,2026-01-09,19.8,3.0,3,1,doc,Low
5693,2026-01-04,2026-03-05,,,9,3,Development,High
5694,2026-03-17,2026-05-15,34.6,4.0,2,8,Other,Low
5695,2026-01-03,2026-02-26,12.3,10.0,10,10,Development,Low
5696,2025-10-06,2025-10-31,25.3,7.0,2,2,Documentation,Low
5697,2026-01-20,2026-03-06,12.1,5.0,6,6,Documentation,Medium
5698,2026-03-31,2026-05-03,13.5,6.0,2,8,Testing,Medium
5699,2026-07-16,2026-09-04,7.5,9.0,0,0,Design,Low
5699,2026-07-16,2026-09-04,7.5,9.0,0,0,Design,Low
5701,2026-04-14,2026-04-20,30.7,3.0,6,10,Documentation,Medium
5701,2026-04-14,2026-04-20,30.7,3.0,6,10,Documentation,Medium
5703,2026-06-28,2026-08-20,17.7,4.0,8,3,Other,Medium
5704,2026-03-30,2026-04-09,12.9,4.0,2,0,Other,Low
5705,2025-11-07,2025-11-29,23.0,3.0,2,7,Other,Low
5705,2025-11-07,2025-11-29,23.0,3.0,2,7,Other,Low
5707,2026-08-15,2026-09-21,8.9,,7,1,Development,Low
5708,2025-11-27,2026-01-07,2.7,4.0,2,-2,Design,Low
5709,2026-08-20,2026-10-19,9.1,1.0,5,10,doc,High
5710,2025-11-14,2025-12-02,4.1,2.0,8,4,Other,Medium
5711,2026-01-17,2026-03-11,545.1,2.0,10,10,Design,Medium
5712,2025-11-12,2025-12-30,22.2,9.0,6,3,Documentation,High
5713,2026-02-06,2026-03-20,8.8,4.0,1,5,Documentation,Low
5714,2025-10-03,2025-11-24,1.3,4.0,10,5,Design,Medium
5715,2026-01-12,2026-01-21,36.2,2.0,8,8,Documentation,Medium
5716,2026-01-23,2026-02-02,13.9,,2,3,Design,Low
5717,2026-05-17,2026-05-28,24.9,9.0,3,9,Development,High
5718,2025-11-25,2025-12-05,39.1,4.0,6,10,Development,Medium
5719,2026-03-25,2026-03-17,22.9,3.0,2,-1,Other,Low
5720,2025-12-22,2026-01-13,,4.0,10,3,development,Medium
5721,2026-02-22,2026-02-18,22.8,2.0,7,0,Other,Critical
5722,2025-09-22,2025-10-11,17.5,1.0,2,-4,,Low
5723,2025-10-21,2025-12-04,32.7,7.0,12,1,Design,High
5724,2025-10-30,2025-12-12,7.5,1.0,10,7,Development,Medium
5725,2026-07-20,2026-09-16,0.6,2.0,7,5,Testing,Low
5726,2026-04-05,2026-04-26,30.5,3.0,7,3,Documentation,Low
5727,2025-11-06,2025-12-17,15.7,3.0,2,8,Other,Low
5728,2026-04-15,2026-05-06,21.6,8.0,10,9,Development,Critical
5729,2026-06-13,2026-08-12,12.3,9.0,2,0,Documentation,Medium
5730,2026-05-30,2026-07-18,19.7,15.0,6,0,Testing ,High
5731,2026-03-15,2026-03-18,11.4,1.0,8,6,Other,Medium
5732,2025-10-04,2025-10-22,11.3,3.0,4,2,Development,Low
5733,2026-08-24,2026-10-15,5.5,8.0,7,4,DEV,High
5734,2026-07-12,2026-08-04,7.7,8.0,5,-3,Documentation,Medium
5735,2025-11-07,2026-01-05,24.7,7.0,5,6,Testing ,Medium
5736,2025-10-27,2025-11-29,19.2,6.0,3,7,Development,Medium
5737,2026-02-28,2026-04-13,35.5,8.0,6,0,Documentation,Medium
5738,2026-04-23,2026-04-30,38.5,4.0,3,8,Testing,Medium
5739,2026-01-23,2026-02-11,13.0,2.0,9,1,Documentation,Low
5740,2026-03-23,2026-03-25,24.5,8.0,6,1,Other,Medium
5741,2026-06-27,2026-07-09,5.9,1.0,9,2,Testing,Low
5742,2026-04-24,2026-05-04,36.1,9.0,9,9,Documentation,Critical
5743,2025-11-29,2025-12-24,660.9,4.0,10,5,Other,Medium
5744,2026-04-11,2026-04-21,2.2,2.0,1,5,  Design,Low
5745,2026-01-05,2026-02-23,20.3,6.0,4,6,DEV,Medium
5745,2026-01-05,2026-02-23,20.3,6.0,4,6,DEV,Medium
5747,2025-12-02,2025-12-30,11.7,7.0,6,4,Testing,Medium
5748,2026-01-08,2026-01-27,13.6,6.0,7,9,Other,High
5749,2026-05-24,2026-05-16,35.0,7.0,6,2,Documentation,Medium
5750,2026-07-05,2026-08-06,35.3,,7,0,Other,Low
5751,2026-08-03,2026-09-25,39.6,,4,8,Development,Low
5752,2026-07-30,2026-08-16,35.2,11.0,2,3,Testing,Medium
5753,2026-01-22,2026-01-17,20.9,4.0,8,-2,,Low
5754,2025-12-28,2026-02-08,14.0,8.0,9,5,Testing,High
5755,2025-11-11,2026-01-09,32.6,6.0,5,7,,Medium
5756,2026-07-14,2026-08-01,34.7,9.0,7,4,Design,High
5757,2025-11-02,2025-11-05,8.8,5.0,1,10,Development,Medium
5758,2026-07-17,2026-07-23,,9.0,3,10,doc,High
5759,2026-06-02,2026-07-10,15.4,7.0,6,10,Other,High
5760,2026-06-02,2026-07-18,,8.0,2,2,Design,Medium
5761,2026-01-02,2025-12-27,651.7,7.0,1,2,Documentation,Low
5762,2026-08-28,2026-09-13,23.6,6.0,12,7,Testing,High
5763,2025-09-26,2025-10-08,25.3,5.0,100,10,Testing,Critical
5764,2026-08-24,2026-09-25,2.3,1.0,5,10,Development,Low
5765,2026-09-04,2026-10-05,14.8,10.0,4,2,Design,Low
5766,2025-11-12,2025-11-30,15.9,1.0,8,5,Testing,Low
5767,2026-02-01,2026-01-22,31.2,10.0,10,3,Development,High
5768,2025-09-18,2025-10-25,3.6,1.0,9,4,Development,Low
5769,2026-04-29,2026-06-11,32.5,10.0,3,4,Design,Medium
5770,2026-06-04,2026-07-09,11.8,,5,8,Design,Low
5771,2026-02-14,2026-03-05,27.1,8.0,10,1,Development,High
5772,2025-09-23,2025-10-01,30.0,,9,5,Testing,Low
5773,2026-08-28,2026-10-04,35.1,2.0,8,1,Testing,Low
5774,2026-07-13,2026-07-28,3.3,9.0,1,-5,Other,Low
5775,2026-09-10,2026-10-25,10.5,4.0,7,5,Documentation,Medium
5776,2026-07-17,2026-07-21,7.7,7.0,3,9,Other,Medium
5777,2026-02-24,2026-04-12,6.4,4.0,9,3,Testing,Medium
5778,2026-05-31,2026-07-12,976.6,2.0,6,0,Other,Low
5779,2025-09-27,2025-09-18,16.5,9.0,3,4,Testing,Medium
5780,2026-07-03,2026-07-30,23.7,4.0,5,4,Documentation,Low
5781,2025-12-01,2025-12-29,3.8,9.0,1,1,Design,Medium
5782,2025-11-18,2025-12-01,30.9,2.0,5,4,Other,Low
5783,2026-01-18,2026-01-20,37.5,3.0,3,0,,Low
5784,2026-06-04,2026-07-27,35.1,2.0,3,2,Development,Low
5785,2025-12-23,2026-01-18,24.0,8.0,1,0,Development,Low
5786,2025-12-19,2026-02-11,39.7,5.0,6,6,Documentation,Medium
5787,2026-04-21,2026-05-05,28.6,10.0,4,3,Documentation,Medium
5788,2026-08-22,2026-08-21,17.4,7.0,4,5,Other,Medium
5789,2026-08-25,2026-10-19,34.0,4.0,3,4,Design,Low
5790,2026-02-15,2026-02-28,532.2,10.0,3,3,Other,Medium
5791,2026-04-06,2026-05-18,10.4,9.0,2,6,doc,Medium
5792,2026-08-23,2026-09-05,35.5,3.0,3,8,Development,Low
5793,2025-09-17,2025-10-31,36.1,5.0,6,8,Testing,Medium
5794,2025-10-28,2025-12-03,23.6,8.0,2,8,Documentation,Medium
5795,2025-12-07,2026-01-12,15.1,11.0,4,4,Design,High
5796,2025-12-18,2025-12-29,16.7,2.0,6,7,Design,Medium
5797,2026-05-09,2026-05-16,12.6,3.0,9,3,Development,Medium
5798,2026-04-24,2026-06-12,0.8,7.0,8,9,Design,Critical
5799,2025-10-07,2025-10-08,38.6,10.0,1,-4,Other,Low
5800,2026-01-08,2026-01-06,22.8,1.0,3,6,Documentation,Low
5801,2026-05-24,2026-06-07,24.4,-1.0,3,7,Testing ,Medium
5802,2025-11-17,2025-11-08,25.3,4.0,3,4,Other,Low
5803,2026-06-13,2026-06-21,27.5,2.0,5,10,Documentation,Medium
5804,2026-05-04,2026-05-20,25.5,5.0,5,7,Development,Medium
5805,2026-05-29,2026-06-18,39.0,9.0,12,7,Testing,Critical
5806,2026-02-07,2026-03-11,32.4,5.0,9,4,Design,Medium
5807,2026-02-07,2026-03-25,27.6,1.0,10,3,Other,Medium
5808,2026-02-10,2026-03-20,9.5,1.0,4,10,Testing,Low
5809,2026-05-13,2026-05-19,13.5,,7,5,DEV,Low
5810,2025-09-17,2025-10-23,7.7,1.0,12,8,Other,Medium
5811,2026-08-03,2026-08-11,31.2,3.0,8,4,Other,Medium
5812,2026-05-16,2026-06-09,38.6,6.0,9,8,Other,High
5813,2026-08-14,2026-09-17,11.1,6.0,1,10,,Medium
5814,2026-05-14,2026-06-22,21.8,6.0,3,5,Documentation,Medium
5815,2025-12-22,2026-01-01,22.2,2.0,5,0,Development,Low
5816,2025-10-27,2025-11-11,4.4,8.0,8,10,Other,High
5817,2025-11-21,2025-12-04,,5.0,4,9,Development,Medium
5818,2025-11-29,2025-12-26,11.2,4.0,3,10,Documentation,Medium
5819,2025-09-13,2025-10-07,29.5,5.0,4,5,Other,Medium
5820,2025-11-06,2026-01-02,27.0,4.0,9,10,Other,High
5821,2026-08-23,2026-09-14,23.7,2.0,5,3,Testing,Low
5822,2026-08-09,2026-09-26,8.1,5.0,7,0,Other,Medium
5823,2025-10-01,2025-11-24,22.8,3.0,5,9,Other,Medium
5824,2026-04-09,2026-05-19,34.8,6.0,100,10,Testing,Critical
5825,2026-03-18,2026-04-22,14.5,8.0,8,10,Testing,High
5826,2025-12-17,2026-01-15,8.6,7.0,7,3,Development,High
5827,2026-02-23,2026-03-18,24.6,8.0,9,2,Testing,High
5828,2026-03-23,2026-03-31,4.4,10.0,10,2,Documentation,High
5829,2025-12-25,2026-01-13,32.3,1.0,2,2,Testing,High
5830,2026-09-06,2026-10-28,39.0,3.0,9,4,Design,Medium
5831,2026-07-23,2026-09-15,11.6,8.0,6,8,Testing ,High
5832,2026-03-28,2026-05-20,34.0,4.0,10,8,Testing,High
5833,2026-07-03,2026-07-26,26.8,3.0,4,0,  Design,Low
5834,2026-03-04,2026-04-14,39.8,-1.0,8,1,Testing,Low
5835,2026-04-11,2026-06-04,243.4,3.0,10,10,Development,High
5836,2025-12-24,2026-02-13,38.3,6.0,4,3,Other,Medium
5837,2026-05-15,2026-05-18,22.5,8.0,7,-4,Documentation,Medium
5838,2026-06-05,2026-07-12,24.4,8.0,1,1,Design,Low
5838,2026-06-05,2026-07-12,24.4,8.0,1,1,Design,Low
5840,2026-07-05,2026-08-02,38.1,10.0,3,1,Other,Medium
5841,2026-04-27,2026-05-10,11.5,3.0,7,6,Documentation,Medium
5842,2026-02-11,2026-02-16,26.7,11.0,9,6,Documentation,Critical
5843,2025-11-19,2026-01-02,38.1,3.0,12,2,Documentation,Medium
5844,2026-03-07,2026-05-03,13.2,2.0,10,8,Development,Medium
5844,2026-03-07,2026-05-03,13.2,2.0,10,8,Development,Medium
5844,2026-03-07,2026-05-03,13.2,2.0,10,8,Development,Medium
5847,2026-02-05,2026-03-28,21.7,3.0,4,7,Documentation,Low
5848,2025-11-01,2025-11-15,477.0,10.0,7,4,Design,High
5849,2025-12-10,2026-01-24,7.8,5.0,9,2,Testing,Medium
5850,2026-05-06,2026-05-20,23.3,2.0,7,8,Documentation,Medium
5851,2026-05-14,2026-06-22,20.3,3.0,12,7,Testing,High
5852,2026-08-02,2026-08-28,23.8,5.0,1,0,Testing,Low
5853,2026-07-23,2026-09-13,35.9,5.0,4,2,Testing,Low
5854,2026-03-22,2026-05-02,31.9,1.0,4,2,Testing,Low
5855,2025-11-05,2026-01-01,2.2,9.0,1,5,  Design,Medium
5856,2026-07-11,2026-07-12,24.3,3.0,2,3,Testing,Low
5857,2026-06-18,2026-07-25,38.0,3.0,4,6,Other,Low
5858,2026-02-15,2026-03-06,30.8,6.0,10,3,Documentation,High
5859,2026-05-10,2026-06-01,10.2,8.0,5,2,Testing,Medium
5860,2025-11-10,2025-11-14,10.0,15.0,2,7,Design,Critical
5861,2026-02-09,2026-02-11,22.6,8.0,5,10,Design,High
5862,2026-01-30,2026-03-02,22.0,2.0,5,10,Documentation,Medium
5863,2026-01-16,2026-01-21,32.4,9.0,3,0,Development,Medium
5864,2025-12-07,2026-01-05,656.4,8.0,8,7,Testing,High
5865,2025-10-08,2025-11-07,2.2,10.0,6,5,Development,High
5866,2025-12-04,2026-01-30,12.0,7.0,7,0,Other,Medium
5867,2026-04-18,2026-05-09,34.3,8.0,6,5,Other,High
5868,2026-07-27,2026-08-25,,7.0,3,5,Documentation,Medium
5869,2025-12-27,2026-01-14,12.1,5.0,10,4,Documentation,Medium
5870,2025-12-28,2026-02-14,36.0,9.0,4,10,Design,High
5871,2025-11-19,2026-01-06,28.2,3.0,10,0,Testing,Medium
5872,2025-09-26,2025-11-24,17.1,5.0,8,8,DEV,High
5873,2026-01-22,2026-01-29,7.4,1.0,2,9,development,Low
5874,2026-04-23,2026-04-28,17.6,5.0,5,-5,Testing,Low
5875,2026-04-10,2026-04-30,12.5,15.0,7,10,Design,Critical
5876,2026-07-02,2026-08-31,518.4,3.0,5,9,Design,Medium
5877,2026-06-16,2026-06-17,26.9,8.0,10,0,Development,High
5877,2026-06-16,2026-06-17,26.9,8.0,10,0,Development,High
5879,2026-04-22,2026-05-31,12.3,1.0,6,8,Other,Low
5880,2025-09-18,2025-09-30,2.8,3.0,3,8,Development,Low
5881,2025-11-27,2026-01-16,14.3,4.0,4,5,Testing ,Low
5882,2025-10-27,2025-11-22,19.0,1.0,4,6,Other,Low
5883,2026-08-12,2026-10-02,18.7,10.0,3,5,Testing,Medium
5884,2026-01-18,2026-01-21,9.6,8.0,7,10,Testing,High
5885,2025-10-24,2025-10-15,34.4,1.0,4,8,Design,Low
5886,2026-07-21,2026-08-05,10.4,7.0,5,1,Documentation,Medium
5887,2025-09-28,2025-11-16,,8.0,10,0,Documentation,High
5888,2026-07-31,2026-08-03,28.7,10.0,7,10,Design,Critical
5889,2026-03-25,2026-03-29,3.1,5.0,100,5,Other,Critical
5890,2026-09-12,2026-10-01,39.7,9.0,9,10,Testing ,Critical
5891,2026-04-07,2026-04-21,39.9,6.0,3,0,doc,Low
5892,2026-03-23,2026-05-22,17.6,5.0,5,0,Design,Low
5893,2026-06-26,2026-07-07,19.5,4.0,7,10,Testing,Medium
5894,2025-10-17,2025-10-24,11.4,1.0,5,0,Other,Critical
5895,2026-01-16,2026-03-11,687.6,3.0,100,1,Documentation,Critical
5896,2026-06-30,2026-07-12,2.4,7.0,10,10,Other,High
5897,2025-10-12,2025-11-25,0.9,10.0,1,9,development,High
5898,2025-10-11,2025-11-19,22.7,6.0,6,7,Documentation,Medium
5899,2025-10-29,2025-12-06,11.9,6.0,3,1,Development,Low
5900,2026-03-11,2026-04-01,,8.0,100,0,Other,Critical
5901,2026-05-26,2026-06-12,4.7,7.0,3,4,Testing,Medium
5902,2026-07-11,2026-08-11,21.3,10.0,8,2,Design,Critical
5903,2025-09-23,2025-10-21,22.0,6.0,10,0,  Design,Medium
5904,2026-08-09,2026-10-05,35.9,3.0,9,2,Development,Medium
5905,2026-08-27,2026-08-31,574.7,7.0,1,10,Documentation,Low
5906,2026-02-15,2026-02-27,8.2,5.0,6,8,Documentation,Medium
5907,2026-05-20,2026-06-06,18.0,5.0,6,9,Other,Medium
5908,2026-02-09,2026-02-13,26.6,,9,6,DEV,Low
5909,2026-06-07,2026-07-15,993.6,9.0,7,10,Documentation,High
5910,2026-08-28,2026-09-29,36.6,10.0,3,2,Development,Medium
5911,2025-10-02,2025-11-30,22.9,2.0,1,5,Testing,Low
5912,2026-04-12,2026-05-27,15.9,7.0,10,1,Testing,High
5913,2025-11-04,2025-12-17,17.0,8.0,1,9,Documentation,Medium
5914,2026-08-11,2026-09-26,15.3,4.0,6,4,Documentation,Medium
5915,2026-07-27,2026-09-03,19.5,1.0,4,1,Design,Low
5916,2025-11-18,2025-12-19,,1.0,5,5,Testing,Low
5917,2026-08-16,2026-09-07,1.6,4.0,3,9,Other,Medium
5918,2025-09-18,2025-10-10,15.2,7.0,10,4,Testing,High
5919,2026-08-03,2026-08-10,9.0,2.0,8,8,Testing,Medium
5919,2026-08-03,2026-08-10,9.0,2.0,8,8,Testing,Medium
5921,2026-08-18,2026-10-11,17.7,-1.0,3,8,Documentation,Low
5922,2026-03-02,2026-03-18,29.8,0.0,7,1,Documentation,Low
5923,2026-06-06,2026-06-05,36.2,9.0,3,0,,Medium
5924,2025-12-15,2026-01-11,14.7,7.0,2,10,Other,Medium
5925,2026-04-29,2026-06-05,,10.0,3,0,Development,Medium
5926,2026-01-20,2026-02-17,8.4,6.0,6,6,Design,Medium
5927,2026-03-29,2026-04-08,26.3,5.0,6,6,Development,Medium
5928,2025-10-04,2025-12-02,25.2,6.0,5,10,,Medium
5929,2026-04-13,2026-06-09,5.0,7.0,0,7,Design,Medium
5930,2026-03-23,2026-03-22,20.4,5.0,10,0,,High
5931,2026-05-04,2026-05-10,32.3,3.0,1,8,Design,Low
5932,2025-10-21,2025-10-20,38.3,10.0,1,10,Documentation,High
5933,2025-11-19,2025-11-30,2.8,7.0,7,9,Testing,High
5934,2025-11-13,2025-12-16,7.8,1.0,9,2,Other,Low
5935,2025-09-27,2025-10-27,20.9,7.0,6,8,Design,High
5936,2026-04-20,2026-06-14,27.7,5.0,1,0,Testing ,Low
5937,2025-10-17,2025-10-30,24.4,9.0,8,2,Other,High
5938,2026-07-09,2026-08-20,1.2,9.0,10,-1,Documentation,High
5939,2026-01-02,2026-02-03,15.3,5.0,4,2,Design,Low
5940,2026-04-07,2026-05-05,2.4,7.0,8,9,Design,High
5941,2025-12-26,2025-12-25,35.7,10.0,7,6,Documentation,High
5942,2026-02-15,2026-02-28,25.5,6.0,6,9,Documentation,High
5943,2026-08-26,2026-10-14,32.6,4.0,2,2,Design,Low
5944,2026-03-31,2026-04-22,23.4,3.0,1,1,doc,Low
5945,2026-04-19,2026-06-11,31.7,10.0,8,7,Other,High
5946,2026-08-21,2026-08-24,22.6,4.0,3,1,Documentation,Low
5947,2026-08-01,2026-09-04,33.8,5.0,4,0,DEV,Low
5948,2025-12-08,2026-01-08,32.1,8.0,7,9,DEV,Low
5949,2026-07-25,2026-09-18,32.3,2.0,7,7,development,Medium
5950,2026-08-24,2026-10-07,34.0,15.0,6,2,Other,Critical
5951,2026-07-01,2026-08-16,495.9,4.0,9,9,Documentation,High
5952,2025-10-14,2025-12-01,14.2,8.0,9,-2,Documentation,Medium
5953,2025-11-21,2025-12-20,31.2,7.0,2,8,Documentation,Medium
5954,2025-09-30,2025-10-04,21.6,2.0,5,7,doc,Low
5955,2026-02-18,2026-03-25,21.8,9.0,7,7,  Design,High
5956,2026-08-09,2026-08-24,587.4,4.0,3,8,doc,Medium
5957,2026-06-06,2026-07-17,949.6,2.0,2,3,Design,Low
5958,2025-12-07,2026-01-10,3.4,9.0,10,1,Other,High
5959,2026-07-13,2026-08-27,26.8,5.0,4,0,Documentation,Low
5960,2026-02-22,2026-03-02,23.9,2.0,10,9,Documentation,Medium
5961,2025-11-01,2025-12-22,11.3,3.0,4,7,Testing,Low
5962,2026-02-12,2026-03-14,26.7,9.0,8,5,Development,High
5963,2025-10-07,2025-10-01,20.2,4.0,4,-2,Testing,Low
5964,2026-01-17,2026-03-01,12.9,8.0,9,3,Documentation,High
5965,2026-05-16,2026-07-01,27.4,10.0,10,8,Testing,Critical
5966,2026-08-07,2026-09-08,37.0,2.0,0,10,Testing,Medium
5967,2026-01-26,2026-02-25,33.4,8.0,7,6,Testing,High
5968,2025-12-26,2026-01-27,9.1,4.0,1,6,Development,Low
5969,2026-01-06,2026-02-11,35.2,4.0,7,4,Design,Medium
5970,2025-12-08,2025-12-24,14.8,2.0,2,8,Development,Medium
5971,2026-02-03,2026-03-16,5.5,6.0,10,2,Testing ,Medium
5972,2026-03-04,2026-04-28,28.0,9.0,9,10,Testing,Critical
5973,2025-10-11,2025-10-21,20.3,5.0,1,7,Testing,Low
5974,2026-06-26,2026-07-18,16.9,9.0,12,4,Testing,Critical
5975,2026-04-16,2026-05-31,35.7,,8,8,Testing,Low
5976,2025-12-16,2026-01-15,31.5,8.0,7,4,Other,High
5977,2026-07-15,2026-09-03,264.8,1.0,3,1,doc,Low
5978,2026-03-04,2026-03-05,0.7,0.0,9,1,Design,Low
5979,2026-06-12,2026-06-14,5.6,9.0,4,2,Testing,Medium
5980,2025-12-09,2025-12-30,31.4,8.0,7,6,Development,High
5981,2026-03-15,2026-05-13,38.0,,1,6,Testing,Low
5982,2026-04-10,2026-04-17,2.7,3.0,4,5,Development,Low
5983,2026-08-19,2026-09-27,27.6,6.0,2,7,Development,Medium
5984,2026-04-24,2026-04-22,24.0,8.0,7,4,Design,High
5985,2026-01-03,2026-01-13,5.9,9.0,3,10,Testing,High
5986,2026-08-31,2026-09-26,301.9,8.0,100,3,Documentation,Critical
5987,2026-08-01,2026-08-10,18.8,10.0,2,8,DEV,High
5988,2026-06-04,2026-06-26,18.8,5.0,3,0,Other,Low
5989,2025-12-16,2026-02-08,9.8,2.0,9,2,Development,Low
5990,2025-09-18,2025-10-12,15.1,4.0,7,3,Development,High
5991,2026-08-09,2026-08-14,6.3,10.0,2,9,Development,High
5992,2026-08-22,2026-09-19,19.9,6.0,2,10,Development,Critical
5993,2026-05-20,2026-05-30,30.3,7.0,3,7,Other,Medium
5994,2025-12-20,2026-01-22,6.6,5.0,7,2,Testing,Critical
5995,2026-05-23,2026-07-19,6.5,8.0,4,4,Testing,Medium
5996,2026-05-02,2026-05-08,29.0,6.0,10,7,Development,High
5997,2026-03-03,2026-03-07,15.9,6.0,1,6,Documentation,Low
5998,2026-06-15,2026-07-20,3.5,1.0,2,9,Other,Low
5999,2026-04-25,2026-05-19,17.0,7.0,4,0,Design,Medium
6000,2026-07-30,2026-08-18,8.1,6.0,5,7,Development,Medium
6001,2026-01-17,2026-03-16,27.2,1.0,3,10,Documentation,Low
6002,2026-04-10,2026-04-16,28.7,10.0,9,9,Other,Critical
6003,2026-04-30,2026-05-13,29.7,3.0,2,8,Design,Low
6004,2026-02-08,2026-03-16,23.6,5.0,100,-1,Design,Critical
6005,2026-07-07,2026-07-18,20.1,1.0,10,1,Other,Low
6006,2025-11-03,2025-12-26,30.4,10.0,1,8,Design,Medium
6007,2026-01-01,2026-02-01,,1.0,4,1,Development,Low
6008,2025-11-12,2025-12-02,19.2,6.0,1,3,Other,Low
6009,2026-01-31,2026-02-21,286.0,10.0,6,4,Documentation,High
6010,2026-08-08,2026-08-15,39.0,1.0,9,4,Design,Low
6011,2026-08-05,2026-08-15,19.1,3.0,3,5,Design,Low
6012,2026-06-16,2026-07-03,12.7,10.0,8,7,Development,High
6013,2025-09-28,2025-11-09,23.7,7.0,6,3,Testing,Medium
6014,2025-12-27,2026-01-31,13.7,5.0,4,6,Testing,Medium
6015,2025-10-17,2025-11-07,11.6,4.0,10,8,doc,High
6016,2026-05-05,2026-06-18,23.8,7.0,3,8,Design,Medium
6017,2026-04-02,2026-05-10,4.9,10.0,4,5,Testing,High
6018,2026-05-31,2026-06-26,29.9,8.0,9,10,Development,High
6019,2025-11-08,2025-11-26,5.1,3.0,5,0,Other,Low
6020,2025-09-13,2025-11-03,23.7,5.0,10,2,Other,Medium
6021,2026-06-22,2026-07-22,11.8,10.0,7,9,development,High
6022,2026-02-24,2026-03-26,35.1,1.0,3,7,DEV,Low
6023,2026-09-05,2026-09-25,30.1,8.0,5,1,Testing,Medium
6024,2026-08-02,2026-09-03,35.6,7.0,6,-2,Development,Medium
6025,2025-09-22,2025-09-29,18.8,10.0,4,1,doc,Medium
6026,2025-09-23,2025-10-28,25.3,4.0,3,6,Development,Low
6027,2026-03-13,2026-03-08,29.8,5.0,4,3,Development,Low
6028,2025-10-10,2025-11-24,32.0,1.0,2,5,Design,Low
6029,2025-11-20,2025-12-08,4.9,10.0,3,5,Design,Medium
6030,2026-03-28,2026-05-09,18.5,,9,10,Development,Low
6031,2026-06-23,2026-08-05,39.2,5.0,1,1,Development,Low
6032,2025-12-24,2026-01-21,18.0,3.0,6,3,Documentation,Low
6033,2025-12-19,2026-01-24,26.3,9.0,9,6,Testing,High
6034,2026-03-30,2026-05-12,20.4,15.0,6,8,,Critical
6035,2026-02-02,2026-03-16,7.6,9.0,9,8,Design,High
6036,2025-09-20,2025-09-27,604.0,4.0,7,3,Documentation,Medium
6037,2026-02-17,2026-03-31,20.1,11.0,3,10,Design,High
6037,2026-02-17,2026-03-31,20.1,11.0,3,10,Design,High
6039,2026-02-13,2026-04-03,5.6,7.0,0,3,Documentation,Low
6040,2026-03-16,2026-04-09,36.1,10.0,3,10,Other,High
6041,2026-01-19,2026-03-02,6.1,9.0,10,7,Design,Critical
6042,2026-05-17,2026-05-07,27.2,3.0,10,2,Development,Medium
6043,2026-06-11,2026-07-09,1.7,7.0,4,5,Development,Medium
6044,2026-02-05,2026-03-05,33.8,1.0,8,3,Documentation,Low
6045,2026-01-15,2026-01-23,38.3,8.0,3,5,Documentation,Medium
6046,2025-12-01,2026-01-18,955.3,5.0,7,2,development,Medium
6047,2026-03-09,2026-04-30,39.0,10.0,1,0,Development,Medium
6048,2026-01-14,2026-01-22,2.8,7.0,0,10,Development,Medium
6049,2026-01-28,2026-02-23,32.9,6.0,4,2,Documentation,Medium
6050,2026-08-23,2026-09-04,32.8,9.0,2,1,development,Medium
6051,2026-03-04,2026-03-13,5.1,5.0,1,2,Other,Medium
6052,2026-06-15,2026-07-20,31.5,2.0,3,2,Development,Low
6053,2025-09-21,2025-10-23,4.0,1.0,5,4,Development,Low
6054,2026-03-16,2026-05-14,32.3,7.0,10,-1,Design,Medium
6055,2025-11-12,2026-01-02,26.0,8.0,7,5,,High
6056,2026-07-12,2026-07-24,1.1,4.0,8,8,Development,Medium
6057,2025-10-26,2025-12-06,37.7,7.0,10,-1,Other,Medium
6058,2025-11-30,2026-01-09,491.3,9.0,1,7,Testing,Medium
6059,2026-08-27,2026-09-18,16.8,6.0,6,4,Testing,Medium
6060,2026-07-03,2026-08-03,393.6,6.0,5,-3,Testing,Low
6061,2025-10-10,2025-10-23,3.0,10.0,9,-5,Other,Medium
6062,2026-06-02,2026-06-26,33.8,9.0,1,10,Other,Medium
6063,2026-08-26,2026-09-09,34.7,6.0,10,3,Development,High
6063,2026-08-26,2026-09-09,34.7,6.0,10,3,Development,High
6065,2026-04-19,2026-06-04,39.9,2.0,5,5,DEV,Low
6066,2026-05-18,2026-06-20,0.9,1.0,9,7,Testing,Medium
6067,2026-03-30,2026-05-12,16.9,5.0,7,2,Testing,Medium
6068,2026-05-21,2026-07-15,16.2,2.0,4,2,Design,Low
6069,2026-04-14,2026-05-15,12.2,8.0,8,2,Other,High
6070,2026-04-07,2026-05-27,3.2,2.0,2,4,Development,Low
6071,2025-12-01,2026-01-19,18.3,7.0,4,6,Development,Medium
6072,2026-06-12,2026-08-05,25.5,7.0,7,6,Documentation,High
6073,2026-09-04,2026-10-04,13.6,9.0,3,9,Design,Medium
6074,2026-02-18,2026-03-06,,10.0,9,1,Testing,High
6075,2026-03-18,2026-03-30,10.3,-1.0,5,9,Other,Low
6076,2026-03-28,2026-05-12,26.5,6.0,3,8,Development,Medium
6077,2025-11-20,2026-01-12,17.6,8.0,4,5,Development,Medium
6078,2025-12-14,2026-02-09,2.4,9.0,6,7,Other,High
6079,2025-09-15,2025-09-16,34.8,8.0,5,8,Testing,High
6080,2026-03-30,2026-05-20,4.9,5.0,4,6,Testing,High
6081,2026-04-22,2026-05-08,9.3,3.0,8,0,Other,Low
6082,2026-03-01,2026-04-08,21.8,5.0,6,9,Testing,Medium
6083,2026-01-05,2026-01-14,37.0,5.0,2,4,Design,Low
6084,2026-01-28,2026-03-19,37.8,10.0,7,10,Testing,Critical
6085,2026-08-24,2026-10-06,3.2,6.0,9,2,  Design,Medium
6086,2026-02-21,2026-03-15,4.2,5.0,10,6,Development,High
6087,2026-05-18,2026-06-01,4.3,0.0,2,1,Development,Low
6088,2025-10-03,2025-11-14,,1.0,6,10,Testing,Medium
6089,2025-09-17,2025-10-24,,8.0,8,7,Design,High
6090,2026-07-03,2026-08-14,23.1,3.0,4,7,Other,Low
6091,2025-09-18,2025-10-29,36.0,9.0,1,4,Other,Medium
6092,2025-11-28,2025-12-29,37.7,2.0,7,7,Development,Medium
6093,2026-01-27,2026-03-25,38.0,2.0,5,7,Other,Low
6094,2026-05-07,2026-06-24,16.5,2.0,1,7,Testing,Low
6094,2026-05-07,2026-06-24,16.5,2.0,1,7,Testing,Low
6096,2026-07-17,2026-09-10,14.7,1.0,3,1,Testing,Low
6097,2026-01-06,2026-03-02,16.7,7.0,5,9,Documentation,High
6098,2026-08-13,2026-09-14,39.2,5.0,3,2,Other,Low
6099,2025-10-25,2025-11-25,34.5,2.0,6,5,Testing,Low
6100,2026-03-22,2026-04-27,8.7,9.0,4,2,Design,Medium
6101,2026-01-30,2026-02-02,27.2,8.0,6,3,Testing,Medium
6102,2025-11-19,2025-12-18,34.0,,3,2,Development,Low
6103,2026-03-10,2026-04-26,25.3,11.0,5,9,Testing,High
6104,2026-02-11,2026-02-02,36.4,11.0,7,7,Design,High
6105,2026-03-16,2026-05-05,901.6,4.0,9,6,Testing,Medium
6106,2026-03-05,2026-04-13,23.3,1.0,8,8,Other,Medium
6107,2026-09-09,2026-09-30,223.2,5.0,5,4,Testing,Medium
6108,2026-08-12,2026-09-02,4.0,3.0,9,7,Documentation,Medium
6109,2026-08-27,2026-10-25,,3.0,4,1,Development,Low
6110,2026-06-02,2026-06-14,32.6,7.0,3,0,Testing,Low
6111,2026-04-19,2026-05-17,590.9,6.0,8,9,Other,High
6112,2026-04-20,2026-04-26,12.9,6.0,9,-2,Documentation,Medium
6113,2026-07-12,2026-08-22,630.7,1.0,3,7,Design,Low
6114,2025-10-23,2025-10-24,35.8,7.0,3,10,Testing,Medium
6115,2026-05-05,2026-05-30,15.4,0.0,5,8,Documentation,Low
6116,2025-12-27,2026-01-27,31.1,2.0,10,5,Documentation,Medium
6117,2026-08-26,2026-09-04,4.3,5.0,1,9,Other,Critical
6118,2026-09-08,2026-09-26,2.8,1.0,4,-4,Documentation,Low
6119,2026-05-20,2026-05-31,32.1,8.0,2,7,Development,Medium
6120,2026-07-07,2026-08-26,3.8,3.0,8,2,Testing,Medium
6121,2026-05-20,2026-06-17,33.6,3.0,2,0,Development,Low
6122,2025-12-03,2025-11-25,25.9,2.0,7,8,Documentation,Medium
6123,2026-05-15,2026-07-04,34.7,10.0,7,6,Other,High
6124,2026-03-02,2026-03-11,10.8,8.0,2,9,Documentation,Medium
6125,2026-06-02,2026-05-25,31.0,6.0,5,5,Documentation,Medium
6126,2026-03-29,2026-04-15,27.0,2.0,9,10,Documentation,Medium
6127,2026-01-06,2026-01-04,11.3,7.0,9,3,Documentation,High
6128,2026-03-19,2026-05-15,629.8,3.0,3,3,Documentation,Low
6129,2025-10-05,2025-11-03,5.3,1.0,1,0,Other,Medium
6130,2026-07-13,2026-08-16,18.7,0.0,4,7,Design,Low
6131,2026-08-27,2026-09-16,6.6,,5,1,Other,Low
6132,2026-08-03,2026-09-03,39.1,3.0,2,4,Testing,Low
6133,2026-04-03,2026-05-08,34.1,3.0,2,10,Development,Low
6134,2026-06-13,2026-08-01,10.3,6.0,5,5,Testing,Medium
6135,2025-10-31,2025-12-05,25.5,10.0,3,8,Documentation,High
6136,2026-01-22,2026-02-08,37.8,2.0,8,3,Other,Low
6137,2026-01-08,2026-01-23,38.4,1.0,8,5,Development,Low
6138,2026-01-07,2026-02-03,34.0,8.0,8,-5,Design,Medium
6139,2026-08-26,2026-10-07,22.3,4.0,8,9,Other,Medium
6140,2025-09-22,2025-10-11,18.2,8.0,4,7,Documentation,Medium
6141,2025-11-24,2026-01-21,30.0,3.0,7,0,Design,Low
6142,2026-05-22,2026-07-12,1.2,2.0,8,0,Design,Low
6143,2026-06-20,2026-08-15,31.9,7.0,1,6,Documentation,Medium
6144,2025-12-17,2026-02-04,16.6,1.0,2,7,Documentation,Low
6145,2026-02-26,2026-04-10,10.0,2.0,8,5,Documentation,Medium
6146,2025-11-01,2025-12-09,31.9,7.0,2,9,Design,Medium
6147,2026-04-28,2026-06-11,860.0,6.0,6,0,Other,Medium
6148,2026-01-02,2026-02-04,19.7,3.0,9,7,Documentation,Low
6149,2026-09-12,2026-10-05,14.6,10.0,6,8,development,High
6150,2026-02-03,2026-03-09,,10.0,7,1,Documentation,High
6151,2026-05-20,2026-06-03,13.0,0.0,1,9,Documentation,Low
6152,2026-06-12,2026-07-25,5.3,10.0,5,2,Design,Medium
6153,2026-03-30,2026-04-20,907.9,9.0,5,9,Other,High
6154,2026-07-29,2026-09-26,37.9,1.0,4,8,Development,Low
6155,2025-09-21,2025-10-28,25.1,3.0,2,10,Development,Low
6156,2025-12-19,2026-01-20,4.7,7.0,5,10,Development,High
6157,2026-08-27,2026-10-06,29.1,0.0,5,10,Development,Low
6158,2026-04-22,2026-05-18,1.3,2.0,7,9,Development,Medium
6159,2026-05-27,2026-06-30,35.0,5.0,2,9,Testing,Medium
6160,2026-02-05,2026-02-12,8.0,7.0,5,4,Testing,Medium
6161,2025-10-16,2025-10-31,38.8,4.0,10,2,Documentation,Medium
6162,2025-10-26,2025-12-22,13.6,3.0,8,8,Documentation,Medium
6163,2026-08-20,2026-10-09,30.2,5.0,10,10,Design,High
6164,2026-08-08,2026-09-05,37.6,4.0,4,8,Other,Medium
6165,2026-09-09,2026-10-22,25.1,3.0,8,6,Development,Medium
6166,2026-07-17,2026-07-23,18.7,9.0,1,0,Development,Low
6167,2025-10-06,2025-10-31,37.4,9.0,4,5,Documentation,Low
6168,2025-12-19,2025-12-15,30.2,9.0,2,8,Other,Medium
6169,2026-09-10,2026-10-07,25.5,1.0,3,7,Development,Low
6170,2026-06-24,2026-08-11,21.5,10.0,9,8,Other,Critical
6171,2026-04-07,2026-06-05,8.7,6.0,1,8,Testing,Medium
6172,2025-11-09,2025-12-12,2.9,5.0,2,6,Other,High
6173,2026-01-04,2026-02-08,23.4,6.0,1,9,Development,Medium
6174,2025-09-12,2025-10-16,9.0,3.0,6,8,Other,Medium
6175,2026-04-01,2026-04-30,29.9,8.0,8,1,Other,Medium
6176,2026-03-06,2026-05-02,1.3,7.0,10,2,Other,High
6177,2026-06-14,2026-08-11,14.8,3.0,4,4,Testing,Low
6178,2025-09-24,2025-09-25,13.6,5.0,3,7,Other,Medium
6179,2026-05-01,2026-05-31,37.3,9.0,3,5,Testing,Medium
6180,2026-07-22,2026-08-14,4.4,5.0,9,8,Documentation,Critical
6181,2026-02-27,2026-03-16,695.3,2.0,4,6,Testing,Low
6182,2026-08-31,2026-09-16,35.0,6.0,0,4,Other,Low
6183,2026-07-24,2026-08-20,13.7,6.0,9,1,Documentation,Medium
6184,2026-03-20,2026-04-19,25.8,8.0,7,3,Design,Medium
6185,2026-01-27,2026-02-02,3.8,6.0,6,10,Design,High
6186,2025-12-31,2026-02-25,35.4,2.0,5,3,Documentation,Low
6187,2026-07-31,2026-08-09,30.9,8.0,4,-3,  Design,Low
6188,2025-11-27,2025-12-17,33.7,2.0,6,-5,Design,Low
6189,2026-05-09,2026-06-14,36.2,10.0,6,6,Documentation,High
6190,2025-12-06,2026-01-22,8.3,7.0,2,0,Documentation,Low
6191,2026-03-15,2026-04-30,38.8,,5,8,Testing,Low
6192,2025-10-13,2025-11-04,24.4,8.0,7,3,Testing ,Medium
6193,2026-06-15,2026-06-30,7.6,11.0,5,1,Other,High
6194,2026-05-31,2026-06-28,5.6,5.0,10,0,Development,Medium
6195,2025-12-04,2026-01-25,35.3,9.0,6,9,Other,High
6196,2025-09-21,2025-10-15,18.7,8.0,12,5,Documentation,High
6197,2025-10-21,2025-11-20,27.3,8.0,8,10,Documentation,Low
6198,2026-09-04,2026-09-17,23.4,6.0,4,5,Other,Medium
6199,2026-09-05,2026-09-14,6.1,5.0,7,4,  Design,Medium
6200,2026-03-01,2026-04-13,23.0,1.0,2,9,Design,Low
6201,2026-07-08,2026-08-10,11.0,8.0,3,1,,Medium
6202,2026-05-14,2026-05-17,8.2,3.0,7,2,Design,Critical
6203,2026-01-12,2026-02-14,27.5,1.0,2,-2,Documentation,Low
6204,2026-06-09,2026-06-19,31.2,4.0,5,7,Documentation,Medium
6205,2026-06-05,2026-07-12,22.4,1.0,9,10,Design,Medium
6206,2025-09-25,2025-11-03,22.3,3.0,2,9,Testing,Low
6207,2025-11-26,2025-11-23,17.1,4.0,1,5,Other,Low
6208,2026-06-11,2026-07-15,35.4,1.0,7,5,,Low
6209,2026-05-10,2026-06-24,9.6,9.0,12,1,Documentation,Critical
6210,2026-01-23,2026-02-17,27.9,4.0,7,4,Documentation,Medium
6211,2026-03-07,2026-03-11,948.3,10.0,3,5,Other,Medium
6212,2026-03-04,2026-03-14,22.7,9.0,10,2,Development,High
6213,2026-01-06,2026-02-18,35.5,7.0,6,6,Testing,Medium
6214,2026-04-22,2026-04-29,11.3,2.0,7,10,Documentation,Medium
6215,2026-09-10,2026-10-14,31.8,9.0,2,7,,Medium
6216,2026-05-03,2026-06-28,35.6,1.0,10,7,Design,Medium
6217,2025-09-21,2025-10-17,3.2,6.0,10,9,  Design,High
6218,2026-04-22,2026-04-27,37.2,9.0,2,0,Development,Medium
6219,2026-02-20,2026-04-05,25.3,5.0,4,2,Documentation,Low
6220,2026-07-29,2026-09-09,16.8,8.0,6,3,Development,Medium
6221,2026-04-25,2026-06-07,16.2,2.0,8,0,Testing,Low
6222,2026-01-30,2026-02-23,11.7,2.0,6,8,doc,Medium
6223,2026-03-14,2026-03-17,7.5,7.0,5,1,Development,Medium
6224,2025-12-08,2026-02-01,11.3,6.0,9,1,Development,Medium
6225,2026-02-15,2026-03-13,,,3,6,Documentation,High
6226,2026-09-11,2026-11-05,26.8,8.0,8,0,Other,Medium
6227,2025-12-30,2026-01-26,12.7,8.0,2,5,Design,Low
6228,2025-12-06,2025-12-31,6.1,8.0,7,7,Testing,High
6229,2026-04-12,2026-06-04,2.4,5.0,4,5,Documentation,Medium
6230,2025-09-15,2025-10-07,29.4,5.0,5,5,Other,Medium
6231,2025-12-26,2025-12-23,23.8,2.0,3,6,Testing,Low
6232,2026-03-04,2026-04-23,3.3,,2,3,Design,Low
6233,2026-08-12,2026-09-22,3.1,,8,8,Development,Low
6234,2026-01-03,2026-02-09,13.1,15.0,3,4,Development,High
6235,2025-11-03,2025-12-03,24.5,10.0,4,3,Other,Medium
6236,2026-03-30,2026-04-01,,10.0,7,3,Design,Medium
6237,2026-08-22,2026-09-27,24.0,6.0,6,6,Documentation,Medium
6238,2026-01-26,2026-02-24,3.4,8.0,9,3,Development,High
6239,2026-07-03,2026-07-12,18.9,3.0,4,1,Design,Low
6240,2025-09-22,2025-10-31,38.6,4.0,6,2,Design,Low
6241,2026-08-28,2026-09-20,31.3,1.0,1,8,Development,Low
6242,2026-03-08,2026-03-28,32.9,2.0,5,7,Documentation,Low
6243,2026-02-03,2026-03-02,34.4,1.0,3,3,Design,Low
6244,2026-04-11,2026-05-08,14.7,4.0,9,-3,Testing,Low
6245,2025-10-14,2025-11-18,39.3,9.0,7,5,Other,High
6246,2025-10-06,2025-11-25,26.0,3.0,10,10,Design,High
6247,2026-02-20,2026-02-17,31.1,2.0,5,0,Design,Low
6247,2026-02-20,2026-02-17,31.1,2.0,5,0,Design,Low
6249,2026-01-11,2026-01-18,22.4,9.0,2,0,Other,Medium
6250,2026-02-24,2026-02-28,19.3,3.0,7,5,Testing,Medium
6251,2025-11-26,2025-12-28,37.7,1.0,2,7,Design,Low
6252,2025-11-28,2025-12-18,23.0,4.0,5,1,Testing,Low
6253,2026-04-03,2026-04-11,19.2,10.0,3,10,Testing,High
6254,2026-04-09,2026-05-14,9.8,8.0,5,7,Testing,High
6255,2025-12-08,2025-12-10,5.5,10.0,3,1,Other,Medium
6256,2026-03-13,2026-05-07,10.7,2.0,3,9,Documentation,Critical
6257,2026-07-28,2026-09-04,15.8,2.0,2,2,Other,Low
6258,2026-06-30,2026-07-18,3.3,8.0,4,10,Development,High
6258,2026-06-30,2026-07-18,3.3,8.0,4,10,Development,High
6260,2026-05-15,2026-06-16,39.0,-1.0,4,3,Documentation,Low
6261,2025-11-24,2025-11-21,27.3,2.0,2,6,Other,Low
6262,2025-10-21,2025-11-30,3.1,4.0,2,-2,Design,Low
6263,2026-08-04,2026-08-06,35.4,9.0,2,9,Design,High
6264,2026-02-13,2026-04-01,,9.0,10,-5,Other,Medium
6265,2025-11-07,2025-12-19,15.9,6.0,1,5,Testing,Low
6266,2026-03-24,2026-05-20,4.0,-1.0,10,5,Other,Low
6267,2026-01-13,2026-03-10,32.5,5.0,9,4,Testing,Medium
6268,2026-04-19,2026-06-12,35.6,5.0,7,6,Development,Medium
6269,2025-12-13,2026-01-05,18.1,6.0,9,1,Testing,Medium
6269,2025-12-13,2026-01-05,18.1,6.0,9,1,Testing,Medium
6271,2026-04-25,2026-04-16,20.6,6.0,9,10,Testing ,High
6272,2026-03-25,2026-05-16,23.6,9.0,8,10,Documentation,Critical
6273,2025-10-16,2025-12-12,23.7,1.0,6,0,Development,Low
6274,2026-07-26,2026-08-25,27.4,6.0,8,8,doc,High
6275,2025-12-10,2025-12-28,31.0,2.0,5,1,Development,Low
6276,2025-10-06,2025-11-13,16.0,9.0,1,0,Other,Low
6277,2026-01-30,2026-03-26,15.6,1.0,9,2,Other,Low
6278,2025-09-29,2025-10-21,15.0,7.0,1,10,Documentation,Medium
6279,2026-08-23,2026-08-18,24.1,11.0,5,6,Development,Medium
6280,2025-10-30,2025-12-06,37.4,9.0,10,7,Development,Critical
6281,2025-09-12,2025-10-24,23.7,1.0,7,5,Design,Low
6282,2026-04-09,2026-06-08,13.3,8.0,6,5,Other,High
6283,2026-05-13,2026-06-20,6.6,2.0,9,2,Testing,Low
6284,2026-06-12,2026-06-24,19.0,4.0,5,7,Documentation,Medium
6285,2026-04-09,2026-05-11,22.2,9.0,5,1,Documentation,Medium
6286,2026-02-20,2026-02-24,29.0,8.0,4,9,Other,High
6287,2025-10-31,2025-10-25,,4.0,10,9,Other,High
6287,2025-10-31,2025-10-25,,4.0,10,9,Other,High
6289,2025-12-13,2026-01-21,8.9,9.0,4,-5,Documentation,Low
6290,2026-04-22,2026-06-17,31.8,4.0,8,3,Development,Medium
6291,2025-11-15,2026-01-14,10.3,7.0,100,5,Design,Critical
6292,2026-02-06,2026-02-28,11.8,3.0,7,5,Testing,Medium
6293,2025-12-24,2025-12-27,9.1,6.0,10,10,Other,High
6294,2026-01-07,2026-02-15,2.2,1.0,5,10,Development,Low
6295,2026-01-04,2026-02-19,38.0,3.0,2,7,Documentation,Low
6296,2026-06-27,2026-07-31,29.3,9.0,8,1,Other,Critical
6297,2025-12-01,2026-01-25,,10.0,6,1,Other,High
6298,2025-10-03,2025-11-13,11.5,2.0,6,2,development,Low
6299,2026-03-13,2026-03-20,16.0,10.0,6,9,,High
6300,2026-02-15,2026-03-14,27.7,0.0,0,2,Other,Low
6301,2026-01-27,2026-02-06,6.7,10.0,3,7,Design,High
6302,2025-12-05,2026-01-23,18.4,6.0,12,1,Other,High
6303,2026-01-14,2026-02-12,17.9,15.0,4,-5,Documentation,High
6304,2026-04-22,2026-05-16,3.9,8.0,1,3,Other,Medium
6305,2026-05-10,2026-05-15,22.4,1.0,2,8,Design,Low
6306,2026-01-03,2026-02-10,33.1,5.0,5,8,Development,Medium
6307,2025-10-02,2025-10-03,11.1,2.0,8,7,Other,Medium
6308,2025-09-13,2025-11-01,25.6,5.0,2,2,Other,Low
6309,2025-11-25,2026-01-17,23.6,1.0,5,6,Other,Low
6310,2025-10-13,2025-11-28,20.5,6.0,2,5,Documentation,Medium
6311,2026-06-08,2026-06-26,1.5,7.0,1,3,Other,Low
6312,2025-11-14,2025-12-15,39.2,10.0,3,6,Other,High
6313,2026-01-24,2026-03-21,22.4,5.0,8,10,Design,High
6314,2026-01-26,2026-01-30,13.4,3.0,7,10,Documentation,Medium
6315,2026-06-04,2026-06-09,30.0,1.0,5,6,Other,Low
6316,2026-03-03,2026-04-01,3.0,1.0,3,3,Testing,Low
6317,2025-12-13,2025-12-29,35.7,4.0,5,10,Other,Medium
6318,2026-08-26,2026-09-11,30.9,4.0,6,1,Testing,Low
6319,2026-05-31,2026-06-21,20.9,5.0,4,0,Other,Low
6320,2026-07-22,2026-08-06,38.5,7.0,2,8,Other,Medium
6321,2026-01-17,2026-02-07,,10.0,6,9,Other,Low
6322,2026-08-06,2026-09-12,1.6,6.0,10,0,Development,Low
6323,2025-12-27,2026-02-23,33.4,9.0,5,3,Testing,Medium
6324,2025-12-04,2025-12-07,30.3,4.0,2,2,Documentation,Low
6325,2025-09-19,2025-10-20,39.3,8.0,2,5,Development,Medium
6326,2026-05-17,2026-07-02,6.5,9.0,1,3,Testing,Medium
6327,2026-07-01,2026-08-26,10.5,2.0,5,5,Design,Low
6328,2026-05-13,2026-07-02,34.6,1.0,3,8,,Low
6329,2025-11-20,2025-12-17,,5.0,5,-3,Documentation,Low
6330,2026-09-03,2026-08-26,20.1,7.0,8,8,development,High
6331,2026-07-10,2026-07-30,21.9,10.0,7,10,Documentation,Critical
6332,2026-02-20,2026-03-21,21.9,6.0,4,8,Other,Medium
6333,2026-08-05,2026-08-21,30.3,3.0,8,6,Testing,Medium
6334,2026-07-05,2026-07-25,32.2,10.0,4,10,Testing,High
6335,2025-11-09,2026-01-04,8.3,3.0,2,9,Design,Low
6336,2025-11-16,2025-12-29,12.8,7.0,7,4,Design,Medium
6337,2025-11-29,2026-01-15,,9.0,1,5,Documentation,Medium
6338,2026-06-01,2026-07-18,26.2,7.0,5,0,Other,Medium
6339,2026-07-28,2026-09-15,18.5,3.0,7,5,Documentation,Medium
6340,2026-08-03,2026-09-10,22.3,2.0,7,10,Development,Medium
6341,2026-04-30,2026-06-29,23.8,7.0,100,2,Documentation,Critical
6342,2026-01-24,2026-03-17,,2.0,10,5,Testing,Medium
6343,2026-02-25,2026-03-18,24.2,4.0,6,6,Other,Medium
6344,2026-08-16,2026-09-27,2.4,9.0,2,7,Testing,Medium
6345,2025-11-15,2025-11-18,14.6,6.0,100,9,Testing,Critical
6346,2026-01-12,2026-01-21,7.4,8.0,3,9,Testing ,Medium
6347,2025-12-21,2026-02-01,26.7,,12,9,DEV,Low
6348,2026-09-01,2026-10-18,35.5,10.0,1,5,Testing,Medium
6349,2026-05-30,2026-06-22,33.5,9.0,3,3,  Design,Medium
6350,2026-05-13,2026-05-16,8.8,7.0,9,10,Development,High
6351,2025-11-14,2025-12-22,17.9,10.0,1,5,Development,Medium
6352,2026-03-18,2026-05-15,12.3,5.0,2,7,Development,Medium
6353,2026-06-11,2026-07-14,36.2,9.0,2,2,Other,Medium
6354,2026-03-14,2026-03-25,37.5,5.0,2,2,Other,Low
6355,2026-07-18,2026-08-26,30.9,11.0,1,8,Other,High
6356,2026-04-17,2026-05-15,35.8,2.0,7,4,Documentation,Low
6357,2025-12-24,2026-01-04,28.9,7.0,9,1,Development,Medium
6358,2025-11-09,2026-01-03,18.6,,8,2,Documentation,Low
6359,2025-10-19,2025-11-12,33.6,7.0,0,8,Other,Medium
6360,2026-06-10,2026-07-18,23.5,4.0,10,2,Other,Medium
6361,2026-01-13,2026-02-28,36.6,9.0,4,3,Development,Medium
6362,2025-09-30,2025-10-29,27.9,6.0,9,1,Design,Medium
6363,2025-10-18,2025-10-28,22.9,4.0,10,6,Documentation,Low
6364,2026-03-23,2026-05-04,21.3,8.0,10,7,Design,High
6365,2025-12-13,2026-02-06,25.5,8.0,5,5,Development,Medium
6366,2026-06-05,2026-08-04,0.6,3.0,10,4,Design,Medium
6367,2025-12-14,2026-01-14,,7.0,9,2,Development,Medium
6368,2025-12-13,2026-02-04,25.6,3.0,6,8,Documentation,Medium
6369,2026-09-03,2026-10-12,26.0,7.0,1,0,development,Low
6370,2026-01-24,2026-02-01,26.3,,2,1,development,Low
6371,2025-11-12,2025-12-22,12.5,5.0,5,2,Documentation,Low
6372,2026-04-20,2026-04-13,22.0,2.0,4,5,Design,Low
6372,2026-04-20,2026-04-13,22.0,2.0,4,5,Design,Low
6374,2025-10-24,2025-10-28,0.7,3.0,9,7,Development,Critical
6375,2026-03-25,2026-04-27,3.8,1.0,4,1,Testing,Low
6376,2025-09-13,2025-11-01,1.9,2.0,8,4,Testing,Medium
6377,2026-08-17,2026-10-04,32.9,3.0,1,7,DEV,Low
6378,2026-02-23,2026-03-27,28.1,6.0,7,9,Development,High
6379,2026-02-18,2026-03-23,841.5,4.0,10,6,Other,Medium
6380,2025-11-21,2025-11-26,26.2,-1.0,2,5,Other,Low
6381,2026-01-25,2026-02-12,25.4,8.0,9,2,  Design,High
6382,2025-11-27,2025-12-21,14.4,5.0,3,-3,Design,Low
6383,2026-03-21,2026-04-14,13.9,10.0,5,0,Other,Medium
6384,2026-03-18,2026-05-03,9.7,10.0,8,0,Testing,High
6385,2026-04-22,2026-06-19,7.7,9.0,5,9,Design,Critical
6386,2026-04-04,2026-04-27,7.1,3.0,10,7,Development,Medium
6387,2025-09-18,2025-10-16,24.7,7.0,3,7,,Medium
6388,2026-03-24,2026-04-17,235.2,2.0,8,7,Other,Medium
6389,2026-06-26,2026-07-20,26.0,8.0,3,0,Development,Critical
6390,2026-06-20,2026-08-09,15.3,7.0,8,10,Development,High
6391,2026-02-24,2026-04-01,18.1,0.0,3,6,Design,Low
6392,2025-11-23,2026-01-16,13.2,4.0,1,1,Documentation,Low
6393,2026-03-19,2026-03-30,3.0,-1.0,10,3,,Low
6394,2026-08-12,2026-08-19,15.7,5.0,7,1,Other,Medium
6395,2026-06-29,2026-07-13,7.8,9.0,3,4,Other,Medium
6396,2026-03-05,2026-03-25,823.1,1.0,6,6,  Design,Low
6397,2026-04-28,2026-05-12,4.4,1.0,4,4,Other,Low
6398,2026-08-01,2026-08-18,6.8,3.0,0,0,Documentation,Low
6399,2026-04-03,2026-03-29,21.9,8.0,6,3,Design,Medium
6400,2026-02-03,2026-03-17,25.0,4.0,6,1,Development,Low
6401,2026-01-17,2026-02-12,,10.0,8,4,Design,High
6402,2026-03-17,2026-04-11,36.2,7.0,12,9,Development,Critical
6403,2026-04-15,2026-05-13,18.7,9.0,10,6,doc,High
6404,2026-05-15,2026-07-01,4.2,8.0,1,10,Development,Medium
6405,2025-12-08,2026-01-17,8.1,8.0,7,7,Other,High
6406,2026-07-25,2026-08-21,7.3,0.0,2,10,Testing,Low
6407,2026-04-27,2026-05-15,11.2,8.0,2,1,Design,Medium
6408,2026-02-21,2026-04-14,23.2,7.0,4,5,Development,Medium
6409,2026-05-25,2026-06-16,37.6,8.0,8,7,Documentation,High
6410,2026-02-10,2026-04-11,27.9,2.0,100,0,Testing ,Low
6411,2026-05-12,2026-07-07,16.7,2.0,0,1,  Design,Low
6412,2025-12-28,2026-02-19,10.2,4.0,2,0,Development,Low
6413,2025-12-15,2026-01-15,2.2,5.0,6,5,Testing,Medium
6414,2026-07-09,2026-07-18,39.6,10.0,1,10,Development,High
6415,2026-02-11,2026-03-31,29.1,,9,4,Design,Low
6416,2026-06-15,2026-06-10,14.1,6.0,9,6,Other,High
6417,2026-02-26,2026-04-20,11.0,3.0,10,1,Design,Medium
6418,2025-10-27,2025-11-01,15.3,,5,7,Other,Low
6419,2026-04-09,2026-05-29,36.2,2.0,7,-2,Development,Low
6420,2026-04-20,2026-05-29,24.8,8.0,5,5,Testing ,Medium
6421,2026-04-29,2026-05-13,930.0,7.0,3,2,Documentation,Medium
6422,2026-04-26,2026-06-25,8.5,5.0,100,1,Design,Critical
6423,2026-05-16,2026-06-21,4.8,5.0,1,7,Testing,Low
6424,2026-06-01,2026-07-02,15.9,3.0,5,3,  Design,Low
6425,2026-06-26,2026-06-30,17.2,8.0,9,7,Testing,Low
6426,2026-08-03,2026-08-12,38.6,,1,0,Documentation,Low
6427,2025-09-14,2025-10-07,11.4,6.0,3,1,Other,Low
6428,2025-10-12,2025-11-18,14.9,2.0,6,6,Other,Low
6428,2025-10-12,2025-11-18,14.9,2.0,6,6,Other,Low
6430,2026-03-29,2026-03-30,39.4,9.0,1,1,Testing,Medium
6431,2026-08-19,2026-10-08,24.8,10.0,10,0,Testing,High
6432,2025-09-21,2025-09-26,35.4,,5,2,Other,Low
6433,2025-11-26,2026-01-07,5.5,2.0,6,3,doc,Low
6434,2026-07-28,2026-08-21,32.8,8.0,6,5,Testing,High
6435,2026-06-25,2026-07-13,34.5,8.0,6,2,Other,Medium
6436,2025-12-08,2026-01-20,36.9,9.0,3,7,  Design,Medium
6437,2026-03-13,2026-04-01,9.4,8.0,9,8,Other,High
6438,2026-02-05,2026-02-07,7.3,6.0,10,6,Other,High
6439,2026-08-27,2026-09-18,6.5,6.0,4,8,Other,Medium
6440,2025-11-05,2025-12-23,31.4,6.0,4,8,Documentation,Medium
6441,2025-10-06,2025-10-25,9.1,10.0,8,6,Development,High
6442,2026-01-10,2026-03-08,13.5,9.0,6,0,Other,Medium
6443,2025-12-02,2025-12-13,25.7,,7,6,Design,Low
6444,2026-02-07,2026-02-04,37.4,2.0,4,8,Documentation,Low
6445,2026-08-12,2026-10-06,2.7,4.0,6,4,Development,Medium
6446,2026-06-27,2026-06-29,37.3,,4,-1,Design,Low
6447,2026-06-10,2026-08-05,12.7,9.0,8,6,Testing,High
6448,2026-02-11,2026-03-23,39.4,4.0,7,7,Documentation,Medium
6449,2026-07-31,2026-09-05,8.0,10.0,2,10,Design,High
6450,2026-05-04,2026-05-08,12.9,,6,10,Design,High
6451,2025-10-30,2025-11-04,14.9,5.0,12,9,Testing,High
6452,2025-11-04,2025-11-13,34.1,6.0,2,5,DEV,Medium
6453,2025-10-08,2025-10-10,28.9,8.0,10,8,Documentation,High
6454,2026-02-23,2026-03-23,8.3,4.0,6,-2,Other,Low
6455,2026-02-25,2026-04-20,436.3,15.0,5,8,Other,Critical
6456,2026-07-14,2026-08-08,10.0,8.0,3,9,Design,Medium
6457,2026-09-12,2026-10-11,,2.0,1,0,Testing,Low
6458,2026-08-23,2026-10-07,22.2,1.0,9,2,Other,Low
6459,2025-11-02,2025-12-11,6.8,1.0,8,2,Other,Low
6460,2026-05-25,2026-07-19,31.5,2.0,1,2,Testing ,Low
6461,2026-05-21,2026-07-05,13.8,5.0,2,-3,Other,Low
6462,2025-12-14,2025-12-17,35.1,6.0,8,-3,Development,Medium
6463,2026-08-14,2026-08-28,0.8,6.0,5,0,Design,Low
6464,2026-03-04,2026-03-21,16.3,1.0,4,10,Design,Low
6465,2026-02-02,2026-03-10,11.3,8.0,4,4,Development,Medium
6466,2026-06-23,2026-07-02,25.8,10.0,2,3,Development,Medium
6467,2026-09-08,2026-09-27,34.0,9.0,100,10,  Design,Critical
6468,2026-07-28,2026-09-16,28.9,9.0,10,6,Other,High
6469,2025-11-12,2025-12-16,20.6,4.0,2,6,Development,Low
6469,2025-11-12,2025-12-16,20.6,4.0,2,6,Development,Low
6471,2025-11-08,2025-12-01,6.6,-1.0,10,8,Design,Medium
6472,2026-02-16,2026-02-25,33.2,7.0,4,0,Documentation,Medium
6473,2025-10-02,2025-10-26,36.6,,5,10,Design,Low
6474,2025-09-12,2025-10-04,3.3,1.0,1,8,Testing,Low
6475,2026-06-05,2026-06-06,33.9,6.0,9,10,Design,High
6476,2026-05-27,2026-07-18,4.2,2.0,4,-3,Development,Low
6477,2026-04-15,2026-05-24,24.9,7.0,9,8,Design,High
6478,2025-12-31,2026-01-08,30.7,0.0,2,3,Development,Low
6479,2026-05-25,2026-06-09,9.2,7.0,10,4,Other,High
6480,2026-06-01,2026-07-29,26.2,4.0,3,1,Design,Low
6481,2025-09-28,2025-11-25,31.3,10.0,8,4,Design,High
6482,2026-08-16,2026-10-03,38.7,0.0,10,7,Testing,Medium
6483,2026-02-26,2026-03-03,18.7,6.0,4,10,DEV,Medium
6484,2026-05-13,2026-05-20,15.7,5.0,3,10,Testing,Medium
6485,2025-10-12,2025-12-07,,3.0,2,2,Other,Low
6486,2026-04-06,2026-05-31,24.9,,10,-2,Documentation,Low
6487,2026-04-26,2026-05-26,24.5,10.0,8,1,Design,High
6488,2026-01-06,2026-01-07,,2.0,9,-4,Development,Low
6489,2026-08-01,2026-08-02,38.7,6.0,4,3,Other,Medium
6490,2026-06-13,2026-07-25,26.8,10.0,7,9,Documentation,Critical
6491,2026-03-06,2026-04-26,12.4,9.0,3,0,Testing,Medium
6492,2025-10-27,2025-11-26,26.6,3.0,4,8,Documentation,Medium
6493,2025-12-23,2026-01-25,13.9,4.0,8,8,Testing,Medium
6494,2025-12-29,2026-01-01,8.8,6.0,10,1,Design,Medium
6495,2026-02-21,2026-02-17,18.7,1.0,4,0,Design,Low
6496,2026-06-11,2026-07-15,20.0,4.0,1,4,Design,Low
6497,2026-02-08,2026-02-18,15.2,4.0,4,10,Design,Medium
6498,2026-04-15,2026-05-20,26.3,5.0,8,2,DEV,Medium
6499,2026-03-28,2026-04-12,15.1,7.0,8,7,Testing,High
6500,2026-05-11,2026-06-24,15.0,7.0,9,1,Testing,Medium
6501,2025-11-07,2025-12-07,7.6,0.0,7,5,Other,Low
6502,2026-03-28,2026-03-29,2.4,2.0,100,6,Design,Critical
6503,2025-12-29,2026-02-23,16.1,15.0,4,0,Development,High
6504,2025-10-16,2025-11-10,36.5,9.0,3,5,Other,Medium
6505,2025-09-12,2025-11-09,8.8,3.0,10,1,Design,Medium
6506,2026-09-08,2026-09-30,17.3,6.0,4,3,Testing ,Medium
6507,2026-01-22,2026-03-03,28.7,11.0,5,6,Design,High
6508,2026-07-14,2026-07-27,1.1,2.0,7,9,Design,Medium
6509,2025-12-30,2025-12-20,24.7,,6,0,Other,Low
6510,2025-12-17,2025-12-12,12.5,6.0,4,10,Other,Medium
6511,2026-09-04,2026-10-04,1.5,2.0,7,10,Development,Medium
6512,2026-06-15,2026-07-22,13.8,6.0,3,3,doc,Low
6513,2025-10-25,2025-12-19,16.9,2.0,10,8,Documentation,Medium
6514,2025-09-16,2025-09-17,29.6,7.0,3,2,Testing,Medium
6515,2026-01-25,2026-03-09,13.5,8.0,2,8,Development,Medium
6516,2026-01-18,2026-02-12,13.2,10.0,12,1,Testing,Medium
6517,2025-12-27,2026-01-22,1.6,9.0,10,4,,High
6518,2025-12-15,2026-02-05,35.2,1.0,12,2,DEV,Medium
6519,2026-04-20,2026-05-19,12.0,5.0,10,1,Other,Medium
6520,2025-10-21,2025-11-21,11.8,10.0,1,0,Testing,Medium
6521,2026-05-31,2026-06-20,20.7,2.0,3,8,Documentation,Low
6522,2026-01-30,2026-02-16,14.4,8.0,9,6,Design,High
6523,2026-06-23,2026-08-17,31.2,9.0,10,3,Design,High
6524,2026-08-09,2026-09-12,32.3,2.0,3,10,Documentation,Low
6525,2026-01-19,2026-01-21,,1.0,9,-1,Development,Low
6526,2025-09-28,2025-11-19,4.6,6.0,2,7,Other,Medium
6527,2026-01-13,2026-03-14,23.3,9.0,1,4,Development,Medium
6528,2025-12-28,2026-01-10,433.9,0.0,9,6,Documentation,Low
6529,2026-05-02,2026-05-26,38.6,5.0,9,5,Development,Medium
6530,2026-08-19,2026-09-28,13.8,9.0,6,9,Design,High
6531,2026-05-21,2026-05-31,863.5,6.0,7,10,Design,High
6532,2025-10-12,2025-12-05,16.1,,1,2,Documentation,Low
6533,2025-10-11,2025-10-18,39.0,4.0,2,9,doc,Medium
6533,2025-10-11,2025-10-18,39.0,4.0,2,9,doc,Medium
6535,2026-07-01,2026-08-24,3.7,5.0,2,4,Documentation,Low
6536,2026-04-22,2026-05-30,19.0,10.0,5,5,Other,Low
6537,2025-12-27,2025-12-23,35.5,4.0,5,10,Other,High
6538,2026-01-01,2026-02-23,24.7,8.0,1,0,Other,Low
6539,2026-05-11,2026-06-11,24.5,-1.0,9,7,Testing,Low
6540,2026-02-07,2026-04-07,3.3,10.0,6,6,Development,High
6540,2026-02-07,2026-04-07,3.3,10.0,6,6,Development,High
6542,2025-12-12,2026-02-07,8.3,6.0,6,6,Testing,Medium
6543,2026-02-26,2026-04-21,14.6,9.0,8,9,Design,High
6544,2026-06-07,2026-07-02,32.1,9.0,6,9,Other,Medium
6545,2026-05-05,2026-05-10,6.3,9.0,100,4,Design,Critical
6546,2026-03-11,2026-04-06,38.6,9.0,5,8,Design,High
6547,2025-12-15,2026-01-31,29.0,4.0,7,7,Design,Medium
6548,2025-09-29,2025-10-03,33.1,2.0,6,0,Documentation,Low
6549,2025-09-14,2025-11-02,27.0,5.0,6,7,Design,Medium
6550,2026-06-04,2026-07-31,5.6,9.0,2,4,Design,Medium
6551,2025-11-10,2025-12-17,39.8,9.0,2,3,Design,Medium
6552,2026-06-08,2026-07-29,,3.0,10,0,Testing,Medium
6553,2025-10-06,2025-10-08,14.9,6.0,6,5,Development,Medium
6554,2026-05-03,2026-07-02,2.4,7.0,8,7,Development,High
6555,2026-09-04,2026-10-14,2.9,3.0,6,8,Testing,Medium
6556,2026-04-25,2026-06-10,35.5,5.0,5,-1,  Design,Low
6557,2026-05-18,2026-05-16,36.0,,2,10,Design,Low
6558,2026-06-19,2026-07-15,35.9,8.0,5,7,Testing,High
6559,2026-07-26,2026-09-15,6.3,10.0,4,5,Testing,High
6560,2026-02-21,2026-03-24,722.3,1.0,5,9,Testing,Critical
6561,2025-10-01,2025-11-29,23.6,9.0,8,2,Testing,High
6562,2026-03-18,2026-05-15,14.2,2.0,8,4,development,Medium
6563,2026-03-15,2026-05-03,9.5,6.0,1,9,Development,Critical
6564,2025-12-01,2025-11-22,13.5,3.0,5,4,Documentation,Low
6565,2026-01-03,2026-02-27,34.4,1.0,5,4,Other,Low
6566,2026-05-14,2026-06-09,2.1,3.0,4,9,doc,Medium
6567,2026-03-06,2026-02-28,21.7,9.0,5,8,Development,High
6568,2026-01-12,2026-02-16,33.5,7.0,2,6,Other,Medium
6569,2026-04-23,2026-05-21,31.0,4.0,8,2,DEV,Medium
6570,2026-09-10,2026-09-17,26.0,6.0,8,3,Testing,Medium
6571,2026-08-06,2026-09-14,19.3,10.0,8,10,Development,Critical
6571,2026-08-06,2026-09-14,19.3,10.0,8,10,Development,Critical
6573,2026-01-02,2026-02-05,,3.0,12,3,Documentation,Medium
6574,2026-03-25,2026-04-04,33.3,5.0,2,10,  Design,Medium
6575,2026-04-19,2026-06-06,,5.0,2,7,Testing,High
6576,2026-03-14,2026-04-05,37.1,7.0,10,2,Other,High
6577,2025-12-01,2026-01-25,9.5,,3,2,Design,Low
6578,2026-05-19,2026-05-27,4.8,9.0,5,9,Testing,High
6579,2026-01-17,2026-02-01,13.4,2.0,12,8,Documentation,High
6580,2025-09-24,2025-11-01,19.5,1.0,1,9,Design,Low
6581,2026-02-07,2026-03-18,18.8,8.0,12,3,Other,High
6582,2026-02-04,2026-02-11,7.8,6.0,2,7,Design,Medium
6583,2026-03-14,2026-03-22,35.6,,4,8,Testing,Low
6584,2026-08-22,2026-10-10,,10.0,3,2,Testing,Medium
6585,2025-10-23,2025-10-24,,7.0,5,8,  Design,Medium
6586,2026-02-20,2026-03-02,26.7,3.0,7,3,Documentation,Medium
6587,2025-11-17,2025-12-08,38.7,1.0,5,1,Testing,Low
6588,2026-03-08,2026-04-07,9.6,6.0,6,2,Development,Medium
6589,2026-07-22,2026-08-11,39.7,6.0,10,6,Testing,High
6590,2026-04-26,2026-05-06,14.7,4.0,2,3,Testing,Low
6591,2026-02-08,2026-03-31,39.9,2.0,6,8,Documentation,Medium
6592,2026-01-19,2026-03-09,27.1,4.0,10,6,Development,Medium
6593,2026-08-09,2026-09-25,16.1,10.0,2,4,Design,Medium
6594,2026-06-30,2026-07-03,3.4,-1.0,10,2,development,Low
6595,2025-09-15,2025-09-21,31.5,3.0,5,0,Testing,Critical
6596,2025-10-06,2025-11-19,349.0,10.0,1,-4,Other,Low
6597,2026-07-16,2026-07-12,36.6,-1.0,6,6,Design,Low
6598,2026-07-26,2026-08-22,242.9,5.0,5,-4,Other,Low
6599,2026-04-24,2026-06-09,25.9,5.0,1,8,development,Low
6600,2026-04-03,2026-03-31,35.1,8.0,3,1,Other,Medium
6601,2026-05-11,2026-05-30,16.5,7.0,9,4,Documentation,High
6602,2025-09-27,2025-09-18,12.2,1.0,6,8,Development,Low
6603,2026-03-06,2026-03-14,34.1,,3,4,Testing,Low
6603,2026-03-06,2026-03-14,34.1,,3,4,Testing,Low
6605,2026-01-27,2026-03-12,13.3,5.0,4,1,Testing,Low
6606,2026-05-28,2026-06-05,17.7,8.0,8,9,Other,High
6607,2026-07-03,2026-06-23,30.8,9.0,6,2,Testing,Low
6608,2026-05-16,2026-07-09,20.5,0.0,9,9,Testing,Medium
6609,2025-10-07,2025-11-10,32.7,8.0,1,1,Documentation,Low
6610,2026-07-04,2026-07-14,33.4,4.0,6,9,Development,High
6611,2026-02-26,2026-03-29,0.9,3.0,10,2,Other,Medium
6612,2026-03-08,2026-03-31,23.7,8.0,9,10,Documentation,High
6613,2026-06-05,2026-07-20,,4.0,9,7,  Design,Medium
6614,2025-12-23,2026-01-30,7.6,1.0,6,0,Design,Low
6615,2026-04-20,2026-05-24,37.3,6.0,1,1,Development,Low
6616,2026-08-16,2026-09-02,18.5,15.0,3,8,Design,Critical
6617,2025-10-07,2025-10-20,14.1,15.0,12,4,Development,Critical
6618,2026-08-28,2026-10-06,35.9,6.0,9,8,Other,High
6619,2026-07-02,2026-07-29,5.9,10.0,8,9,Other,Critical
6620,2026-05-07,2026-05-28,11.3,6.0,3,2,development,Low
6621,2026-05-12,2026-05-16,,6.0,2,4,doc,Medium
6622,2026-02-23,2026-03-17,39.0,1.0,6,2,Development,Low
6623,2026-01-23,2026-03-08,22.3,9.0,4,1,Documentation,Medium
6624,2026-09-03,2026-09-21,817.4,3.0,9,4,Documentation,Medium
6625,2025-09-28,2025-11-19,11.1,,9,-2,Other,Low
6626,2026-09-05,2026-09-28,9.4,8.0,6,6,Development,High
6627,2026-08-17,2026-08-24,4.1,1.0,4,4,Documentation,Low
6628,2025-10-20,2025-11-09,38.1,10.0,9,8,Other,Critical
6629,2026-05-20,2026-05-30,38.4,2.0,9,7,Design,Medium
6630,2025-09-21,2025-10-19,17.5,10.0,8,2,Documentation,High
6631,2025-11-24,2025-11-30,,5.0,4,6,Development,Medium
6632,2026-01-03,2026-03-04,21.5,10.0,10,4,Testing,High
6633,2025-10-17,2025-11-08,7.4,7.0,5,8,Documentation,Low
6634,2026-03-25,2026-03-29,,7.0,10,6,Development,High
6635,2025-10-25,2025-11-24,26.5,5.0,8,6,DEV,Medium
6636,2026-03-22,2026-04-10,28.5,1.0,0,6,Documentation,Low
6637,2026-05-16,2026-06-04,24.6,3.0,5,9,Other,Medium
6638,2026-04-13,2026-05-29,30.0,10.0,7,2,Testing,Medium
6639,2025-09-12,2025-11-07,7.4,1.0,2,3,Testing,Low
6640,2026-05-04,2026-06-17,1.4,6.0,5,4,Design,Medium
6641,2026-08-28,2026-09-08,2.8,10.0,1,6,Documentation,Medium
6642,2026-04-20,2026-05-25,39.9,5.0,4,7,Development,Medium
6643,2026-04-09,2026-04-16,18.7,7.0,8,3,Documentation,Medium
6644,2026-08-05,2026-08-10,1.1,8.0,5,0,Other,Medium
6645,2026-07-24,2026-08-04,18.3,9.0,10,10,Testing,Critical
6646,2026-08-02,2026-09-25,10.4,,100,2,Other,Low
6647,2026-04-08,2026-06-03,32.0,8.0,4,2,Testing,Medium
6648,2026-06-20,2026-07-21,25.5,7.0,3,7,Design,Medium
6649,2025-10-31,2025-11-13,553.0,9.0,9,7,,High
6650,2026-02-02,2026-04-01,25.7,1.0,9,8,development,Low
6651,2026-05-11,2026-05-24,24.7,8.0,2,8,Development,Medium
6652,2025-11-05,2026-01-03,298.4,1.0,7,9,Other,Medium
6653,2026-03-29,2026-05-28,22.9,8.0,1,1,Documentation,Low
6654,2026-03-08,2026-03-12,20.1,1.0,3,1,Other,Low
6655,2025-11-16,2025-12-03,31.3,8.0,8,1,Development,Medium
6656,2026-08-22,2026-10-09,30.4,1.0,6,7,Documentation,Low
6657,2026-07-15,2026-07-20,,5.0,2,-2,Other,Low
6658,2025-10-26,2025-11-08,993.6,7.0,2,10,Testing,Medium
6659,2026-07-23,2026-09-13,11.5,4.0,7,5,Design,Medium
6660,2026-07-30,2026-09-22,20.8,2.0,10,1,Testing,Medium
6660,2026-07-30,2026-09-22,20.8,2.0,10,1,Testing,Medium
6662,2025-10-25,2025-11-26,32.2,10.0,3,6,Testing,High
6663,2026-05-09,2026-05-04,12.7,11.0,7,4,Documentation,High
6664,2025-10-25,2025-11-21,29.5,1.0,10,8,Testing,Medium
6665,2025-10-13,2025-10-29,7.0,9.0,1,1,Documentation,Medium
6666,2025-11-26,2025-12-18,609.0,3.0,10,8,doc,Medium
6667,2026-06-27,2026-08-02,39.7,2.0,6,4,Other,Low
6668,2026-04-20,2026-04-29,20.7,7.0,0,0,Documentation,Low
6669,2025-12-04,2025-12-09,8.3,10.0,100,7,  Design,Critical
6670,2025-12-08,2025-12-29,8.0,5.0,9,7,Testing,High
6671,2026-01-17,2026-01-31,33.9,9.0,7,7,Design,High
6672,2025-10-30,2025-11-25,17.9,9.0,4,5,Testing,Medium
6673,2026-08-25,2026-10-16,39.6,,7,3,Documentation,Low
6674,2025-11-18,2025-12-20,729.5,4.0,5,1,doc,Low
6675,2026-02-12,2026-04-01,18.0,1.0,8,7,,Medium
6676,2026-06-02,2026-07-01,36.2,,10,0,Other,Low
6677,2025-11-25,2025-11-22,27.4,9.0,7,7,Development,High
6678,2025-10-30,2025-12-27,10.1,11.0,7,3,Other,High
6679,2026-02-22,2026-04-22,36.8,6.0,9,2,Documentation,Medium
6680,2025-12-14,2026-02-07,1.8,1.0,8,3,Documentation,Low
6681,2026-04-20,2026-05-21,33.4,7.0,5,3,Testing,Medium
6682,2025-12-19,2026-01-19,30.5,7.0,3,7,Testing,Medium
6683,2026-02-05,2026-02-03,2.0,6.0,2,9,Testing,Medium
6684,2026-04-05,2026-04-10,38.0,9.0,8,4,Testing,High
6685,2026-07-12,2026-07-16,27.4,2.0,2,10,Documentation,Low
6686,2026-02-12,2026-02-27,32.8,5.0,7,8,Documentation,Medium
6687,2026-02-22,2026-03-24,34.3,3.0,1,8,Other,Low
6688,2025-12-03,2025-12-26,19.7,3.0,4,10,Testing,Medium
6689,2026-07-29,2026-08-27,2.8,1.0,9,7,Development,Medium
6690,2025-12-20,2025-12-23,18.8,9.0,4,5,Design,Medium
6691,2026-02-17,2026-03-10,26.8,9.0,1,5,Documentation,Medium
6692,2026-01-06,2026-02-02,16.3,,10,3,Development,Low
6693,2026-02-02,2026-02-17,11.1,9.0,1,1,Testing,Medium
6694,2026-01-16,2026-02-21,11.1,6.0,8,6,Design,High
6695,2026-02-15,2026-02-23,15.8,7.0,9,5,Design,High
6696,2026-03-23,2026-03-26,11.9,8.0,7,3,DEV,Medium
6697,2026-05-06,2026-06-20,13.6,8.0,2,2,Documentation,Medium
6698,2026-09-12,2026-11-07,0.6,2.0,8,7,Testing,Medium
6699,2026-05-20,2026-06-03,27.3,6.0,8,3,Development,Medium
6700,2025-09-29,2025-11-24,38.8,5.0,1,10,Testing,Medium
6701,2026-08-12,2026-08-18,22.0,6.0,2,10,Other,Medium
6702,2026-04-23,2026-04-28,36.3,5.0,7,7,development,Medium
6703,2025-10-02,2025-11-18,23.0,10.0,1,7,Testing,Medium
6704,2026-06-18,2026-07-19,34.4,2.0,4,8,Documentation,Low
6705,2026-04-24,2026-06-12,18.3,9.0,7,4,Documentation,High
6706,2026-07-19,2026-09-03,968.5,3.0,9,1,Documentation,Medium
6707,2026-01-26,2026-02-02,453.7,6.0,6,4,  Design,Medium
6708,2026-06-12,2026-06-30,12.5,5.0,10,10,Development,High
6709,2026-05-04,2026-06-06,22.8,5.0,9,1,DEV,Medium
6710,2026-05-25,2026-07-22,20.5,8.0,8,3,Development,High
6711,2026-05-03,2026-07-02,14.0,4.0,8,8,Testing,High
6712,2026-01-19,2026-02-27,20.4,7.0,2,8,Documentation,Medium
6713,2026-05-11,2026-06-24,434.0,7.0,1,10,Other,Critical
6714,2026-05-01,2026-05-14,12.0,1.0,1,5,Design,Low
6715,2026-02-27,2026-03-11,206.3,3.0,2,8,Other,Low
6716,2026-09-05,2026-11-02,39.5,1.0,7,10,Documentation,Medium
6717,2026-06-28,2026-08-04,7.0,8.0,6,8,Testing,High
6718,2025-11-11,2025-12-27,20.0,4.0,7,9,Testing,Medium
6719,2026-03-22,2026-03-31,35.8,8.0,6,3,Other,Medium
6720,2025-10-01,2025-09-27,32.2,5.0,3,5,Design,Low
6721,2026-04-27,2026-06-15,14.2,8.0,9,-3,Other,Medium
6722,2025-11-15,2026-01-07,0.9,2.0,2,4,Other,Low
6723,2026-04-28,2026-06-02,8.6,1.0,12,5,Documentation,Medium
6724,2026-06-01,2026-07-13,33.2,-1.0,7,8,Testing,Low
6725,2026-06-22,2026-07-12,21.9,8.0,8,6,Development,High
6726,2026-08-11,2026-10-07,32.3,4.0,12,1,Testing,Medium
6727,2025-09-15,2025-10-11,3.3,8.0,3,6,Testing,Medium
6728,2025-12-28,2026-01-19,12.1,8.0,8,7,Testing,High
6729,2025-12-28,2026-02-01,4.6,10.0,7,8,Design,High
6730,2026-02-18,2026-03-17,25.7,2.0,2,7,Development,Low
6731,2025-09-29,2025-10-05,7.7,4.0,3,4,Other,Low
6732,2026-02-28,2026-03-31,24.5,1.0,1,8,Documentation,Low
6733,2025-10-30,2025-12-12,20.0,5.0,7,1,Development,Medium
6734,2026-07-08,2026-08-02,12.1,5.0,10,4,Documentation,Medium
6735,2026-04-10,2026-05-30,2.8,8.0,1,2,Other,Low
6736,2026-07-20,2026-07-25,8.5,9.0,3,-5,Documentation,Low
6737,2026-08-28,2026-10-22,37.4,4.0,9,6,Documentation,Medium
6738,2026-01-19,2026-03-02,286.5,7.0,5,7,Development,Medium
6739,2025-11-12,2025-11-29,37.9,6.0,5,4,Other,Medium
6740,2026-09-05,2026-10-07,611.1,8.0,2,7,Other,Medium
6741,2025-11-03,2025-11-13,8.1,4.0,5,3,Design,Low
6742,2026-04-15,2026-04-27,21.1,3.0,2,2,Documentation,Low
6743,2026-06-15,2026-06-16,20.8,6.0,3,3,Other,Critical
6744,2026-05-21,2026-05-27,19.3,3.0,5,9,Other,Medium
6745,2025-11-30,2025-12-16,20.3,3.0,3,0,Development,Low
6746,2026-03-11,2026-04-11,37.8,3.0,9,6,Other,High
6747,2026-03-14,2026-04-08,8.4,3.0,3,5,Testing,Low
6748,2025-09-24,2025-10-15,36.3,1.0,9,-2,Testing,Low
6749,2026-03-01,2026-04-12,8.1,4.0,3,0,Development,Low
6750,2026-02-10,2026-03-22,38.2,3.0,9,-2,Testing,Low
6751,2026-03-29,2026-05-24,8.0,6.0,7,1,Testing,Medium
6752,2026-03-31,2026-05-08,20.1,7.0,5,8,Testing ,Medium
6753,2026-07-15,2026-07-17,0.8,3.0,9,5,Testing,Medium
6754,2025-12-08,2026-01-14,25.9,10.0,5,5,Documentation,High
6755,2026-04-24,2026-04-28,34.1,7.0,10,4,Other,High
6756,2026-03-06,2026-03-16,8.7,1.0,6,3,Other,Low
6757,2026-02-12,2026-03-10,21.1,10.0,1,3,Documentation,Medium
6758,2026-02-15,2026-04-04,10.2,6.0,2,9,Design,Medium
6759,2025-11-03,2025-12-02,22.7,8.0,6,7,Development,High
6760,2026-02-05,2026-03-31,17.9,8.0,4,6,Design,Medium
6761,2026-08-09,2026-09-10,13.7,4.0,2,0,Other,Low
6762,2026-09-09,2026-09-25,17.7,,2,2,Other,Critical
6763,2026-09-04,2026-09-26,2.9,6.0,4,5,Documentation,Medium
6764,2026-06-03,2026-05-31,3.5,7.0,8,3,Development,Medium
6765,2026-02-28,2026-03-04,36.9,2.0,10,5,Design,Medium
6766,2025-10-06,2025-11-28,12.1,7.0,1,6,Other,Medium
6767,2026-02-23,2026-04-03,360.4,1.0,8,6,Testing,Low
6768,2025-10-14,2025-10-04,17.9,9.0,3,4,Other,Medium
6769,2025-10-02,2025-11-28,28.9,6.0,4,2,Design,Medium
6770,2026-04-27,2026-06-01,,,2,6,Development,Low
6771,2026-04-08,2026-05-19,36.4,6.0,10,0,Development,Medium
6772,2026-04-13,2026-06-04,22.2,10.0,5,6,Design,High
6773,2026-06-15,2026-07-21,15.3,10.0,10,6,Design,Critical
6774,2025-10-17,2025-10-16,3.8,5.0,9,0,Other,Medium
6775,2026-01-30,2026-02-24,31.7,2.0,7,9,Testing,Medium
6776,2026-04-11,2026-04-27,38.7,10.0,4,1,Testing ,Medium
6777,2026-03-18,2026-04-16,25.7,6.0,1,2,Documentation,Low
6778,2026-07-08,2026-08-18,36.0,9.0,5,9,Other,High
6779,2026-01-25,2026-02-28,13.5,8.0,9,10,,High
6780,2025-11-24,2026-01-03,13.7,7.0,6,1,Development,Medium
6781,2026-08-20,2026-10-13,20.4,7.0,2,6,Design,Medium
6782,2025-12-29,2026-01-13,,2.0,8,3,Documentation,Low
6783,2025-10-26,2025-11-26,17.8,1.0,2,8,Documentation,High
6784,2026-01-22,2026-02-20,3.6,7.0,3,7,Other,Medium
6785,2026-05-12,2026-06-19,24.6,9.0,1,2,Testing,Medium
6786,2025-09-19,2025-11-14,0.9,8.0,10,9,Testing,Critical
6787,2026-07-31,2026-08-19,30.5,10.0,8,0,Documentation,High
6788,2026-06-09,2026-06-21,4.1,5.0,1,-2,Other,Low
6789,2026-05-28,2026-07-12,31.1,2.0,9,4,Testing,Medium
6790,2026-05-07,2026-06-07,29.3,1.0,9,6,DEV,Medium
6791,2025-11-12,2025-11-08,17.5,8.0,4,3,Other,Medium
6792,2025-10-24,2025-11-16,25.9,7.0,3,0,Development,Low
6793,2026-02-08,2026-04-04,3.6,8.0,5,7,Other,High
6794,2026-07-14,2026-09-06,25.1,6.0,8,4,Design,Medium
6795,2026-01-15,2026-01-13,25.0,10.0,6,8,Documentation,Low
6796,2026-02-03,2026-02-22,32.3,9.0,6,-3,Other,Medium
6797,2026-07-10,2026-08-21,6.3,4.0,6,3,Design,Medium
6797,2026-07-10,2026-08-21,6.3,4.0,6,3,Design,Medium
6799,2026-04-21,2026-05-12,10.2,10.0,3,4,Other,Medium
6800,2026-08-23,2026-10-05,6.2,1.0,0,9,Development,Low
6801,2025-12-06,2026-02-03,13.6,6.0,2,3,Other,Low
6801,2025-12-06,2026-02-03,13.6,6.0,2,3,Other,Low
6803,2025-10-25,2025-12-10,21.3,6.0,8,2,Development,Medium
6804,2026-07-15,2026-08-25,1.6,3.0,6,10,Testing,Medium
6805,2026-08-04,2026-08-20,37.1,2.0,9,-1,Documentation,Low
6806,2025-11-07,2025-11-28,36.5,3.0,6,10,Design,Medium
6807,2026-04-28,2026-05-26,35.6,8.0,8,6,Other,High
6808,2026-06-22,2026-07-30,4.7,10.0,7,5,Design,High
6809,2026-07-25,2026-08-29,7.1,9.0,3,4,Development,Medium
6810,2026-02-03,2026-03-09,18.9,7.0,9,0,Design,Medium
6811,2025-09-13,2025-09-17,29.3,7.0,3,5,  Design,Medium
6812,2025-10-02,2025-09-22,19.0,,3,1,Testing,High
6813,2026-07-30,2026-09-20,4.7,10.0,8,5,,High
6814,2026-05-26,2026-06-24,17.7,4.0,8,2,Testing,Medium
6815,2026-04-05,2026-05-12,36.6,,7,2,Documentation,Low
6816,2026-05-15,2026-05-28,2.3,0.0,2,2,Testing,Low
6816,2026-05-15,2026-05-28,2.3,0.0,2,2,Testing,Low
6818,2026-06-08,2026-06-20,9.2,-1.0,10,4,Other,Low
6819,2026-04-18,2026-05-30,25.6,2.0,1,2,Documentation,Low
6820,2026-05-12,2026-06-09,31.8,2.0,5,8,Testing,Low
6821,2026-08-05,2026-08-26,35.8,2.0,2,2,Documentation,Critical
6822,2025-10-21,2025-10-30,1.9,2.0,3,8,Development,Low
6823,2025-12-25,2025-12-30,28.0,3.0,8,3,Development,Medium
6824,2026-01-17,2026-01-31,11.2,7.0,3,0,Design,Low
6825,2026-07-09,2026-07-29,21.1,10.0,7,0,Development,High
6826,2026-07-14,2026-07-18,15.7,2.0,6,7,Development,Medium
6827,2026-02-21,2026-04-08,35.9,10.0,0,-5,Other,Low
6828,2025-11-22,2025-12-11,38.6,6.0,6,7,Documentation,Medium
6829,2026-04-25,2026-05-03,29.8,8.0,8,1,Documentation,Medium
6830,2026-06-13,2026-08-11,26.4,1.0,7,4,Documentation,Medium
6831,2026-09-12,2026-09-26,23.1,5.0,8,4,Design,Medium
6832,2026-02-14,2026-03-16,24.9,1.0,1,2,Other,Low
6833,2026-06-28,2026-07-25,1.8,9.0,6,10,DEV,High
6834,2026-03-19,2026-04-10,9.1,11.0,8,2,development,High
6835,2026-05-31,2026-07-01,381.4,,5,6,Development,Low
6836,2026-05-11,2026-05-16,16.1,2.0,8,6,  Design,Medium
6837,2026-08-03,2026-09-14,29.5,6.0,12,10,Documentation,Critical
6838,2026-08-07,2026-08-23,18.2,2.0,8,8,Documentation,Medium
6839,2026-04-15,2026-06-05,14.6,4.0,7,6,Other,Medium
6840,2025-11-07,2025-11-20,3.2,4.0,9,4,DEV,Medium
6841,2026-02-27,2026-03-13,20.9,3.0,3,10,Documentation,Medium
6842,2026-04-13,2026-05-25,31.4,7.0,9,-1,Development,Medium
6843,2026-05-23,2026-05-17,32.4,5.0,9,3,Documentation,Medium
6844,2026-02-19,2026-02-28,30.9,4.0,4,4,Development,High
6845,2026-06-21,2026-07-08,16.9,6.0,5,3,Design,High
6846,2026-08-24,2026-10-04,8.4,2.0,3,9,Other,Low
6847,2026-06-09,2026-06-15,0.6,5.0,4,2,Testing,Low
6848,2026-07-27,2026-07-21,,1.0,10,9,Documentation,Medium
6849,2026-07-14,2026-08-07,,8.0,2,7,Other,Medium
6850,2026-07-02,2026-07-17,13.7,8.0,9,6,Development,High
6851,2026-06-03,2026-07-03,,5.0,8,7,Design,Medium
6852,2026-03-03,2026-03-14,,5.0,3,0,Testing,Low
6853,2026-02-03,2026-03-19,12.4,2.0,7,2,doc,Low
6854,2026-04-12,2026-05-25,4.3,1.0,7,5,Development,Low
6855,2026-02-23,2026-03-27,9.1,9.0,6,-4,Design,Medium
6856,2025-11-10,2025-12-04,9.4,3.0,2,8,Design,Low
6857,2026-03-15,2026-03-21,30.8,8.0,5,1,Testing,Medium
6858,2026-06-21,2026-08-15,25.3,9.0,5,1,Other,Medium
6859,2026-08-16,2026-09-20,254.0,10.0,5,3,Documentation,High
6860,2026-01-15,2026-03-07,9.6,5.0,9,10,Design,High
6861,2026-04-22,2026-05-18,10.4,3.0,5,3,,Low
6862,2026-09-08,2026-10-12,21.3,4.0,5,5,Documentation,Medium
6863,2026-05-13,2026-07-11,11.2,9.0,8,7,Development,High
6864,2026-03-05,2026-03-28,3.3,4.0,4,2,Testing,Low
6865,2026-07-14,2026-08-25,13.4,10.0,3,0,Documentation,Medium
6866,2026-04-15,2026-04-30,39.5,6.0,5,10,Other,Medium
6867,2026-08-06,2026-08-15,11.3,5.0,1,10,Development,Medium
6868,2026-03-30,2026-04-12,12.7,3.0,6,9,Documentation,Medium
6869,2026-07-06,2026-08-01,,3.0,3,2,Documentation,Low
6870,2026-03-31,2026-04-26,38.1,4.0,8,1,Documentation,Medium
6871,2026-04-23,2026-05-20,23.1,15.0,1,0,Development,High
6872,2026-06-08,2026-08-05,17.6,7.0,3,0,Other,Low
6873,2025-12-05,2026-01-29,25.3,2.0,4,5,Design,Low
6874,2025-10-25,2025-11-10,18.9,,6,2,Testing,Low
6875,2025-09-18,2025-10-21,20.0,5.0,1,0,Documentation,Low
6876,2025-11-01,2025-12-23,35.5,7.0,8,3,Design,Medium
6877,2025-11-16,2025-12-03,,2.0,8,2,Documentation,Low
6878,2025-11-05,2025-11-15,,6.0,6,4,Testing,Medium
6879,2025-12-07,2025-12-20,15.5,5.0,0,8,Development,Medium
6880,2025-12-13,2026-01-01,34.5,7.0,8,2,Testing,Medium
6881,2026-04-04,2026-04-24,7.0,-1.0,6,8,Documentation,Low
6882,2025-11-02,2025-11-05,6.7,3.0,8,3,  Design,Medium
6883,2026-07-02,2026-07-08,1.3,5.0,9,4,Development,Medium
6884,2026-03-13,2026-03-23,0.7,4.0,5,3,Development,Critical
6885,2026-07-18,2026-07-28,10.4,2.0,10,7,Other,Medium
6886,2025-11-12,2025-12-05,,7.0,10,0,Documentation,Medium
6887,2026-07-29,2026-08-09,13.0,5.0,10,2,Documentation,Medium
6888,2026-08-07,2026-08-04,9.0,7.0,2,8,Development,Medium
6889,2025-12-19,2025-12-09,2.4,2.0,1,0,Testing,Low
6890,2025-11-23,2025-11-28,30.9,3.0,5,3,Testing,Critical
6891,2026-08-15,2026-09-30,22.2,2.0,5,3,Testing,Low
6892,2026-06-29,2026-07-08,23.7,8.0,7,9,Other,High
6893,2026-04-30,2026-05-29,36.4,3.0,1,2,Documentation,Low
6894,2025-12-15,2026-01-03,16.2,10.0,8,0,Other,High
6895,2026-04-28,2026-05-26,17.6,5.0,4,6,Documentation,Medium
6896,2026-08-12,2026-09-28,14.7,3.0,1,5,Other,Medium
6897,2025-09-29,2025-10-03,379.0,6.0,1,10,Design,Medium
6898,2025-11-06,2025-11-18,18.7,6.0,10,2,Development,Medium
6899,2026-03-02,2026-03-11,382.7,7.0,2,9,Design,Medium
6900,2026-01-09,2026-01-13,4.5,6.0,4,3,Documentation,Medium
6901,2025-10-07,2025-11-14,11.5,6.0,4,-3,  Design,Low
6902,2025-12-04,2025-12-03,16.6,5.0,4,2,Other,Low
6903,2026-01-14,2026-02-03,14.2,,2,8,Other,Low
6904,2026-04-22,2026-04-26,2.1,10.0,3,4,Testing,Medium
6905,2026-07-30,2026-07-31,34.2,15.0,5,8,Other,Critical
6905,2026-07-30,2026-07-31,34.2,15.0,5,8,Other,Critical
6907,2026-06-03,2026-06-20,11.1,8.0,8,8,Other,High
6908,2026-03-31,2026-05-04,27.5,,8,7,Development,Low
6909,2025-10-30,2025-11-23,25.3,4.0,4,2,Documentation,Low
6910,2026-06-03,2026-07-31,27.8,3.0,6,9,Design,Medium
6911,2025-12-08,2026-01-10,29.1,10.0,10,7,Design,Critical
6912,2025-10-15,2025-12-11,20.2,,5,7,Testing,Low
6913,2025-11-07,2025-11-12,12.1,7.0,7,9,Design,High
6914,2026-01-26,2026-03-12,35.0,3.0,1,9,Design,Low
6915,2026-07-17,2026-08-25,16.4,9.0,2,-1,Documentation,Medium
6916,2026-05-24,2026-05-19,35.3,9.0,5,7,Design,High
6917,2026-06-29,2026-08-24,8.0,2.0,3,2,Other,Low
6918,2025-09-21,2025-10-18,8.6,10.0,9,2,Documentation,High
6919,2026-04-29,2026-05-07,19.9,7.0,2,1,Documentation,Low
6920,2025-12-06,2025-12-26,17.1,9.0,9,3,Other,High
6921,2026-07-20,2026-08-09,27.9,5.0,1,2,Testing ,Low
6922,2025-10-16,2025-11-25,34.4,3.0,9,4,Testing,Medium
6923,2025-11-26,2026-01-19,5.7,8.0,2,2,Design,Medium
6924,2026-04-20,2026-05-26,22.2,1.0,5,5,Documentation,Low
6925,2026-04-22,2026-04-20,27.6,1.0,4,4,Testing ,Low
6926,2026-03-05,2026-04-01,15.9,15.0,7,8,Testing,Critical
6927,2026-09-08,2026-10-24,10.0,7.0,6,10,Documentation,High
6928,2026-04-10,2026-05-12,37.7,4.0,1,6,Other,Low
6929,2026-08-15,2026-10-10,,9.0,6,7,Documentation,High
6930,2026-02-01,2026-03-12,17.8,1.0,4,7,Design,Low
6930,2026-02-01,2026-03-12,17.8,1.0,4,7,Design,Low
6932,2026-06-14,2026-08-06,13.7,7.0,6,9,Development,High
6933,2026-08-11,2026-08-30,29.6,5.0,8,5,Design,Medium
6934,2026-05-12,2026-05-18,20.5,5.0,1,1,Testing,Low
6934,2026-05-12,2026-05-18,20.5,5.0,1,1,Testing,Low
6936,2025-11-21,2026-01-08,36.8,2.0,5,2,Design,Low
6937,2025-11-12,2025-12-27,303.5,9.0,5,6,Design,High
6938,2025-09-29,2025-11-28,29.9,8.0,3,5,Development,Medium
6939,2026-03-31,2026-04-07,38.2,7.0,8,3,Documentation,Medium
6940,2025-10-19,2025-10-22,,4.0,6,8,Other,Medium
6941,2026-08-29,2026-10-08,,10.0,12,4,Development,Critical
6942,2025-10-18,2025-11-10,13.0,7.0,4,8,Testing ,Medium
6943,2026-07-22,2026-08-20,20.3,2.0,5,4,Development,Low
6944,2026-04-04,2026-04-09,,3.0,1,7,Design,Low
6945,2026-02-18,2026-03-09,23.1,4.0,1,3,Other,Low
6946,2025-10-27,2025-11-21,23.1,6.0,7,6,Documentation,Medium
6947,2025-11-27,2025-12-20,20.4,1.0,2,2,Development,Low
6948,2026-05-24,2026-06-27,19.3,1.0,5,8,Documentation,Low
6949,2026-01-08,2026-03-02,14.7,-1.0,9,6,  Design,Low
6950,2026-02-05,2026-02-06,9.2,2.0,4,7,Other,Low
6951,2025-10-18,2025-11-15,2.9,,3,0,Testing,Low
6952,2025-10-08,2025-11-18,24.6,3.0,12,1,DEV,Medium
6953,2025-12-21,2025-12-29,33.2,1.0,10,1,Design,Low
6954,2026-04-11,2026-05-10,360.8,1.0,4,5,Development,Low
6955,2026-03-05,2026-03-15,35.7,8.0,6,-5,Documentation,Medium
6956,2026-04-19,2026-05-01,11.5,10.0,1,4,  Design,Medium
6957,2026-06-14,2026-07-26,34.8,,5,8,development,Low
6958,2026-09-10,2026-10-02,16.6,9.0,5,7,development,High
6959,2025-09-14,2025-09-26,39.9,5.0,9,2,Other,Medium
6960,2026-01-31,2026-03-17,3.9,,3,6,Design,Low
6961,2026-07-18,2026-09-05,34.6,,9,10,Other,Low
6962,2026-03-14,2026-03-21,38.3,10.0,12,4,,Critical
6963,2025-10-08,2025-10-24,32.7,4.0,9,8,Development,Medium
6964,2026-01-31,2026-03-26,14.4,3.0,7,1,Testing,Low
6965,2025-12-30,2026-02-22,15.5,3.0,7,2,Other,Low
6966,2026-01-01,2026-01-10,13.0,7.0,6,2,DEV,Medium
6967,2026-04-11,2026-05-18,20.8,,10,0,Design,Low
6968,2026-03-11,2026-04-12,39.8,1.0,5,5,Documentation,Low
6969,2026-08-12,2026-09-12,33.3,4.0,12,5,Testing,Critical
6970,2026-01-17,2026-02-06,,5.0,4,0,,Critical
6971,2026-02-04,2026-04-01,917.5,9.0,9,1,Design,High
6972,2026-07-27,2026-09-18,17.4,,12,5,Design,Low
6973,2025-10-09,2025-12-04,30.5,7.0,4,2,Documentation,Medium
6974,2025-12-23,2026-02-12,20.3,6.0,3,2,Design,Low
6975,2025-09-25,2025-09-29,28.2,7.0,5,4,Design,Medium
6976,2026-09-09,2026-10-21,26.8,7.0,6,0,Testing,Medium
6977,2026-01-28,2026-03-16,923.2,2.0,4,6,Other,Low
6978,2025-11-11,2025-11-14,27.6,6.0,6,0,Other,Medium
6979,2025-12-29,2026-01-13,7.4,3.0,10,1,Testing,Medium
6980,2026-03-09,2026-03-22,4.4,1.0,8,6,Other,Medium
6981,2025-11-26,2025-12-13,20.1,11.0,1,3,Development,Medium
6982,2026-08-02,2026-09-18,31.9,6.0,3,0,Documentation,Low
6983,2025-09-15,2025-10-18,8.7,8.0,6,7,Other,High
6984,2026-05-05,2026-05-03,28.3,9.0,2,1,Testing,Medium
6985,2025-12-18,2026-01-02,26.9,2.0,2,0,Documentation,Low
6986,2026-03-17,2026-04-13,349.0,7.0,8,5,Design,High
6986,2026-03-17,2026-04-13,349.0,7.0,8,5,Design,High
6988,2026-02-28,2026-03-24,1.9,1.0,8,6,Documentation,Medium
6989,2025-11-03,2025-11-04,17.2,11.0,7,5,Other,High
6990,2025-12-24,2026-02-07,11.2,5.0,9,5,Testing,Medium
6991,2026-08-05,2026-08-10,29.0,9.0,3,5,Testing,Medium
6992,2026-03-16,2026-03-31,26.8,1.0,1,7,Documentation,Low
6993,2026-04-12,2026-04-28,32.2,3.0,9,6,Documentation,Critical
6994,2026-01-19,2026-02-02,13.2,7.0,3,4,Development,Medium
6995,2026-06-13,2026-07-07,34.2,8.0,9,6,Testing,High
6996,2026-04-14,2026-05-09,29.2,8.0,5,1,Documentation,Medium
6997,2026-08-15,2026-10-07,8.9,1.0,7,-2,Design,Low
6998,2026-03-20,2026-03-30,29.4,8.0,9,-3,Testing,Low
6999,2026-04-05,2026-05-16,6.4,,5,10,Testing,High
7000,2025-09-29,2025-10-01,36.8,8.0,2,9,Other,Medium
7001,2026-01-15,2026-02-06,30.6,6.0,5,4,Testing ,Medium
7002,2025-12-10,2026-01-12,8.2,5.0,10,9,Design,High
7003,2026-08-14,2026-09-12,18.3,5.0,7,0,Development,High
7004,2026-07-15,2026-08-03,,15.0,7,9,doc,Critical
7005,2025-09-26,2025-09-27,19.4,4.0,4,7,Documentation,Medium
7006,2025-12-30,2026-01-03,23.0,1.0,0,10,Documentation,Low
7007,2026-03-31,2026-05-23,28.3,11.0,1,10,Development,High
7008,2026-08-28,2026-09-03,4.8,5.0,4,9,Development,Medium
7009,2025-10-04,2025-11-10,27.7,3.0,9,5,Other,Medium
7010,2026-04-17,2026-05-16,16.9,5.0,7,2,Documentation,High
7011,2026-06-09,2026-07-25,16.3,9.0,3,1,Design,Medium
7012,2026-08-08,2026-08-09,6.0,6.0,1,10,Documentation,Medium
7013,2026-02-25,2026-04-11,878.4,4.0,1,4,Design,Low
7014,2026-01-14,2026-03-11,15.5,-1.0,5,5,Documentation,Low
7015,2026-02-13,2026-03-28,14.4,2.0,1,0,Design,Low
7016,2026-05-26,2026-06-11,715.4,6.0,2,10,Design,Medium
7017,2026-05-22,2026-06-01,9.5,2.0,3,0,Testing,Low
7018,2026-02-05,2026-02-15,33.9,7.0,9,10,,High
7019,2025-10-25,2025-12-09,20.5,5.0,2,2,Development,Low
7020,2026-08-07,2026-08-02,15.5,3.0,5,8,Design,Medium
7021,2026-08-11,2026-09-18,30.3,11.0,5,7,Documentation,High
7022,2026-05-15,2026-06-02,247.8,8.0,5,1,Design,Medium
7023,2026-04-18,2026-05-09,12.2,7.0,2,0,Other,Low
7024,2026-01-15,2026-01-18,27.7,6.0,2,5,Development,Medium
7025,2026-02-18,2026-03-08,20.1,9.0,2,4,Documentation,Medium
7026,2026-08-16,2026-08-28,12.1,9.0,2,2,Documentation,Medium
7027,2025-10-11,2025-12-06,7.3,6.0,5,7,Design,Medium
7028,2026-08-25,2026-10-06,35.5,7.0,6,2,Documentation,Medium
7029,2025-11-07,2025-11-26,,6.0,8,3,Other,High
7030,2025-11-28,2025-12-18,29.0,6.0,2,2,Development,Low
7031,2026-06-16,2026-07-18,1.8,3.0,8,-4,Testing,Medium
7032,2026-05-19,2026-06-28,32.8,9.0,6,4,Testing,Low
7033,2026-05-20,2026-06-10,8.0,6.0,10,8,Testing,High
7034,2025-09-25,2025-10-22,31.6,2.0,10,2,Documentation,Medium
7035,2026-01-07,2026-01-22,20.8,10.0,4,6,Development,High
7036,2026-04-02,2026-04-04,30.4,4.0,3,9,development,Medium
7037,2025-09-25,2025-10-26,,10.0,10,3,DEV,High
7038,2026-07-22,2026-08-31,33.6,2.0,3,5,Design,Low
7039,2025-11-18,2025-12-26,3.3,4.0,9,2,Design,Medium
7040,2025-12-22,2026-01-10,3.4,10.0,8,6,Testing,High
7041,2026-02-21,2026-02-23,690.7,5.0,4,7,Development,Medium
7042,2026-01-26,2026-02-05,32.7,3.0,9,8,Development,Medium
7043,2025-10-17,2025-12-04,27.3,4.0,4,2,,Low
7044,2026-08-30,2026-09-29,23.5,10.0,1,10,Testing,High
7045,2026-09-04,2026-10-05,13.6,7.0,2,2,Development,Low
7046,2026-03-14,2026-04-02,16.8,7.0,9,3,Testing,High
7047,2025-09-20,2025-10-03,21.9,5.0,1,3,Testing,Low
7048,2025-12-04,2026-01-28,921.1,6.0,7,10,Development,High
7049,2025-12-17,2026-01-02,5.0,7.0,5,8,Documentation,Medium
7050,2026-03-22,2026-04-22,12.5,2.0,2,4,Design,Low
7051,2026-04-24,2026-05-18,18.6,,1,0,Other,High
7052,2026-03-13,2026-04-15,8.9,10.0,4,2,Testing,Medium
7053,2026-05-28,2026-06-24,16.9,,8,10,Development,Low
7054,2026-03-16,2026-04-25,14.7,6.0,2,5,Documentation,Medium
7055,2026-01-09,2026-02-27,38.8,,7,10,Documentation,Low
7056,2026-05-20,2026-06-10,20.5,4.0,3,10,Other,Medium
7057,2025-12-13,2026-02-04,31.2,6.0,1,9,Other,Critical
7058,2026-03-15,2026-03-24,2.6,3.0,6,7,Other,Medium
7059,2026-03-23,2026-04-26,4.7,,1,1,Documentation,Medium
7060,2026-01-03,2026-01-06,,4.0,7,7,Testing,Medium
7061,2025-11-20,2025-12-07,10.8,6.0,5,1,Testing,Medium
7062,2026-07-02,2026-08-14,13.7,3.0,5,9,Development,Medium
7063,2026-02-24,2026-04-15,18.8,4.0,10,8,Documentation,High
7064,2026-01-21,2026-02-02,18.6,3.0,100,5,Other,Critical
7065,2026-08-15,2026-09-12,2.1,10.0,0,0,Development,Medium
7066,2025-10-06,2025-10-08,12.6,1.0,9,9,Documentation,Medium
7067,2026-05-18,2026-06-24,14.8,4.0,4,7,Other,Medium
7068,2026-07-19,2026-08-11,39.8,8.0,5,1,Development,Medium
7069,2025-09-16,2025-11-09,584.8,11.0,100,4,Development,Critical
7070,2026-07-25,2026-08-16,19.9,5.0,4,7,Testing,Medium
7071,2026-08-04,2026-08-28,17.5,10.0,8,4,Other,High
7072,2026-01-30,2026-02-08,17.4,7.0,1,6,,Medium
7073,2026-05-07,2026-05-25,23.5,7.0,1,10,Testing,Medium
7074,2026-07-31,2026-08-03,26.4,8.0,6,9,Testing,High
7075,2026-08-10,2026-09-07,17.3,3.0,8,0,Documentation,Low
7076,2026-05-04,2026-06-15,8.1,3.0,6,8,Development,Medium
7077,2026-05-22,2026-06-15,6.1,6.0,9,3,Development,Medium
7078,2026-01-10,2026-02-07,36.9,8.0,7,8,Documentation,High
7079,2026-01-22,2026-03-10,1.0,4.0,3,6,Documentation,Low
7080,2026-01-10,2026-03-07,9.3,3.0,1,10,Other,Low
7081,2026-08-07,2026-08-28,18.1,8.0,10,9,  Design,Critical
7082,2026-08-31,2026-10-05,37.6,0.0,6,-5,Documentation,Low
7083,2025-10-18,2025-11-21,17.7,0.0,8,0,DEV,Low
7084,2025-11-24,2026-01-12,7.6,7.0,7,-5,Design,Low
7085,2026-01-13,2026-03-13,21.7,6.0,4,-1,Testing,Low
7086,2026-04-10,2026-05-28,531.7,,7,7,Other,Low
7087,2026-03-08,2026-04-06,427.2,5.0,5,9,Other,Low
7088,2026-05-27,2026-05-29,2.7,5.0,9,7,Other,High
7089,2026-05-24,2026-07-23,2.4,9.0,9,9,Testing,Critical
7090,2025-11-08,2025-12-04,1.5,10.0,8,0,Documentation,High
7091,2025-11-30,2026-01-27,6.6,10.0,4,6,Testing,High
7092,2025-12-26,2026-01-28,18.0,8.0,4,10,Design,High
7093,2025-10-16,2025-11-11,23.1,3.0,6,5,Design,Medium
7094,2026-06-26,2026-08-19,37.9,4.0,9,6,Documentation,Medium
7095,2026-08-29,2026-09-15,608.9,4.0,7,5,Testing,Medium
7096,2025-11-23,2025-12-14,1.2,2.0,8,5,Design,Medium
7097,2026-01-11,2026-03-11,23.4,5.0,10,2,Documentation,Medium
7098,2025-11-17,2025-12-26,33.2,9.0,0,10,Testing,Medium
7098,2025-11-17,2025-12-26,33.2,9.0,0,10,Testing,Medium
7100,2025-12-18,2026-02-07,30.3,9.0,9,5,doc,Medium
7101,2026-03-15,2026-05-09,18.1,6.0,9,6,Design,High
7102,2025-11-07,2025-11-23,36.9,5.0,3,7,Documentation,Medium
7103,2026-02-19,2026-04-18,32.3,5.0,5,4,Testing,Medium
7104,2026-02-04,2026-04-04,26.6,10.0,0,0,Testing,Medium
7105,2026-03-03,2026-04-12,34.9,5.0,7,2,Testing,Medium
7106,2026-07-22,2026-08-11,29.1,6.0,1,3,Design,Low
7107,2026-04-09,2026-05-26,39.4,6.0,6,6,Other,Medium
7108,2026-05-23,2026-06-04,16.6,9.0,5,6,Documentation,High
7109,2025-11-05,2025-12-08,31.8,5.0,10,0,Design,Medium
7110,2026-03-28,2026-04-01,3.2,8.0,3,10,Testing,High
7111,2026-02-14,2026-03-22,20.6,2.0,2,10,Development,Low
7112,2026-06-11,2026-07-18,8.1,4.0,6,10,Design,Medium
7113,2025-11-19,2025-12-24,10.4,0.0,7,8,Other,Low
7114,2026-02-09,2026-02-25,,5.0,2,4,Documentation,Low
7115,2026-02-06,2026-04-02,3.2,5.0,9,6,Testing,Medium
7116,2026-09-12,2026-11-08,27.5,1.0,8,9,Design,Medium
7117,2025-09-14,2025-10-31,30.8,7.0,5,10,Design,High
7118,2026-07-27,2026-08-18,31.6,6.0,3,4,Design,Medium
7119,2026-07-11,2026-07-12,36.8,7.0,9,0,Other,Medium
7120,2026-06-07,2026-08-06,357.4,2.0,4,10,Design,Medium
7121,2026-04-13,2026-06-04,38.7,10.0,1,-4,Development,Low
7122,2026-08-05,2026-09-15,28.2,8.0,3,8,Other,Medium
7123,2026-07-14,2026-09-07,37.3,8.0,10,9,Testing,Critical
7124,2026-03-19,2026-05-11,12.2,3.0,9,3,Other,Medium
7125,2026-05-24,2026-06-03,37.6,10.0,1,-5,Development,Low
7126,2026-01-13,2026-02-09,26.2,5.0,4,2,  Design,Low
7127,2026-05-21,2026-06-30,9.4,4.0,5,5,Design,High
7128,2026-05-31,2026-07-22,30.2,1.0,0,9,Other,Low
7129,2025-10-10,2025-11-07,15.1,5.0,7,2,Development,Medium
7130,2025-11-08,2025-12-16,28.8,9.0,100,9,Other,Critical
7131,2025-09-15,2025-09-17,34.4,4.0,7,0,development,Low
7132,2025-12-23,2026-01-02,26.0,1.0,9,10,Design,Medium
7133,2026-02-07,2026-03-25,2.4,6.0,0,7,Other,Low
7134,2025-11-18,2026-01-05,,8.0,9,9,Other,High
7135,2026-03-22,2026-04-28,8.3,10.0,5,6,Design,High
7136,2026-07-18,2026-08-27,24.4,6.0,10,9,Testing,High
7137,2026-06-25,2026-08-11,5.6,4.0,3,8,Design,Medium
7138,2026-05-13,2026-07-06,24.4,3.0,7,9,Documentation,Medium
7139,2026-05-25,2026-06-24,30.8,7.0,1,3,Other,Low
7140,2026-07-06,2026-07-11,28.7,5.0,2,3,development,Low
7141,2026-03-14,2026-03-17,,10.0,3,6,Design,Critical
7142,2026-04-30,2026-05-18,31.8,9.0,7,10,Development,High
7143,2025-12-07,2025-11-30,24.0,5.0,5,5,Documentation,Medium
7144,2026-06-19,2026-07-05,12.3,2.0,7,7,Development,Medium
7145,2025-10-16,2025-11-05,8.3,4.0,2,-2,Development,Low
7146,2026-03-02,2026-03-17,27.9,,7,10,Other,Low
7147,2026-01-22,2026-02-28,3.4,10.0,7,-4,Other,Medium
7148,2025-11-12,2025-12-21,14.8,6.0,6,7,Design,Medium
7149,2025-11-20,2025-12-03,25.2,-1.0,9,8,Design,Low
7150,2026-01-27,2026-03-12,8.6,1.0,12,3,Testing ,Medium
7151,2026-03-20,2026-03-28,998.7,2.0,100,0,Testing,Critical
7152,2025-10-10,2025-11-12,27.2,8.0,10,8,Testing,High
7153,2025-12-15,2026-01-16,3.6,8.0,4,9,Documentation,High
7154,2026-06-11,2026-07-10,15.4,7.0,8,7,Testing,High
7155,2026-05-06,2026-05-16,11.5,-1.0,10,8,Documentation,Medium
7156,2025-12-13,2026-01-07,13.5,6.0,6,3,Other,Medium
7157,2026-01-20,2026-02-21,27.9,10.0,9,7,Other,Critical
7158,2026-02-26,2026-04-08,12.5,3.0,8,6,Other,Medium
7158,2026-02-26,2026-04-08,12.5,3.0,8,6,Other,Medium
7160,2025-12-18,2025-12-22,8.7,5.0,7,3,development,Medium
7161,2026-07-17,2026-07-23,16.5,1.0,1,0,Other,Low
7162,2026-03-02,2026-03-31,32.1,10.0,9,0,development,High
7163,2026-08-12,2026-08-29,23.9,4.0,2,6,Other,Low
7164,2025-10-29,2025-11-08,6.1,1.0,2,9,Development,Low
7165,2025-11-20,2026-01-12,12.2,4.0,2,-5,doc,Low
7166,2026-07-29,2026-09-09,30.4,,10,9,Testing,Low
7167,2026-06-02,2026-07-25,16.7,1.0,9,9,Testing,Medium
7168,2025-09-20,2025-10-25,4.4,10.0,7,6,Design,High
7169,2025-11-18,2025-12-07,7.2,3.0,5,3,Development,Low
7170,2025-11-08,2025-11-24,32.2,6.0,8,6,Documentation,Medium
7171,2026-04-04,2026-04-29,30.0,9.0,7,4,Design,High
7172,2026-06-30,2026-07-09,2.3,3.0,2,-1,Testing,Low
7173,2026-06-27,2026-07-23,4.6,2.0,3,2,Development,Low
7174,2025-09-28,2025-11-22,10.9,5.0,6,10,Design,Medium
7175,2026-02-18,2026-04-10,14.1,2.0,9,3,Development,Medium
7176,2025-10-31,2025-12-14,21.4,4.0,8,10,Development,High
7177,2026-06-19,2026-06-25,4.7,1.0,5,2,Development,Critical
7178,2026-08-27,2026-09-04,4.6,6.0,2,2,Design,Medium
7179,2025-09-12,2025-10-24,26.0,3.0,3,8,Development,Low
7180,2026-06-30,2026-07-24,24.3,10.0,3,0,Testing,Medium
7181,2026-08-29,2026-10-12,26.8,9.0,9,5,Testing,High
7182,2025-11-15,2026-01-08,14.0,7.0,10,0,Design,Medium
7183,2026-07-17,2026-08-22,18.6,3.0,6,0,Development,Low
7184,2026-07-13,2026-08-21,18.6,10.0,5,0,Design,Medium
7185,2026-03-08,2026-03-28,22.4,7.0,4,3,Documentation,High
7186,2025-11-09,2025-11-27,0.6,5.0,2,1,Design,Low
7187,2026-08-20,2026-09-01,15.4,8.0,3,5,Documentation,Medium
7188,2026-06-25,2026-08-01,9.0,6.0,1,10,Design,Medium
7189,2026-07-04,2026-08-09,22.1,3.0,8,6,development,Medium
7190,2025-12-25,2026-01-18,,8.0,5,4,Other,Medium
7191,2026-01-26,2026-01-27,39.2,3.0,9,-5,Other,Low
7192,2026-06-12,2026-07-23,,8.0,9,10,Documentation,High
7193,2026-03-30,2026-05-02,29.0,2.0,8,5,Design,Medium
7194,2025-10-20,2025-11-15,1.9,9.0,6,2,Documentation,Medium
7195,2026-04-01,2026-04-03,685.2,10.0,10,4,Documentation,High
7196,2026-08-21,2026-09-23,14.9,4.0,1,3,Documentation,Low
7197,2026-06-15,2026-07-16,3.5,8.0,1,0,Development,Low
7198,2025-10-24,2025-11-24,556.4,4.0,1,4,Testing,Low
7199,2026-06-12,2026-08-10,11.5,1.0,4,10,Other,Low
7200,2026-05-31,2026-06-08,9.2,,9,1,Development,Low
7200,2026-05-31,2026-06-08,9.2,,9,1,Development,Low
7202,2026-04-23,2026-06-21,32.9,8.0,0,0,DEV,Low
7203,2026-08-29,2026-10-17,1.7,9.0,3,2,Design,Medium
7204,2026-04-20,2026-05-25,8.5,6.0,4,1,Design,Low
7205,2026-05-19,2026-06-12,4.7,2.0,9,10,Documentation,Medium
7206,2026-08-31,2026-09-15,4.6,3.0,8,-3,Other,Low
7207,2026-02-23,2026-03-20,3.8,7.0,5,7,Documentation,Medium
7208,2025-12-07,2026-01-17,20.4,3.0,3,8,Design,Low
7209,2026-05-13,2026-06-24,10.1,4.0,2,0,Other,Low
7210,2025-11-19,2026-01-06,27.8,10.0,7,3,Design,High
7211,2025-09-22,2025-10-14,30.6,7.0,1,6,Development,Medium
7212,2026-05-05,2026-04-28,10.7,3.0,0,10,Documentation,Low
7213,2025-09-26,2025-10-05,23.3,2.0,2,8,Design,Low
7214,2026-04-07,2026-06-06,25.3,1.0,2,3,Testing,Critical
7215,2026-07-21,2026-08-28,35.7,7.0,9,7,Development,High
7216,2026-04-04,2026-04-06,5.3,,7,6,doc,Low
7217,2025-10-01,2025-11-12,13.3,2.0,1,3,Documentation,Low
7218,2026-07-05,2026-07-09,8.1,9.0,2,9,Testing,High
7219,2025-11-09,2025-12-15,10.4,2.0,9,1,Design,Low
7220,2025-11-12,2026-01-08,,10.0,5,7,Development,High
7221,2026-02-26,2026-03-24,31.5,0.0,7,3,Documentation,Low
7222,2026-08-10,2026-09-30,23.0,7.0,5,9,Documentation,High
7223,2025-09-30,2025-10-27,25.5,11.0,10,0,Development,Medium
7224,2026-07-16,2026-08-17,9.3,9.0,2,6,Testing,Medium
7225,2025-10-13,2025-10-21,592.0,9.0,2,4,Other,Medium
7226,2025-09-30,2025-11-23,26.0,3.0,0,5,Documentation,Low
7227,2026-04-21,2026-04-13,16.8,7.0,12,8,Development,Critical
7228,2026-04-19,2026-05-26,4.0,9.0,6,3,Testing,High
7229,2025-10-15,2025-11-25,927.9,10.0,2,8,Development,High
7230,2026-05-27,2026-06-09,9.9,8.0,4,4,Development,Medium
7231,2026-05-27,2026-06-23,9.7,7.0,8,6,Development,High
7232,2026-06-05,2026-07-24,27.0,10.0,1,4,Testing ,Medium
7233,2026-08-17,2026-09-25,28.0,5.0,7,2,DEV,Medium
7234,2026-05-21,2026-05-27,28.4,1.0,10,5,Testing,Medium
7235,2025-10-15,2025-11-22,38.7,-1.0,1,3,Design,Low
7236,2026-07-22,2026-08-29,27.9,3.0,8,0,Development,Low
7237,2026-08-06,2026-08-17,35.6,4.0,4,5,Design,Low
7238,2026-06-13,2026-06-28,1.8,1.0,5,-2,Development,Low
7239,2026-04-14,2026-05-05,37.8,7.0,8,4,Testing,High
7240,2026-07-15,2026-07-12,22.9,3.0,8,10,Development,Medium
7241,2025-10-09,2025-11-26,31.5,6.0,10,2,Testing,Medium
7242,2025-09-19,2025-10-30,3.4,,6,9,Development,Low
7243,2026-05-13,2026-06-20,6.7,2.0,10,3,  Design,Medium
7244,2026-08-27,2026-10-26,6.6,1.0,5,9,Testing,Low
7245,2026-06-04,2026-07-24,6.1,2.0,3,1,Design,Low
7246,2025-12-01,2025-12-19,,10.0,3,5,Testing,Medium
7247,2026-02-16,2026-03-23,5.4,4.0,100,0,Documentation,Critical
7248,2025-09-28,2025-09-20,30.5,3.0,10,6,Other,Medium
7249,2026-05-21,2026-06-02,9.3,3.0,2,6,Testing,Low
7250,2026-01-28,2026-02-16,3.9,-1.0,7,7,Design,Low
7251,2026-08-23,2026-10-01,34.8,15.0,10,3,Testing ,Critical
7252,2025-11-02,2025-11-11,16.7,2.0,3,5,Other,Low
7253,2026-09-10,2026-09-08,22.7,8.0,6,10,Testing,High
7254,2026-07-25,2026-08-25,31.9,1.0,7,8,Other,Medium
7255,2025-09-26,2025-10-16,15.5,7.0,3,3,Design,Medium
7256,2026-07-07,2026-09-04,21.2,2.0,3,8,Other,Low
7257,2026-07-24,2026-08-19,6.3,5.0,5,-1,Development,Low
7258,2025-11-13,2025-11-23,37.2,11.0,3,10,Documentation,Medium
7259,2025-12-22,2026-02-08,27.9,9.0,10,1,,High
7260,2026-02-08,2026-03-21,24.7,10.0,1,9,Development,High
7261,2026-04-12,2026-04-11,24.7,8.0,3,6,Design,Medium
7262,2026-08-27,2026-08-22,9.2,10.0,2,4,Testing,Medium
7263,2025-12-05,2025-12-25,17.5,9.0,6,-4,Testing,Medium
7264,2026-07-10,2026-09-03,29.1,2.0,12,4,Design,Medium
7265,2026-07-20,2026-07-29,16.9,8.0,8,1,Design,Medium
7266,2026-08-03,2026-09-22,305.9,6.0,12,6,Design,High
7267,2025-11-25,2025-11-30,7.6,6.0,5,9,Documentation,Medium
7268,2026-07-25,2026-08-15,25.2,6.0,8,1,Testing,Medium
7269,2026-02-07,2026-02-18,23.2,6.0,2,3,doc,Low
7270,2026-06-26,2026-07-30,16.6,10.0,6,-4,Testing ,Medium
7271,2026-04-16,2026-05-12,13.5,7.0,7,2,  Design,Low
7272,2026-09-12,2026-11-03,26.7,2.0,4,7,Design,Low
7273,2026-08-23,2026-09-12,7.9,2.0,9,-1,Development,Low
7274,2026-05-11,2026-06-12,29.5,5.0,100,2,Testing,Critical
7275,2026-08-19,2026-08-17,37.2,9.0,9,-4,Testing,High
7276,2025-12-08,2026-01-03,20.3,6.0,5,6,DEV,Medium
7277,2025-12-16,2025-12-17,22.7,2.0,1,-2,DEV,Low
7278,2026-02-01,2026-02-23,11.4,7.0,3,4,,Medium
7279,2026-09-03,2026-10-26,,8.0,10,0,Documentation,High
7280,2025-09-22,2025-10-16,21.7,1.0,5,3,DEV,Low
7281,2025-12-12,2025-12-20,5.6,5.0,6,6,Testing ,Medium
7282,2026-06-07,2026-07-10,17.8,6.0,2,0,Development,Low
7283,2026-05-17,2026-06-17,29.7,0.0,10,8,Design,Medium
7284,2026-02-17,2026-03-18,361.3,10.0,8,7,Design,Medium
7285,2026-02-19,2026-03-08,20.6,9.0,10,3,Documentation,High
7286,2026-02-13,2026-03-17,2.2,2.0,4,1,Other,Low
7287,2026-02-07,2026-03-21,14.4,4.0,5,7,Documentation,Medium
7288,2026-06-13,2026-08-09,6.4,7.0,7,5,Testing,Medium
7289,2026-01-20,2026-01-29,33.0,4.0,6,8,Other,Medium
7290,2025-09-18,2025-11-16,13.4,10.0,1,3,Development,Medium
7291,2026-01-22,2026-01-30,,6.0,8,8,Testing,High
7292,2026-02-19,2026-03-27,1.7,1.0,4,9,Documentation,Medium
7293,2026-06-18,2026-08-09,36.1,5.0,7,5,Design,Medium
7294,2025-12-07,2026-02-02,36.9,9.0,9,1,Design,High
7295,2026-09-12,2026-11-07,31.2,5.0,1,5,Testing,Low
7296,2026-04-04,2026-05-02,15.1,3.0,3,5,Testing,Low
7297,2026-03-26,2026-04-20,26.6,1.0,1,7,Other,Low
7298,2026-04-09,2026-05-17,20.7,2.0,7,7,Design,Medium
7299,2025-11-06,2025-10-30,5.7,5.0,10,7,Design,High
7300,2026-03-22,2026-04-26,16.2,9.0,5,6,Design,High
7301,2026-04-15,2026-06-06,6.5,6.0,2,6,Testing ,Medium
7302,2026-05-23,2026-06-18,34.0,9.0,9,1,Development,High
7303,2025-11-23,2026-01-14,21.1,9.0,5,9,Design,High
7304,2026-06-12,2026-07-08,14.9,4.0,6,0,Testing,Low
7304,2026-06-12,2026-07-08,14.9,4.0,6,0,Testing,Low
7306,2026-06-10,2026-07-24,16.3,4.0,100,1,Other,Critical
7307,2026-06-22,2026-07-23,350.3,6.0,8,3,Design,Medium
7308,2026-03-08,2026-03-14,3.9,1.0,6,4,DEV,Low
7309,2026-09-11,2026-09-21,,15.0,3,6,  Design,Critical
7310,2026-05-30,2026-06-13,36.8,8.0,8,7,development,High
7311,2026-08-01,2026-08-12,18.5,4.0,8,3,Testing,Medium
7312,2025-12-03,2025-12-25,28.4,3.0,5,10,Design,High
7313,2026-03-06,2026-04-21,0.7,9.0,9,1,Other,High
7314,2026-06-29,2026-08-19,30.8,2.0,2,9,Documentation,Low
7315,2025-12-29,2026-01-22,30.0,3.0,3,1,Other,Low
7316,2026-06-20,2026-07-04,7.0,2.0,5,0,Documentation,Low
7317,2025-12-19,2026-02-13,28.9,6.0,12,9,development,High
7318,2026-06-17,2026-06-28,8.3,7.0,8,9,Testing,High
7319,2026-01-10,2026-02-14,724.6,9.0,3,9,Development,High
7320,2026-05-15,2026-05-26,3.4,3.0,7,4,Documentation,Medium
7321,2026-08-09,2026-09-25,,1.0,9,10,Documentation,Critical
7322,2026-05-04,2026-05-28,6.6,,100,7,Testing,Low
7322,2026-05-04,2026-05-28,6.6,,100,7,Testing,Low
7324,2025-11-19,2026-01-09,7.8,8.0,9,-4,Design,Medium
7325,2026-06-20,2026-06-21,17.1,15.0,0,8,Other,High
7326,2025-10-31,2025-11-22,33.3,10.0,9,1,Design,High
7327,2025-10-18,2025-10-16,31.8,2.0,10,10,Documentation,Medium
7328,2025-12-08,2025-12-19,27.7,1.0,2,9,Development,Medium
7329,2026-01-09,2026-01-21,13.5,8.0,8,0,Other,Medium
7330,2026-01-05,2026-01-14,10.3,1.0,2,0,Other,Low
7331,2026-02-08,2026-03-28,27.6,7.0,6,8,Other,High
7332,2026-08-24,2026-09-28,17.1,9.0,2,2,Development,Medium
7333,2026-07-07,2026-07-21,,10.0,1,10,DEV,High
7334,2026-02-23,2026-02-19,22.8,1.0,6,8,Design,Low
7335,2026-03-26,2026-04-02,12.2,8.0,1,4,Design,Medium
7336,2025-09-23,2025-09-26,34.3,8.0,3,1,Design,Medium
7337,2025-11-23,2026-01-13,35.6,5.0,4,7,Testing,Medium
7338,2025-10-19,2025-12-12,14.9,,6,7,Development,Low
7339,2025-12-01,2025-12-29,26.8,3.0,1,0,Design,Low
7340,2026-01-09,2026-02-03,28.3,2.0,7,-3,Other,Low
7341,2026-05-26,2026-05-19,11.9,4.0,7,1,Other,Low
7342,2026-04-09,2026-05-06,36.0,10.0,7,9,Other,High
7343,2025-12-10,2026-01-25,15.5,6.0,6,5,development,Medium
7344,2026-02-26,2026-03-31,31.5,2.0,5,1,Design,Low
7345,2026-06-29,2026-07-27,36.2,5.0,7,7,Other,Medium
7346,2026-04-18,2026-05-12,6.8,8.0,4,10,Development,High
7347,2026-09-12,2026-10-11,29.8,2.0,4,10,Documentation,Medium
7348,2026-07-15,2026-09-05,23.6,4.0,6,1,Design,Low
7349,2026-01-06,2026-02-19,5.9,1.0,8,6,DEV,Medium
7350,2025-12-12,2025-12-19,700.2,1.0,1,7,Other,Low
7351,2026-06-05,2026-06-07,10.3,2.0,1,10,Design,Medium
7352,2026-08-12,2026-09-27,36.4,2.0,10,6,Testing ,Medium
7353,2026-05-14,2026-06-30,24.9,4.0,8,5,Other,Medium
7354,2026-08-12,2026-10-11,6.0,4.0,5,10,Development,Medium
7355,2026-05-28,2026-05-27,39.8,5.0,10,2,Testing,Medium
7356,2025-09-28,2025-11-13,20.3,7.0,10,1,Other,High
7357,2026-06-13,2026-06-03,29.3,3.0,10,5,Documentation,Medium
7358,2026-01-21,2026-02-18,22.1,5.0,3,9,Documentation,Medium
7359,2026-07-26,2026-09-19,,8.0,9,0,Design,Medium
7360,2026-07-20,2026-08-06,14.8,6.0,4,10,Other,Critical
7361,2026-01-18,2026-02-01,4.8,6.0,2,3,Testing,Low
7362,2025-09-16,2025-10-06,32.3,,6,5,Other,Low
7363,2025-11-29,2026-01-11,19.9,4.0,8,9,Other,Medium
7364,2025-12-06,2025-12-12,21.9,,8,10,Development,Low
7365,2025-10-09,2025-10-17,7.7,4.0,4,2,Testing,Low
7366,2026-04-13,2026-04-18,,10.0,5,5,Testing,High
7367,2025-10-04,2025-10-29,30.2,7.0,3,2,Design,Medium
7368,2026-07-22,2026-08-23,,3.0,6,7,Testing,Medium
7369,2026-03-25,2026-04-05,28.4,8.0,2,10,Other,Medium
7370,2026-04-18,2026-06-02,21.1,3.0,7,5,Other,Medium
7371,2025-10-01,2025-10-06,6.7,10.0,2,1,DEV,High
7372,2025-10-10,2025-12-06,4.8,4.0,2,4,Design,Low
7373,2025-11-05,2025-11-25,10.4,9.0,3,7,Development,Medium
7374,2026-05-03,2026-06-25,19.9,3.0,1,9,doc,Low
7375,2025-10-11,2025-10-22,11.6,5.0,8,2,development,Medium
7376,2026-04-22,2026-05-28,11.6,8.0,10,1,Documentation,High
7377,2026-01-21,2026-02-18,9.9,3.0,100,1,DEV,Critical
7378,2026-02-04,2026-02-27,33.5,1.0,1,2,Other,Low
7379,2026-05-13,2026-07-01,20.8,1.0,1,5,Documentation,Low
7380,2026-02-13,2026-04-09,27.1,3.0,12,1,Testing,Critical
7381,2026-03-28,2026-04-09,28.1,8.0,8,8,Development,High
7382,2026-07-13,2026-07-25,16.7,8.0,10,2,Design,High
7383,2026-01-25,2026-03-09,24.6,4.0,8,2,Other,Medium
7384,2026-08-14,2026-09-23,30.4,1.0,6,7,Other,Low
7385,2025-12-14,2026-01-07,502.9,5.0,6,3,Design,Low
7386,2026-03-23,2026-04-26,31.0,11.0,9,2,Testing,High
7387,2025-11-15,2025-11-20,26.4,9.0,100,2,Other,Critical
7388,2025-11-07,2025-12-20,,,2,0,Testing,Low
7389,2026-03-10,2026-03-15,20.1,7.0,5,9,Testing,High
7390,2026-05-04,2026-07-01,11.8,,8,9,Testing ,Low
7390,2026-05-04,2026-07-01,11.8,,8,9,Testing ,Low
7392,2026-03-29,2026-05-17,16.1,1.0,4,0,Development,Low
7393,2025-10-27,2025-12-03,33.2,7.0,3,0,Design,Low
7394,2026-07-14,2026-09-01,9.7,8.0,8,4,Documentation,High
7395,2026-06-03,2026-07-15,37.2,8.0,4,3,Testing,Medium
7396,2026-08-19,2026-10-14,21.6,5.0,100,3,Development,Critical
7397,2026-05-11,2026-06-03,15.0,10.0,7,0,,High
7398,2025-11-07,2025-12-13,17.7,10.0,7,9,Testing,High
7399,2025-10-31,2025-11-26,35.2,3.0,9,-3,Other,Medium
7400,2026-02-02,2026-04-03,,4.0,4,3,Testing,Low
7401,2025-09-13,2025-09-14,4.7,9.0,5,4,Development,Medium
7402,2026-05-24,2026-07-21,7.8,1.0,9,1,Development,Low
7403,2025-10-23,2025-11-12,33.2,2.0,4,3,Other,Low
7404,2026-09-01,2026-10-20,7.9,9.0,7,8,Documentation,High
7405,2026-03-23,2026-04-30,22.4,3.0,8,10,Development,Medium
7406,2025-10-26,2025-11-01,36.9,3.0,4,0,Other,Low
7407,2025-11-07,2025-12-02,37.5,9.0,4,7,Other,High
7408,2025-09-16,2025-11-14,33.3,15.0,2,7,Development,Critical
7409,2026-07-19,2026-09-01,,6.0,6,1,doc,Medium
7410,2026-03-19,2026-03-23,28.4,8.0,9,1,Other,High
7411,2026-02-21,2026-02-25,33.1,6.0,7,10,Documentation,High
7412,2026-02-14,2026-04-06,30.7,1.0,5,5,,Low
7413,2026-01-27,2026-02-12,30.9,7.0,6,2,Design,Medium
7414,2025-11-21,2026-01-10,17.9,1.0,2,1,Design,Low
7415,2026-09-07,2026-09-22,38.2,5.0,7,6,Development,Medium
7416,2026-08-11,2026-08-27,237.7,5.0,7,1,Testing,Medium
7417,2026-07-27,2026-09-01,21.9,5.0,9,-4,Other,Low
7418,2026-05-02,2026-06-23,23.1,5.0,4,8,,Medium
7419,2026-04-27,2026-04-20,4.1,8.0,6,10,Documentation,High
7420,2025-11-06,2025-11-08,23.0,,100,4,Design,Low
7421,2026-08-12,2026-09-05,14.2,15.0,2,1,Testing,High
7422,2026-06-05,2026-06-08,34.7,6.0,8,8,Documentation,High
7423,2026-03-02,2026-04-28,21.5,1.0,8,2,Design,Low
7424,2026-08-12,2026-09-06,4.7,0.0,5,10,Other,Low
7425,2026-05-27,2026-06-21,34.5,9.0,10,4,Documentation,High
7426,2026-09-03,2026-09-05,11.4,3.0,3,1,Development,Low
7427,2026-03-26,2026-03-16,,1.0,6,0,Other,Low
7428,2026-04-17,2026-04-21,21.5,10.0,8,3,Design,High
7429,2026-02-18,2026-03-06,31.0,10.0,2,9,Testing,High
7430,2026-01-17,2026-01-16,16.6,3.0,3,2,Documentation,Low
7431,2026-02-18,2026-04-11,7.8,10.0,5,0,Other,Medium
7432,2025-11-12,2025-11-13,36.0,10.0,7,2,Design,High
7432,2025-11-12,2025-11-13,36.0,10.0,7,2,Design,High
7434,2025-12-29,2026-01-12,15.7,9.0,3,3,Development,Medium
7435,2025-12-12,2025-12-14,21.1,5.0,2,9,Documentation,Medium
7436,2026-03-11,2026-04-08,8.0,9.0,2,4,Design,Medium
7437,2026-03-07,2026-03-13,15.5,11.0,7,0,Documentation,High
7438,2025-10-27,2025-11-09,13.7,7.0,3,9,Other,Medium
7439,2026-06-04,2026-06-21,29.8,,8,0,Documentation,Low
7440,2026-04-26,2026-05-11,13.9,2.0,3,8,Testing,Low
7441,2025-12-18,2026-01-04,18.0,3.0,3,6,Development,Low
7442,2026-06-29,2026-07-19,6.1,9.0,4,4,Development,Medium
7443,2025-12-26,2026-01-10,13.9,7.0,3,0,Documentation,Low
7444,2026-04-13,2026-05-11,38.0,4.0,7,9,Design,Medium
7445,2026-01-31,2026-03-27,21.1,2.0,5,10,Testing,Medium
7446,2026-08-25,2026-10-24,10.4,1.0,7,5,  Design,Low
7447,2025-11-24,2026-01-09,7.9,2.0,6,2,Other,Low
7448,2025-10-05,2025-10-19,22.9,5.0,10,7,Other,High
7449,2026-03-09,2026-03-17,22.0,,6,2,Testing,Low
7450,2025-09-17,2025-10-23,,6.0,5,0,Other,Low
7451,2026-06-21,2026-07-03,30.8,4.0,9,9,  Design,High
7452,2026-06-05,2026-06-18,6.5,,1,4,Other,Low
7453,2025-12-08,2026-01-14,6.7,2.0,6,2,Design,Low
7454,2025-10-20,2025-10-30,31.1,2.0,9,6,Design,Medium
7455,2025-12-23,2026-01-14,39.7,10.0,5,8,development,High
7456,2026-01-02,2026-02-03,6.2,10.0,8,4,development,High
7457,2026-02-02,2026-03-29,27.3,9.0,9,4,Documentation,High
7458,2026-04-25,2026-05-06,909.5,2.0,6,7,doc,Medium
7459,2026-02-14,2026-04-05,14.7,7.0,7,0,Other,Medium
7460,2026-09-11,2026-10-26,33.4,5.0,5,2,Other,Low
7461,2026-03-27,2026-05-23,21.1,1.0,3,2,Design,Low
7462,2026-02-20,2026-03-06,3.4,1.0,2,4,Development,High
7463,2026-01-16,2026-03-09,38.6,8.0,6,6,Documentation,Medium
7464,2025-10-03,2025-10-04,8.1,4.0,2,2,Testing,Low
7465,2026-07-14,2026-07-15,976.3,8.0,8,7,  Design,High
7466,2025-10-20,2025-11-04,22.6,1.0,9,9,Documentation,Medium
7467,2026-02-18,2026-04-09,,8.0,4,5,Documentation,Medium
7467,2026-02-18,2026-04-09,,8.0,4,5,Documentation,Medium
7469,2025-09-14,2025-11-11,8.5,8.0,7,7,Development,High
7470,2026-05-11,2026-06-03,34.0,3.0,5,2,Documentation,Low
7471,2025-12-14,2025-12-19,6.4,5.0,5,2,Development,Low
7472,2025-09-28,2025-11-15,,7.0,4,1,Other,Low
7473,2025-09-29,2025-10-05,14.8,9.0,2,6,Other,Medium
7474,2026-05-18,2026-07-02,36.4,10.0,9,2,Documentation,Low
7475,2026-05-23,2026-07-17,37.3,6.0,10,0,Testing,Low
7476,2026-01-18,2026-02-04,21.5,5.0,7,6,,Medium
7477,2026-03-24,2026-04-23,24.7,3.0,1,5,Documentation,Low
7478,2026-03-04,2026-02-22,23.3,6.0,3,2,Documentation,Low
7479,2026-07-12,2026-08-02,2.2,2.0,100,8,Development,Critical
7480,2025-12-29,2026-01-20,36.2,3.0,9,-3,Development,Low
7481,2026-07-23,2026-09-07,4.8,7.0,1,3,Development,Low
7482,2026-07-06,2026-08-26,32.9,7.0,9,7,Design,High
7483,2026-05-03,2026-05-22,32.0,3.0,4,1,Development,Low
7484,2026-01-26,2026-02-24,23.3,8.0,4,1,development,Medium
7485,2026-03-20,2026-05-14,15.5,6.0,1,7,Documentation,Medium
7486,2026-02-02,2026-03-14,25.3,8.0,100,9,Testing,Critical
7487,2025-11-15,2025-12-15,18.1,4.0,9,9,Development,High
7488,2025-09-17,2025-10-23,38.4,4.0,10,2,Development,Medium
7489,2026-06-23,2026-08-12,37.1,8.0,5,7,Testing,High
7490,2026-07-21,2026-08-08,750.6,4.0,4,5,Documentation,Critical
7491,2026-05-01,2026-06-17,37.2,6.0,4,9,Other,Medium
7492,2025-11-11,2026-01-09,4.1,2.0,4,2,  Design,Low
7493,2025-12-19,2026-01-30,23.0,,4,4,Documentation,Low
7494,2026-06-14,2026-06-15,13.9,4.0,8,10,Design,High
7495,2026-01-18,2026-01-23,7.1,10.0,4,0,Documentation,Medium
7496,2026-02-12,2026-03-15,35.2,7.0,2,6,Documentation,Medium
7497,2026-02-16,2026-03-12,,9.0,4,9,Testing,High
7498,2026-07-21,2026-09-10,35.7,7.0,5,4,Testing,Medium
7499,2026-07-05,2026-07-11,12.8,4.0,5,10,Documentation,Medium
7500,2026-04-09,2026-04-16,6.3,4.0,10,8,Design,High
7501,2025-11-07,2025-12-08,16.1,5.0,7,4,development,Medium
7502,2026-09-03,2026-10-22,6.7,6.0,12,0,Other,High
7503,2026-06-24,2026-08-14,4.1,6.0,8,10,Documentation,High
7504,2026-07-31,2026-09-20,24.8,9.0,3,5,Testing,Medium
7505,2026-08-25,2026-10-22,14.9,9.0,3,7,Development,Medium
7506,2026-06-17,2026-07-24,13.6,2.0,5,8,Documentation,Low
7507,2026-01-06,2026-02-24,18.8,3.0,2,10,Testing,Low
7508,2026-02-10,2026-03-20,979.5,9.0,2,4,Documentation,Medium
7509,2026-06-23,2026-07-16,286.2,2.0,1,1,  Design,Low
7510,2026-08-03,2026-08-08,14.3,7.0,8,3,Testing,Medium
7511,2025-11-29,2025-12-14,35.5,4.0,7,0,Design,Low
7512,2025-11-21,2025-12-17,13.9,10.0,9,10,doc,Critical
7513,2025-11-30,2025-12-08,34.7,6.0,1,4,DEV,Low
7514,2025-09-26,2025-11-20,31.2,1.0,5,1,Documentation,Low
7515,2026-04-29,2026-05-20,10.1,6.0,3,10,Documentation,High
7516,2025-10-10,2025-10-08,37.0,4.0,7,10,Design,High
7517,2025-12-06,2025-12-12,36.6,9.0,4,-5,Testing,Low
7518,2026-01-31,2026-03-25,,,5,5,Documentation,Low
7519,2025-09-16,2025-10-26,24.6,9.0,3,7,Development,Medium
7520,2026-03-19,2026-04-19,14.1,8.0,100,8,Development,Low
7521,2026-09-06,2026-09-26,20.2,2.0,8,2,Testing,Low
7522,2026-01-07,2026-03-03,39.0,8.0,2,7,Documentation,Medium
7523,2026-01-29,2026-03-01,39.1,8.0,9,8,Development,High
7524,2025-12-24,2026-01-25,19.9,10.0,2,9,DEV,High
7525,2026-04-13,2026-05-14,12.4,6.0,9,3,Testing,Medium
7526,2026-08-04,2026-09-13,24.6,2.0,4,5,Documentation,Low
7527,2026-05-04,2026-06-10,11.0,,4,7,  Design,Low
7528,2025-12-31,2026-01-04,13.2,4.0,1,2,Documentation,Low
7529,2025-10-07,2025-12-02,22.9,4.0,7,1,Development,Low
7530,2026-06-25,2026-06-26,30.1,11.0,10,8,Other,Critical
7531,2026-02-26,2026-03-30,23.1,4.0,10,9,Testing,High
7532,2026-05-22,2026-06-21,27.3,4.0,7,6,Other,Medium
7533,2026-02-27,2026-03-04,,6.0,100,2,Documentation,Critical
7534,2026-02-08,2026-03-11,17.1,10.0,1,10,Documentation,High
7535,2025-12-04,2026-01-22,25.2,4.0,10,7,Development,High
7536,2026-09-10,2026-09-25,19.9,15.0,7,9,,Critical
7537,2026-06-12,2026-06-16,17.1,2.0,10,0,Testing,Low
7538,2026-05-22,2026-05-26,25.4,2.0,3,4,Development,Low
7539,2025-09-26,2025-10-06,14.3,3.0,10,1,Other,Medium
7540,2026-09-10,2026-11-02,1.7,4.0,7,8,Other,Medium
7541,2026-05-04,2026-05-27,9.0,10.0,4,0,Design,Medium
7542,2026-09-10,2026-10-30,14.2,6.0,10,-4,Design,Medium
7543,2026-05-23,2026-07-20,21.5,8.0,10,9,Other,Medium
7544,2026-06-29,2026-07-21,866.1,,2,10,Documentation,Low
7545,2026-06-05,2026-07-10,485.7,1.0,1,9,Development,Low
7546,2026-07-01,2026-08-10,24.8,2.0,3,2,Other,Low
7547,2026-05-19,2026-05-26,15.0,7.0,5,7,Development,Medium
7548,2025-12-27,2026-02-23,2.3,4.0,9,9,Documentation,High
7549,2025-10-11,2025-11-27,14.6,7.0,7,5,Development,Medium
7550,2026-05-10,2026-06-03,,9.0,12,-4,Other,High
7551,2026-04-03,2026-05-13,13.0,2.0,3,6,Other,Low
7552,2026-08-23,2026-09-16,2.3,6.0,100,1,Documentation,High
7553,2026-07-14,2026-08-26,20.4,4.0,3,4,Testing,Low
7554,2026-08-03,2026-07-29,21.8,3.0,7,1,doc,Low
7555,2026-03-01,2026-04-11,8.1,6.0,6,1,Other,High
7556,2026-03-07,2026-03-19,6.1,4.0,5,9,Testing,Medium
7557,2025-11-17,2025-12-11,30.6,2.0,7,6,Documentation,Medium
7558,2025-09-13,2025-10-19,34.1,4.0,6,8,Other,Medium
7559,2026-04-18,2026-05-28,5.0,1.0,7,2,Documentation,Low
7560,2026-01-25,2026-02-16,29.1,10.0,8,7,Other,High
7561,2025-09-13,2025-10-10,0.7,10.0,7,8,Documentation,High
7562,2026-05-07,2026-05-27,17.4,4.0,2,2,Development,Low
7563,2026-04-21,2026-05-25,,9.0,9,3,Testing,High
7564,2026-05-23,2026-07-04,27.1,8.0,1,6,Documentation,Medium
7565,2026-04-30,2026-05-21,37.4,,2,3,Other,Low
7566,2026-06-07,2026-07-11,27.0,10.0,6,3,Other,High
7567,2026-08-09,2026-10-07,16.3,8.0,2,9,Design,Medium
7568,2026-02-08,2026-02-19,39.9,6.0,7,6,,Medium
7569,2026-08-12,2026-08-28,8.0,3.0,1,6,Other,Low
7570,2026-07-27,2026-08-07,32.9,6.0,10,-2,DEV,Medium
7570,2026-07-27,2026-08-07,32.9,6.0,10,-2,DEV,Medium
7572,2026-03-24,2026-03-30,38.3,7.0,10,2,Design,High
7573,2025-12-10,2026-01-30,20.4,2.0,2,9,Design,Low
7574,2026-03-25,2026-03-27,4.8,4.0,1,4,Development,Low
7575,2026-01-31,2026-02-14,22.0,1.0,4,8,Development,Low
7576,2025-11-08,2025-12-17,32.8,9.0,5,4,Design,Medium
7577,2026-03-07,2026-04-20,21.7,9.0,5,4,Design,Medium
7578,2026-08-30,2026-09-30,11.4,10.0,10,10,Design,Critical
7579,2026-04-13,2026-05-31,580.3,,3,2,Development,Low
7580,2026-09-03,2026-09-05,38.3,8.0,10,5,Testing,High
7581,2026-02-06,2026-02-21,18.6,3.0,6,9,Other,Medium
7582,2025-11-03,2025-12-18,4.4,6.0,8,5,Documentation,Low
7583,2026-09-06,2026-09-16,22.6,9.0,10,7,Other,Critical
7584,2026-01-23,2026-02-28,1.8,5.0,2,5,Other,Low
7585,2025-12-21,2026-02-06,7.7,2.0,1,2,Documentation,Low
7586,2026-04-09,2026-06-05,37.4,-1.0,10,3,Documentation,Low
7587,2026-05-30,2026-07-03,,7.0,2,9,Development,Medium
7588,2026-01-30,2026-02-27,10.4,3.0,1,9,Development,Critical
7589,2025-12-30,2026-02-27,902.2,10.0,6,7,Testing,Critical
7590,2026-08-25,2026-10-14,,11.0,2,10,Documentation,High
7591,2026-07-08,2026-07-26,11.4,3.0,4,4,Design,Low
7592,2026-05-15,2026-05-17,20.9,4.0,3,0,Other,Low
7593,2026-05-18,2026-07-08,14.1,2.0,10,6,Documentation,Medium
7594,2026-07-04,2026-06-28,14.4,10.0,10,3,Testing,High
7595,2026-06-23,2026-07-06,34.7,3.0,6,8,Development,Medium
7596,2025-09-22,2025-09-17,28.6,8.0,5,0,Design,Medium
7597,2026-04-11,2026-05-04,38.2,10.0,4,6,Design,Medium
7598,2026-06-15,2026-07-06,35.8,-1.0,8,4,Documentation,Low
7599,2026-04-24,2026-06-06,30.7,6.0,6,9,development,Low
7600,2025-09-30,2025-11-06,2.4,9.0,1,2,Other,Medium
7601,2026-04-25,2026-06-11,33.8,6.0,5,5,Testing,Medium
7602,2025-12-04,2025-12-21,34.7,2.0,6,0,Documentation,Low
7603,2026-06-25,2026-07-16,5.4,10.0,7,5,Other,High
7604,2026-04-07,2026-06-06,772.6,1.0,4,9,Development,Low
7605,2026-03-24,2026-05-13,22.3,8.0,7,3,Development,Medium
7606,2025-09-14,2025-10-11,9.1,6.0,10,3,Development,High
7607,2026-04-18,2026-04-21,12.0,,8,7,Design,Low
7608,2025-10-29,2025-11-01,31.9,-1.0,2,6,Other,Low
7609,2026-01-29,2026-03-16,6.4,,9,1,Documentation,Low
7610,2026-05-02,2026-05-27,19.2,2.0,6,7,doc,Medium
7611,2026-04-15,2026-05-16,18.3,7.0,9,7,Design,Medium
7612,2026-03-03,2026-03-11,25.3,,4,8,Testing,Low
7613,2026-05-12,2026-06-27,14.1,2.0,9,6,Documentation,Medium
7614,2025-11-22,2026-01-21,4.1,1.0,1,3,Documentation,Low
7614,2025-11-22,2026-01-21,4.1,1.0,1,3,Documentation,Low
7616,2025-10-02,2025-11-09,16.0,2.0,5,-3,DEV,Low
7617,2026-08-04,2026-09-23,33.1,9.0,7,6,Other,High
7618,2025-11-09,2025-12-30,,5.0,3,8,development,Medium
7619,2026-02-19,2026-03-26,24.7,5.0,9,3,Testing,Medium
7620,2025-11-24,2026-01-09,18.3,1.0,4,7,doc,High
7621,2025-11-04,2026-01-03,,,5,3,Testing,Low
7622,2026-04-01,2026-05-04,5.4,1.0,3,0,Testing,Low
7623,2026-09-09,2026-10-21,24.3,7.0,2,3,Design,Medium
7624,2025-12-27,2026-01-28,24.7,,7,3,Development,Low
7625,2025-09-20,2025-10-31,16.5,8.0,5,6,DEV,Medium
7626,2025-11-18,2025-12-19,35.4,4.0,6,0,Development,Low
7627,2025-12-07,2025-12-16,531.2,10.0,9,1,Testing,High
7628,2025-10-11,2025-10-26,8.9,1.0,4,2,Development,Low
7629,2026-06-24,2026-07-14,18.9,5.0,7,9,Design,Medium
7630,2026-04-04,2026-05-15,28.0,3.0,6,5,Development,Medium
7631,2026-05-25,2026-05-23,25.8,5.0,9,7,Design,High
7632,2025-10-13,2025-10-17,31.0,2.0,10,0,Other,Low
7633,2025-09-30,2025-11-02,6.4,-1.0,1,8,Development,Low
7634,2026-06-03,2026-06-28,37.3,6.0,10,3,,High
7635,2026-02-02,2026-03-15,3.9,6.0,5,2,Documentation,Medium
7636,2026-04-21,2026-04-18,34.0,9.0,2,1,Development,Low
7637,2026-02-03,2026-03-03,13.2,9.0,5,8,Other,High
7638,2026-01-10,2026-02-21,7.7,-1.0,8,8,Documentation,Low
7639,2026-02-20,2026-03-17,12.8,3.0,8,9,Documentation,Medium
7640,2026-04-14,2026-06-01,,8.0,7,5,Documentation,High
7641,2025-12-13,2026-01-20,10.8,3.0,2,-5,development,Low
7642,2025-10-01,2025-09-25,18.4,4.0,9,0,Design,Medium
7642,2025-10-01,2025-09-25,18.4,4.0,9,0,Design,Medium
7644,2026-04-12,2026-04-04,12.7,7.0,6,9,doc,High
7645,2026-03-17,2026-04-12,,7.0,7,8,Testing,High
7646,2025-09-20,2025-11-08,23.8,2.0,8,4,Design,Medium
7647,2026-05-07,2026-06-13,11.7,8.0,6,2,Testing,Medium
7648,2025-12-19,2026-02-13,17.8,3.0,10,2,Design,Medium
7649,2025-11-02,2025-12-07,18.7,4.0,1,3,Design,Low
7650,2025-10-28,2025-12-07,28.5,5.0,5,3,Other,Medium
7651,2026-07-22,2026-08-30,471.4,7.0,10,8,Development,High
7652,2026-08-19,2026-09-12,33.6,15.0,5,7,Other,Critical
7653,2026-05-08,2026-06-30,33.6,7.0,8,2,Documentation,Medium
7654,2025-11-02,2025-12-28,35.2,7.0,9,8,Development,High
7655,2025-10-11,2025-10-31,8.3,7.0,12,6,Other,High
7656,2025-11-27,2025-11-26,38.2,4.0,7,-5,Design,Low
7657,2026-06-04,2026-06-28,25.0,3.0,6,6,Design,Medium
7658,2026-05-18,2026-07-14,35.8,6.0,4,7,Development,Medium
7659,2026-01-24,2026-03-16,25.6,3.0,4,3,Other,High
7660,2025-12-10,2025-12-02,4.6,2.0,6,5,Other,Low
7661,2025-11-27,2026-01-12,19.0,5.0,0,5,Design,Low
7661,2025-11-27,2026-01-12,19.0,5.0,0,5,Design,Low
7663,2026-04-21,2026-05-29,29.7,8.0,6,5,Testing,High
7664,2026-06-08,2026-07-18,19.4,9.0,6,4,Testing,Medium
7665,2025-12-09,2025-12-22,25.1,7.0,1,4,Documentation,High
7666,2026-03-03,2026-04-19,567.4,,9,5,Other,Low
7667,2025-12-22,2026-02-17,15.4,3.0,1,10,Documentation,Low
7668,2025-11-05,2025-12-30,8.0,8.0,1,2,Development,Low
7669,2025-09-19,2025-09-25,6.2,7.0,6,4,  Design,Medium
7670,2025-09-28,2025-10-06,26.0,5.0,8,6,Documentation,Medium
7671,2026-02-10,2026-02-04,16.9,11.0,3,8,Development,High
7672,2026-07-26,2026-08-06,6.7,6.0,8,1,Other,Medium
7673,2026-01-21,2026-01-25,362.9,1.0,9,4,Testing,Low
7674,2026-03-17,2026-03-30,16.5,8.0,5,9,Testing,Low
7675,2026-04-27,2026-06-05,24.3,6.0,4,1,Development,Low
7676,2026-08-01,2026-07-26,35.4,4.0,6,1,,Low
7677,2025-11-22,2026-01-06,7.0,2.0,2,6,Testing ,High
7678,2026-03-11,2026-03-08,26.4,6.0,3,5,Testing,Medium
7679,2026-05-09,2026-07-02,33.1,3.0,1,1,development,Low
7680,2026-08-27,2026-09-11,1.8,6.0,6,0,Other,Medium
7681,2025-10-09,2025-10-03,39.9,4.0,2,5,Testing ,Low
7682,2026-02-15,2026-03-12,15.3,4.0,4,4,Testing,Low
7683,2025-10-11,2025-10-22,35.4,,0,4,Documentation,Low
7684,2026-04-26,2026-06-07,20.6,4.0,1,7,development,Low
7685,2025-09-13,2025-10-22,7.1,6.0,10,1,Design,Low
7686,2025-10-25,2025-12-09,15.6,1.0,7,8,Documentation,Medium
7687,2026-02-24,2026-03-14,35.8,2.0,2,0,development,Low
7688,2026-02-08,2026-03-24,10.0,2.0,10,8,development,Medium
7689,2026-04-27,2026-06-11,932.6,9.0,8,0,development,High
7690,2026-03-08,2026-04-07,38.2,6.0,1,1,Other,Low
7691,2025-12-13,2025-12-20,7.4,9.0,6,0,Development,Critical
7692,2026-03-23,2026-03-17,1.3,10.0,4,8,Testing,High
7693,2025-10-17,2025-11-17,23.8,2.0,10,5,Documentation,Medium
7694,2026-04-18,2026-05-01,14.9,9.0,1,2,Other,Medium
7695,2025-09-14,2025-11-05,18.5,8.0,8,0,Development,Medium
7696,2025-12-29,2026-02-26,23.1,7.0,10,2,Documentation,High
7697,2026-05-15,2026-06-30,1.4,2.0,6,10,Design,Medium
7698,2026-08-03,2026-08-11,20.0,5.0,4,7,Development,Medium
7699,2026-07-04,2026-08-27,10.5,,9,0,Design,Low
7700,2026-03-10,2026-04-07,39.1,8.0,8,1,Documentation,Medium
7701,2026-09-12,2026-09-28,,3.0,10,5,Testing,Medium
7702,2026-09-07,2026-11-02,18.3,9.0,2,5,Development,Medium
7703,2026-03-15,2026-04-27,18.4,7.0,8,3,Other,Medium
7704,2025-11-23,2026-01-16,21.8,7.0,3,2,Development,Medium
7705,2026-03-28,2026-05-22,576.5,6.0,8,6,Other,High
7706,2026-08-05,2026-08-19,23.1,10.0,4,2,Other,Medium
7707,2026-05-21,2026-06-26,40.0,0.0,10,8,Testing,High
7708,2026-08-27,2026-10-25,12.3,5.0,9,6,Other,Medium
7709,2026-07-01,2026-08-27,28.5,5.0,9,4,Other,Medium
7710,2026-06-15,2026-06-29,7.1,4.0,4,7,development,Medium
7711,2026-05-06,2026-05-17,13.5,3.0,7,4,Testing,High
7712,2025-12-01,2026-01-20,31.3,11.0,3,-4,Design,Medium
7713,2025-10-28,2025-11-04,19.9,9.0,9,9,Other,Critical
7714,2025-11-09,2025-11-20,18.6,5.0,3,10,Design,Medium
7715,2026-06-18,2026-06-23,1.9,4.0,1,10,Development,Low
7716,2025-09-19,2025-11-01,,10.0,2,-3,Documentation,Medium
7717,2026-01-22,2026-01-26,35.9,10.0,8,3,Testing,High
7718,2026-01-03,2026-01-19,14.6,1.0,7,7,Design,Low
7718,2026-01-03,2026-01-19,14.6,1.0,7,7,Design,Low
7720,2026-05-12,2026-05-19,17.3,4.0,4,1,Documentation,Low
7721,2025-10-22,2025-10-25,7.1,2.0,7,10,Design,Medium
7722,2025-10-11,2025-11-28,26.7,4.0,7,6,Development,Medium
7723,2026-07-02,2026-07-09,35.3,7.0,5,4,Development,Medium
7724,2026-09-07,2026-10-27,7.0,8.0,9,10,Development,High
7725,2026-04-14,2026-06-12,36.8,15.0,12,6,Testing,Critical
7726,2026-02-27,2026-03-25,,4.0,100,1,Testing,Critical
7727,2025-12-08,2026-01-08,22.6,5.0,9,4,Design,Medium
7728,2025-11-22,2026-01-06,25.8,10.0,100,8,Development,Critical
7729,2026-01-11,2026-02-13,12.6,2.0,12,8,Testing,High
7730,2026-01-13,2026-02-18,,6.0,7,6,Design,Medium
7731,2025-12-09,2025-12-06,1.1,9.0,5,3,Design,High
7732,2026-08-29,2026-10-07,,3.0,2,-5,Design,Low
7733,2026-01-26,2026-03-15,34.0,2.0,0,2,,Low
7734,2026-02-01,2026-03-23,17.3,10.0,0,4,Development,Medium
7735,2025-11-22,2025-12-20,32.9,1.0,2,8,Testing,Low
7736,2026-04-03,2026-04-09,37.3,9.0,9,3,Development,Medium
7737,2025-12-16,2026-01-20,22.8,7.0,8,-4,Documentation,Medium
7738,2026-06-26,2026-07-18,17.6,3.0,10,10,Documentation,High
7738,2026-06-26,2026-07-18,17.6,3.0,10,10,Documentation,High
7740,2026-09-02,2026-10-18,30.4,,3,5,Other,Low
7741,2025-11-09,2025-12-27,18.8,1.0,8,4,doc,Low
7742,2026-01-22,2026-02-01,36.2,8.0,5,4,Documentation,Medium
7743,2025-12-17,2025-12-24,30.6,6.0,4,-1,Design,Low
7744,2026-05-21,2026-05-15,34.7,2.0,4,5,Documentation,Low
7745,2026-01-10,2026-01-11,15.8,3.0,9,2,,Medium
7746,2025-10-16,2025-11-13,580.3,10.0,8,-4,Testing,Medium
7747,2026-05-25,2026-07-09,29.6,7.0,5,7,doc,Medium
7748,2025-12-27,2026-02-03,25.1,6.0,9,8,Development,High
7749,2025-09-14,2025-10-12,29.6,2.0,8,1,Development,Low
7750,2026-06-03,2026-07-12,11.4,9.0,5,1,Design,Medium
7751,2025-10-20,2025-11-15,37.5,1.0,7,9,Documentation,Medium
7752,2026-06-02,2026-07-13,12.5,4.0,2,10,Documentation,Medium
7753,2026-08-07,2026-10-04,35.7,1.0,7,10,Testing,Medium
7754,2026-08-07,2026-08-27,24.9,,12,4,Testing,Low
7755,2025-10-06,2025-11-13,19.3,6.0,10,5,Design,High
7756,2026-08-01,2026-09-11,29.8,6.0,3,4,Testing,Medium
7757,2026-01-15,2026-03-01,5.4,0.0,10,10,Other,Medium
7758,2025-12-28,2026-01-13,25.8,4.0,10,6,Development,High
7759,2026-05-06,2026-06-26,6.0,7.0,2,4,Other,Medium
7760,2026-06-13,2026-07-27,21.5,8.0,1,8,development,Medium
7761,2026-08-23,2026-10-11,7.0,10.0,3,5,Design,Medium
7762,2025-10-03,2025-11-03,23.7,7.0,1,8,Design,Medium
7763,2026-02-02,2026-01-28,14.2,9.0,100,4,Testing,Critical
7764,2026-06-01,2026-07-26,23.1,6.0,2,8,Testing,Medium
7765,2025-09-15,2025-10-03,0.9,10.0,10,4,Other,Medium
7766,2026-07-23,2026-08-02,11.5,2.0,7,6,Documentation,Medium
7767,2026-01-15,2026-03-10,0.5,9.0,3,8,Documentation,High
7768,2026-02-26,2026-04-08,9.3,8.0,2,8,Testing,Medium
7769,2026-05-11,2026-06-08,28.9,4.0,4,0,Documentation,Low
7770,2025-11-28,2025-12-25,,5.0,4,7,Design,Medium
7771,2025-12-22,2025-12-23,2.7,5.0,10,0,Development,Medium
7772,2026-08-13,2026-10-02,24.0,-1.0,6,8,Design,Low
7773,2026-04-05,2026-05-05,13.8,1.0,2,4,Other,Low
7774,2025-12-14,2026-01-10,5.0,10.0,7,-1,DEV,Medium
7775,2026-03-23,2026-05-09,13.3,3.0,1,6,Other,Low
7776,2026-05-28,2026-06-24,32.6,2.0,10,9,Other,Medium
7777,2025-12-19,2025-12-27,5.2,10.0,8,1,Design,High
7778,2025-12-01,2026-01-19,14.7,,0,8,Development,Low
7779,2025-11-09,2025-12-20,1.0,9.0,4,1,Design,Medium
7780,2026-08-30,2026-09-30,37.6,9.0,2,4,Other,Medium
7781,2026-07-19,2026-09-07,12.0,9.0,7,8,Other,High
7782,2025-10-02,2025-11-24,18.7,,12,8,Development,High
7783,2026-02-02,2026-02-27,22.2,3.0,7,0,Other,Low
7784,2026-04-22,2026-04-28,0.8,9.0,3,7,Documentation,Medium
7785,2026-09-07,2026-10-26,2.7,8.0,7,1,Design,Medium
7786,2026-05-11,2026-06-07,5.9,6.0,9,5,Testing,High
7787,2026-05-24,2026-07-13,16.3,1.0,5,6,Design,Low
7788,2025-09-24,2025-09-25,32.5,7.0,3,10,development,Medium
7789,2026-04-13,2026-04-20,7.8,7.0,5,8,Other,Medium
7790,2026-08-04,2026-08-29,31.1,1.0,4,8,Design,Low
7791,2026-04-06,2026-05-19,13.3,,8,0,Testing,Low
7792,2025-12-05,2025-12-18,30.9,2.0,100,9,,Critical
7793,2026-09-11,2026-09-22,14.7,3.0,5,4,Other,Low
7794,2026-01-08,2026-02-20,25.9,5.0,9,9,Testing,High
7795,2026-01-28,2026-02-07,26.0,10.0,5,9,DEV,Low
7796,2026-03-17,2026-03-26,14.0,,5,5,Documentation,Low
7797,2025-12-18,2025-12-20,23.6,1.0,10,7,Development,Medium
7798,2026-06-02,2026-06-28,24.8,9.0,9,3,Documentation,High
7799,2026-05-22,2026-06-21,20.3,11.0,9,5,Documentation,Critical
7800,2026-03-14,2026-04-20,672.9,9.0,10,0,Documentation,High
7801,2026-04-21,2026-04-18,23.5,10.0,5,8,Testing,High
7802,2025-12-11,2025-12-22,28.3,9.0,12,3,Documentation,High
7803,2026-05-17,2026-05-24,18.5,10.0,2,10,Testing ,High
7804,2026-05-18,2026-05-27,39.4,1.0,9,10,Design,Medium
7805,2026-07-19,2026-08-07,19.9,4.0,4,7,Testing,Medium
7806,2025-11-01,2025-11-08,2.5,8.0,7,6,Other,High
7807,2026-07-04,2026-07-08,24.9,10.0,7,0,Design,High
7808,2026-07-03,2026-08-05,13.2,7.0,6,2,Documentation,Medium
7809,2026-08-26,2026-09-22,18.5,9.0,9,8,doc,High
7810,2026-07-03,2026-08-19,497.8,10.0,3,6,Documentation,High
7811,2025-11-25,2025-12-24,31.4,5.0,7,8,Development,High
7812,2026-01-26,2026-03-02,18.6,6.0,7,3,Documentation,Medium
7813,2026-05-20,2026-07-19,6.2,2.0,2,2,Documentation,Low
7814,2026-07-08,2026-07-20,14.5,10.0,3,0,Documentation,Medium
7815,2026-05-09,2026-06-02,14.7,5.0,0,8,Documentation,Low
7816,2026-07-14,2026-08-09,546.2,5.0,5,4,Other,Medium
7817,2025-11-08,2025-12-08,35.6,7.0,9,8,  Design,High
7818,2025-09-15,2025-10-12,16.0,0.0,12,0,Documentation,Low
7819,2025-10-08,2025-10-17,37.3,5.0,7,0,Other,Medium
7820,2026-07-28,2026-08-03,26.9,6.0,4,5,Other,Medium
7821,2026-09-12,2026-09-29,4.3,4.0,3,5,Other,Low
7822,2025-11-13,2025-11-14,8.3,10.0,9,2,Design,High
7823,2026-01-23,2026-02-04,275.4,1.0,6,6,Design,Low
7824,2025-09-24,2025-10-14,21.8,8.0,7,6,Other,High
7825,2025-09-19,2025-10-30,14.3,5.0,0,0,Testing,Low
7826,2026-06-25,2026-07-19,2.6,3.0,7,3,Other,Low
7827,2026-01-11,2026-03-01,1.6,3.0,9,3,Testing,Medium
7828,2025-09-23,2025-09-15,22.2,5.0,3,6,DEV,Medium
7829,2026-08-06,2026-08-22,8.6,6.0,4,5,Other,Medium
7830,2026-04-12,2026-05-16,31.2,7.0,9,10,Design,High
7831,2025-12-02,2025-12-31,742.5,7.0,5,9,DEV,High
7832,2026-01-08,2026-01-31,9.1,3.0,5,2,Testing,Low
7833,2026-05-01,2026-05-12,16.9,7.0,8,0,DEV,High
7834,2026-05-15,2026-05-14,38.9,3.0,5,6,Other,Low
7835,2026-07-05,2026-07-20,0.9,,6,3,Development,Low
7836,2026-09-05,2026-09-16,28.9,2.0,8,10,Other,Medium
7837,2026-07-07,2026-07-31,37.2,7.0,10,0,Documentation,Medium
7838,2026-07-16,2026-07-20,14.6,2.0,2,2,Development,Low
7839,2026-07-03,2026-08-18,28.8,9.0,2,6,Documentation,High
7840,2026-07-05,2026-08-01,5.0,4.0,1,6,Design,Low
7841,2026-02-02,2026-02-11,9.1,4.0,6,9,Testing,Medium
7842,2025-12-07,2026-01-31,2.4,10.0,3,7,,High
7843,2025-12-08,2025-12-22,16.9,,5,0,Other,Low
7844,2025-11-05,2026-01-03,31.5,10.0,1,6,Development,Medium
7845,2025-12-30,2026-01-17,12.9,3.0,6,1,Other,Critical
7846,2025-11-02,2025-12-03,10.1,8.0,8,3,doc,High
7847,2026-08-05,2026-09-23,35.2,8.0,8,6,Testing,High
7848,2026-04-12,2026-05-14,1.9,7.0,1,6,Development,Medium
7849,2026-03-12,2026-03-18,32.5,4.0,6,10,Design,Medium
7850,2026-04-08,2026-05-10,29.1,4.0,5,7,Other,Critical
7851,2026-06-12,2026-08-08,1.1,7.0,3,1,Design,Low
7852,2026-04-08,2026-05-21,18.4,3.0,8,5,Development,Medium
7853,2026-06-10,2026-07-13,11.8,2.0,2,10,Other,Low
7854,2026-08-21,2026-09-12,3.8,7.0,5,6,Development,Medium
7855,2026-08-24,2026-09-13,15.6,6.0,5,10,Development,Medium
7856,2026-05-30,2026-06-27,6.7,3.0,7,0,Design,Low
7857,2026-01-10,2026-02-02,39.2,2.0,2,9,Design,Low
7858,2026-01-05,2026-02-12,31.8,2.0,10,3,Documentation,Medium
7859,2026-01-07,2026-02-13,5.3,2.0,4,-2,Documentation,Low
7860,2026-03-13,2026-04-23,35.2,,1,-2,Design,Low
7861,2026-08-24,2026-10-04,13.3,10.0,6,6,Design,High
7862,2025-12-17,2025-12-29,563.1,1.0,100,2,Documentation,Critical
7863,2026-09-01,2026-08-28,26.9,8.0,9,2,Documentation,High
7864,2026-01-18,2026-02-08,8.7,8.0,100,10,Design,Critical
7865,2026-02-02,2026-03-20,37.5,,3,6,DEV,Low
7866,2026-03-07,2026-04-04,419.0,,6,1,Development,Low
7867,2026-07-05,2026-07-10,21.9,8.0,3,9,Design,Medium
7868,2026-08-11,2026-09-23,14.8,5.0,8,3,Design,Medium
7869,2025-12-25,2025-12-26,12.5,8.0,5,-3,Documentation,Critical
7870,2025-11-10,2026-01-07,17.4,10.0,2,2,Design,Medium
7871,2026-06-06,2026-06-13,27.3,9.0,7,9,Other,High
7872,2026-06-05,2026-07-29,25.7,8.0,2,10,Development,Medium
7873,2026-02-25,2026-04-21,9.7,4.0,10,10,Testing,High
7874,2026-04-18,2026-06-03,19.3,4.0,10,4,Development,Medium
7875,2026-04-23,2026-06-10,38.8,6.0,10,9,Design,High
7876,2025-09-18,2025-09-28,37.4,7.0,8,7,Testing,High
7877,2026-07-31,2026-09-04,29.8,0.0,5,5,Development,Low
7878,2026-05-22,2026-05-25,35.9,10.0,6,9,Documentation,High
7879,2026-07-11,2026-07-08,10.2,7.0,1,-1,Documentation,Low
7880,2025-09-26,2025-10-23,37.9,9.0,9,9,Other,Critical
7881,2025-09-17,2025-10-16,2.3,5.0,6,4,Documentation,Medium
7882,2026-02-03,2026-04-04,10.5,5.0,2,6,Development,Low
7883,2026-01-03,2026-02-25,20.2,4.0,4,3,Development,Low
7884,2026-01-22,2026-03-06,5.4,8.0,7,8,Other,Low
7885,2026-01-23,2026-02-11,34.1,2.0,5,3,Documentation,Low
7886,2025-09-12,2025-09-18,31.7,3.0,10,2,Testing,Medium
7887,2026-08-02,2026-08-07,13.3,,2,4,Documentation,Low
7888,2026-05-31,2026-06-03,2.7,-1.0,9,7,Documentation,Low
7889,2026-02-12,2026-02-07,26.6,9.0,7,8,Development,High
7890,2026-05-14,2026-05-28,34.2,9.0,5,5,Development,High
7891,2026-04-10,2026-05-17,6.4,10.0,5,9,Testing,High
7892,2026-06-01,2026-06-10,5.6,4.0,8,6,Design,Medium
7893,2026-01-28,2026-03-14,8.3,10.0,5,-3,Other,Medium
7894,2025-09-14,2025-10-23,14.2,3.0,1,5,Development,Low
7895,2026-06-08,2026-06-21,16.9,6.0,8,10,,High
7896,2026-03-15,2026-03-20,39.6,0.0,3,9,Testing ,Low
7897,2026-06-22,2026-08-10,24.4,6.0,1,3,Testing,Low
7898,2026-04-09,2026-05-20,7.4,8.0,3,0,Design,Medium
7899,2026-05-14,2026-07-01,36.9,3.0,7,1,Testing,Low
7900,2026-02-22,2026-02-27,11.9,9.0,8,1,Other,High
7901,2026-06-10,2026-07-03,2.5,3.0,2,6,Development,Low
7902,2026-05-08,2026-07-05,17.8,3.0,12,-4,Testing,Medium
7903,2025-09-21,2025-10-16,22.0,2.0,2,4,development,Low
7904,2026-04-02,2026-03-31,32.4,2.0,8,9,doc,Medium
7905,2026-02-12,2026-03-02,24.5,3.0,3,7,Design,Low
7906,2025-11-20,2026-01-17,21.2,8.0,2,4,Development,Medium
7907,2025-11-11,2025-11-20,3.2,6.0,2,3,Development,Low
7908,2026-05-27,2026-07-03,26.4,1.0,6,5,Other,Low
7909,2026-02-18,2026-02-28,29.3,10.0,6,9,Documentation,High
7910,2026-08-26,2026-10-25,1.8,10.0,2,7,Documentation,High
7911,2026-04-06,2026-05-09,32.7,1.0,7,7,Testing,Critical
7912,2026-03-24,2026-04-18,32.2,1.0,5,8,Documentation,Low
7913,2026-09-08,2026-08-29,33.5,8.0,5,9,Other,Low
7914,2025-12-14,2026-01-09,17.5,9.0,12,0,Development,High
7915,2025-11-19,2025-12-26,22.0,10.0,4,3,Testing,Medium
7916,2026-05-23,2026-05-31,15.0,6.0,2,5,Design,Low
7917,2026-05-27,2026-07-13,35.0,4.0,2,5,Documentation,Low
7918,2026-04-01,2026-05-14,3.9,10.0,9,3,Other,High
7919,2026-08-24,2026-10-17,23.2,3.0,6,-2,Testing,Low
7920,2026-07-12,2026-08-10,7.2,7.0,6,10,Development,High
7921,2025-11-12,2025-12-22,39.6,15.0,7,2,Other,Critical
7922,2026-03-04,2026-04-08,23.6,2.0,3,-1,Other,Low
7923,2026-03-07,2026-03-09,26.9,4.0,4,10,development,Medium
7924,2025-10-31,2025-11-28,13.3,5.0,3,7,Other,Medium
7925,2025-11-06,2025-12-10,13.5,6.0,1,0,Development,Medium
7926,2026-01-27,2026-02-21,1.1,6.0,7,0,development,Medium
7926,2026-01-27,2026-02-21,1.1,6.0,7,0,development,Medium
7928,2025-12-26,2026-01-15,21.6,5.0,4,7,Documentation,Medium
7929,2026-06-03,2026-07-01,7.8,2.0,8,7,Other,Medium
7930,2026-07-30,2026-09-15,4.2,,8,6,Design,Low
7931,2026-03-29,2026-04-19,20.8,5.0,3,6,Development,Medium
7932,2026-07-17,2026-07-14,29.3,8.0,10,5,Testing,High
7933,2025-10-14,2025-10-29,34.4,9.0,8,4,Testing,High
7934,2025-11-30,2025-12-20,12.6,-1.0,10,2,,Low
7935,2026-08-27,2026-10-12,2.7,8.0,1,1,development,Low
7936,2026-05-14,2026-07-02,23.5,7.0,6,2,Design,Medium
7937,2026-07-04,2026-07-22,9.9,4.0,0,9,Other,Low
7938,2025-10-16,2025-12-10,36.4,10.0,9,2,Other,High
7939,2026-04-16,2026-05-01,1.7,8.0,3,0,Design,Medium
7940,2026-06-03,2026-06-09,933.6,8.0,6,7,Testing,High
7941,2026-05-30,2026-06-12,34.6,9.0,2,6,Design,Medium
7942,2025-10-31,2025-12-02,,7.0,4,9,Development,Medium
7943,2026-02-03,2026-02-14,11.2,7.0,5,5,Development,Medium
7944,2025-12-14,2026-02-02,31.9,1.0,10,1,Development,Low
7945,2026-05-10,2026-06-20,32.6,10.0,2,8,Design,High
7946,2026-04-05,2026-05-04,3.3,6.0,4,10,Design,Medium
7947,2026-05-28,2026-07-10,,4.0,2,5,development,Low
7948,2025-10-03,2025-10-13,24.9,4.0,5,0,Documentation,Low
7949,2026-06-13,2026-07-13,6.2,4.0,3,5,Development,Low
7950,2026-08-01,2026-08-02,29.9,2.0,4,9,Development,Low
7950,2026-08-01,2026-08-02,29.9,2.0,4,9,Development,Low
7952,2026-09-01,2026-09-16,403.3,8.0,3,2,Testing,Medium
7953,2025-11-07,2025-11-23,31.6,-1.0,6,5,Other,Low
7954,2025-11-28,2026-01-19,12.0,6.0,4,1,development,Low
7955,2025-09-16,2025-09-30,23.6,3.0,8,5,Documentation,Medium
7956,2026-06-01,2026-06-23,35.9,,5,-1,Testing,Low
7957,2026-01-21,2026-03-19,943.4,4.0,1,2,Development,Low
7958,2025-11-06,2025-12-14,28.6,5.0,2,3,Other,Low
7959,2026-02-06,2026-03-25,37.7,8.0,3,4,Other,Medium
7960,2026-04-21,2026-05-03,7.8,0.0,10,1,Development,Low
7961,2026-07-18,2026-08-19,833.2,6.0,5,10,Development,Medium
7962,2026-07-11,2026-08-16,12.4,3.0,4,0,Design,Low
7963,2026-04-07,2026-05-09,35.5,7.0,8,1,Development,Medium
7964,2026-04-21,2026-05-29,8.1,4.0,10,5,Testing,Medium
7965,2026-09-09,2026-09-30,,8.0,3,9,Other,Medium
7966,2025-11-24,2026-01-15,16.5,4.0,9,10,development,High
7967,2026-07-27,2026-08-16,,7.0,9,3,Other,High
7968,2025-11-12,2025-12-19,10.8,5.0,10,4,Other,Medium
7969,2025-12-18,2025-12-13,3.3,,6,5,Testing,Low
7970,2025-11-08,2025-12-05,35.7,6.0,4,10,Documentation,Medium
7971,2026-01-10,2026-01-02,3.6,0.0,5,6,Other,Medium
7972,2026-01-12,2026-02-19,18.4,8.0,9,1,Testing,High
7973,2026-03-04,2026-04-13,27.7,9.0,4,0,Development,Medium
7974,2026-02-13,2026-04-06,29.1,9.0,1,1,Documentation,Medium
7975,2025-11-13,2025-11-20,7.8,1.0,10,6,Documentation,Medium
7976,2026-08-17,2026-09-25,,6.0,2,8,Other,High
7977,2026-08-13,2026-09-09,36.6,2.0,6,6,Design,Low
7978,2026-01-30,2026-03-11,32.1,9.0,7,0,Other,Medium
7979,2026-02-27,2026-04-03,32.5,0.0,6,0,Design,Low
7980,2025-12-28,2026-01-27,36.0,9.0,100,2,Design,Critical
7981,2025-12-13,2026-02-07,17.1,2.0,3,8,Testing,Low
7982,2026-07-12,2026-08-29,1.3,2.0,8,5,Development,Medium
7983,2026-07-21,2026-08-24,11.2,10.0,0,6,Design,Medium
7984,2025-11-05,2026-01-03,830.9,4.0,2,-5,Development,Critical
7985,2025-11-26,2026-01-10,4.9,7.0,4,10,Documentation,Critical
7986,2025-11-24,2026-01-15,1.3,5.0,1,6,doc,High
7987,2026-04-03,2026-05-25,11.0,10.0,100,0,doc,Critical
7988,2026-09-01,2026-09-18,220.0,2.0,6,-2,Design,Low
7989,2026-08-14,2026-09-07,14.0,-1.0,5,9,Design,Low
7990,2026-02-18,2026-03-21,6.4,5.0,2,7,Testing,Medium
7991,2025-11-06,2026-01-03,5.0,3.0,4,10,Testing,Medium
7992,2026-07-10,2026-08-12,13.4,2.0,1,3,Documentation,Low
7993,2025-12-05,2025-11-25,8.5,9.0,4,4,Testing,Medium
7994,2026-02-07,2026-03-02,4.1,10.0,100,10,Design,Critical
7995,2026-01-19,2026-03-16,18.8,3.0,7,-1,development,Low
7996,2025-10-31,2025-11-23,15.1,2.0,4,2,Development,Low
7997,2026-01-24,2026-02-27,20.5,1.0,3,4,Design,Low
7998,2026-02-21,2026-03-04,18.1,3.0,10,5,Documentation,Medium
7999,2026-08-25,2026-10-03,22.0,6.0,10,1,,Medium
8000,2026-04-20,2026-05-19,20.7,6.0,5,10,Other,Medium
8001,2026-07-26,2026-09-05,8.4,4.0,5,6,Development,Medium
8002,2026-03-11,2026-05-01,9.9,4.0,2,9,Documentation,Medium
8003,2025-10-29,2025-12-16,34.3,2.0,5,9,Design,Medium
8004,2026-02-24,2026-04-17,29.6,10.0,4,3,Documentation,Medium
8005,2026-03-03,2026-04-13,262.5,5.0,7,5,Documentation,Critical
8006,2026-07-05,2026-07-28,,3.0,12,7,DEV,High
8007,2026-01-01,2026-02-26,683.2,2.0,2,9,Other,Medium
8008,2025-11-04,2025-12-01,28.3,8.0,1,2,Other,Low
8009,2026-07-27,2026-09-18,301.6,11.0,1,1,Design,Medium
8010,2026-06-17,2026-07-22,27.2,-1.0,9,10,Testing ,Medium
8011,2026-04-26,2026-06-22,,10.0,1,5,Design,High
8012,2026-04-19,2026-05-13,11.3,5.0,3,-5,Testing,Low
8013,2026-08-14,2026-09-29,17.1,7.0,8,2,Testing,Medium
8014,2026-01-15,2026-01-17,851.2,6.0,9,3,Other,Medium
8015,2026-02-20,2026-02-28,0.7,3.0,2,7,Documentation,Low
8016,2026-04-23,2026-05-21,6.0,10.0,2,9,Design,High
8017,2025-12-24,2026-01-28,27.4,7.0,7,2,Testing,Medium
8018,2026-03-05,2026-04-27,9.2,8.0,10,7,Testing,High
8019,2026-03-05,2026-03-23,24.8,2.0,2,10,Testing,Low
8020,2026-06-19,2026-07-09,13.7,8.0,10,10,Other,Critical
8021,2026-05-13,2026-06-15,21.8,,9,1,Development,Medium
8022,2026-04-17,2026-06-01,3.3,2.0,10,6,Design,Medium
8023,2026-06-17,2026-07-24,22.0,10.0,100,1,Testing,Critical
8024,2026-04-16,2026-05-23,15.7,6.0,7,3,Development,Medium
8025,2025-10-31,2025-11-29,34.2,8.0,7,8,Development,High
8026,2026-02-11,2026-03-01,20.7,2.0,9,2,Development,Low
8027,2025-11-02,2025-11-14,13.7,6.0,8,4,Design,Low
8028,2026-03-03,2026-04-22,3.0,1.0,3,4,Design,Low
8029,2026-01-08,2026-03-06,0.5,5.0,1,5,Other,Low
8030,2026-01-02,2026-01-05,38.4,8.0,4,3,Documentation,Medium
8031,2025-11-22,2026-01-03,11.5,6.0,5,10,Documentation,Medium
8032,2025-11-10,2025-11-25,30.9,3.0,6,10,Development,Medium
8033,2026-07-01,2026-08-28,20.9,3.0,7,0,Documentation,Low
8034,2026-03-20,2026-05-08,,9.0,9,7,Development,High
8034,2026-03-20,2026-05-08,,9.0,9,7,Development,High
8036,2026-05-31,2026-07-17,11.8,6.0,6,7,Development,Medium
8037,2026-09-04,2026-09-20,9.8,1.0,5,9,Testing,Low
8038,2026-01-29,2026-03-29,27.3,6.0,8,6,Development,High
8039,2026-02-13,2026-03-28,14.5,2.0,2,1,Other,Low
8040,2026-03-01,2026-03-25,14.7,9.0,3,4,Testing,Medium
8041,2025-09-24,2025-09-15,18.3,7.0,3,9,Design,Medium
8042,2026-03-26,2026-04-29,4.9,1.0,10,3,Development,Critical
8043,2026-06-03,2026-07-16,19.0,,1,9,Development,Low
8044,2026-07-15,2026-08-20,37.0,5.0,1,10,Other,Medium
8045,2026-07-28,2026-09-16,28.7,5.0,5,3,Design,Critical
8046,2025-10-04,2025-10-08,20.8,3.0,8,7,Documentation,Medium
8047,2026-05-18,2026-06-20,21.0,2.0,9,7,Documentation,Medium
8048,2026-04-22,2026-06-19,,2.0,10,0,Design,Low
8049,2026-09-08,2026-10-02,6.4,7.0,5,8,Other,Medium
8050,2025-12-05,2026-01-24,498.1,5.0,6,3,Testing,Medium
8051,2026-01-15,2026-03-08,6.5,11.0,4,10,Testing,High
8052,2026-06-02,2026-07-06,32.7,6.0,5,8,Design,Medium
8053,2026-04-17,2026-06-02,25.6,11.0,1,7,Testing,Critical
8054,2026-06-27,2026-07-08,32.4,5.0,1,7,Design,Low
8055,2026-01-23,2026-03-17,30.8,5.0,5,10,DEV,Medium
8056,2026-03-04,2026-03-26,4.2,9.0,3,8,Documentation,High
8057,2026-06-04,2026-06-05,8.9,5.0,8,9,development,High
8058,2026-06-26,2026-07-24,25.3,,1,1,Other,Low
8059,2025-12-17,2026-02-06,25.3,9.0,1,2,Testing,Medium
8060,2026-06-11,2026-06-28,37.5,2.0,12,3,Other,Medium
8061,2026-03-17,2026-04-25,3.1,1.0,7,5,Testing,Low
8062,2025-10-11,2025-10-30,37.1,1.0,10,8,Other,Medium
8063,2026-02-23,2026-03-21,27.0,4.0,8,1,Testing,Medium
8064,2026-01-03,2026-01-30,25.5,8.0,3,9,Other,Medium
8065,2026-04-16,2026-05-27,10.0,4.0,6,10,Design,Medium
8066,2026-04-04,2026-04-29,31.0,2.0,10,7,Design,Medium
8067,2026-01-09,2026-02-15,14.2,2.0,4,9,Development,Low
8068,2026-05-27,2026-06-08,28.1,2.0,6,5,Testing,Low
8069,2026-05-10,2026-06-13,37.0,9.0,7,3,Design,High
8070,2025-12-21,2026-02-17,12.0,2.0,3,7,DEV,Low
8071,2026-05-10,2026-05-16,36.1,8.0,6,6,Design,High
8072,2025-09-18,2025-10-08,23.0,8.0,7,6,Development,High
8073,2026-07-15,2026-08-08,29.2,8.0,6,7,Development,High
8074,2026-03-13,2026-04-15,6.0,9.0,1,10,Other,Medium
8075,2026-02-28,2026-04-14,36.1,5.0,1,8,Development,Low
8076,2026-08-29,2026-10-07,15.4,10.0,6,-4,Other,Medium
8076,2026-08-29,2026-10-07,15.4,10.0,6,-4,Other,Medium
8078,2026-06-11,2026-06-30,31.7,3.0,12,3,Testing,Medium
8079,2026-05-18,2026-06-03,19.1,10.0,1,6,Testing ,Medium
8080,2026-02-27,2026-03-10,,2.0,10,0,Other,Low
8081,2026-04-12,2026-04-08,26.9,8.0,9,10,Development,High
8082,2025-12-02,2026-01-23,21.6,4.0,6,2,Other,Low
8083,2026-09-10,2026-10-20,16.1,2.0,9,6,Other,Medium
8084,2026-07-16,2026-08-25,7.2,5.0,10,1,Development,Medium
8085,2025-10-02,2025-10-31,4.8,,4,5,Testing ,Low
8086,2026-01-16,2026-02-12,34.3,6.0,8,8,Development,High
8087,2026-01-11,2026-01-21,32.5,9.0,4,5,Development,Medium
8088,2026-04-28,2026-06-12,39.7,4.0,2,9,Development,Medium
8089,2026-07-02,2026-07-06,38.5,6.0,8,1,Testing,Medium
8090,2026-09-05,2026-09-09,4.7,6.0,8,8,Design,High
8091,2026-07-23,2026-08-30,18.2,8.0,1,9,Development,Medium
8092,2026-09-06,2026-10-15,19.1,3.0,9,4,Design,High
8093,2026-03-16,2026-04-10,12.1,10.0,8,10,Testing,Critical
8094,2026-01-27,2026-03-28,33.2,3.0,100,4,Testing,Critical
8095,2025-10-15,2025-10-24,13.2,5.0,5,4,Other,Medium
8096,2026-01-25,2026-02-10,,10.0,7,4,Documentation,Low
8096,2026-01-25,2026-02-10,,10.0,7,4,Documentation,Low
8098,2026-02-08,2026-04-03,19.8,1.0,8,5,Development,Low
8099,2026-01-22,2026-03-20,34.4,2.0,7,0,doc,Low
8100,2025-10-25,2025-12-11,1.4,5.0,8,5,Development,Medium
8101,2026-09-04,2026-09-02,36.0,9.0,5,6,Design,High
8102,2026-03-14,2026-03-31,16.1,1.0,4,-3,  Design,Low
8103,2025-10-14,2025-11-02,12.6,6.0,6,10,,High
8104,2026-07-24,2026-08-19,5.6,8.0,9,6,Development,High
8105,2025-12-26,2026-02-17,8.8,10.0,6,0,Other,Medium
8106,2026-02-23,2026-03-12,37.6,7.0,4,9,Testing,Medium
8107,2025-12-14,2026-01-19,294.7,-1.0,10,4,Testing,Low
8108,2026-07-13,2026-07-12,16.7,10.0,3,-4,Documentation,Medium
8109,2026-08-12,2026-08-29,10.2,15.0,10,1,DEV,Critical
8110,2026-08-17,2026-10-03,19.7,2.0,4,3,Testing,Low
8111,2026-02-04,2026-03-25,18.4,6.0,10,10,Documentation,High
8111,2026-02-04,2026-03-25,18.4,6.0,10,10,Documentation,High
8113,2026-08-01,2026-08-07,,,100,7,Development,Critical
8114,2025-12-31,2026-02-16,27.7,,10,1,  Design,Low
8115,2026-06-10,2026-07-25,16.2,3.0,7,9,Design,Medium
8116,2026-05-26,2026-07-06,18.0,10.0,6,6,DEV,High
8117,2026-08-23,2026-08-27,7.1,6.0,4,4,Design,Medium
8118,2025-11-03,2025-11-26,17.8,5.0,4,1,Documentation,Low
8119,2026-01-21,2026-03-11,3.3,5.0,10,1,Testing,Medium
8120,2025-09-26,2025-10-10,22.2,5.0,4,-3,Documentation,Low
8121,2025-11-23,2025-12-14,38.2,7.0,4,10,Testing,High
8122,2026-01-14,2026-02-16,12.6,4.0,2,3,Documentation,Low
8123,2026-08-30,2026-10-17,687.0,,6,5,Other,Low
8124,2026-02-02,2026-03-23,20.8,5.0,2,7,Other,Medium
8125,2026-02-27,2026-03-19,39.1,3.0,1,0,Design,Low
8126,2026-08-14,2026-08-19,,3.0,3,1,Documentation,Low
8127,2026-05-20,2026-07-08,17.0,1.0,2,6,Other,Low
8128,2026-09-08,2026-10-01,33.9,4.0,3,1,Other,Low
8129,2026-05-16,2026-05-10,849.5,5.0,2,0,Testing,Low
8130,2025-12-10,2026-01-12,19.7,8.0,2,5,Testing,Medium
8131,2026-07-24,2026-09-17,28.6,4.0,9,8,Development,Medium
8132,2026-03-02,2026-03-10,39.8,5.0,6,10,Development,Medium
8133,2025-11-10,2025-12-12,15.1,6.0,4,7,Design,Medium
8134,2026-07-01,2026-08-30,31.9,,7,0,Other,Low
8135,2026-08-21,2026-08-23,27.0,7.0,3,-1,Other,Low
8136,2026-07-09,2026-07-17,625.9,10.0,3,10,Testing,High
8137,2026-04-15,2026-04-06,7.9,7.0,8,4,Development,High
8138,2025-11-28,2025-12-26,10.0,6.0,4,4,Testing,Medium
8139,2025-10-05,2025-11-20,31.3,5.0,7,6,Development,Medium
8140,2026-02-08,2026-03-19,17.9,5.0,5,2,Other,Low
8141,2025-11-14,2025-12-24,15.5,1.0,4,5,Design,Low
8142,2025-09-23,2025-10-24,38.2,5.0,10,2,Development,Medium
8143,2026-04-30,2026-06-16,35.2,7.0,2,2,Other,Low
8144,2025-11-10,2025-11-09,5.5,5.0,9,9,Other,High
8145,2026-02-19,2026-02-26,22.3,9.0,4,3,Development,Medium
8146,2026-02-20,2026-04-07,19.5,7.0,3,2,Documentation,Medium
8147,2025-10-19,2025-10-27,6.4,,4,8,Testing,Low
8148,2025-11-10,2025-12-23,38.8,5.0,7,9,Documentation,Medium
8149,2026-03-04,2026-04-24,29.3,9.0,1,8,Documentation,Medium
8150,2026-09-02,2026-10-13,20.3,6.0,2,9,Testing,Medium
8151,2025-12-22,2026-01-15,20.0,3.0,8,9,Other,Medium
8152,2026-09-10,2026-10-03,37.0,6.0,7,7,Documentation,Medium
8153,2025-12-08,2025-12-19,6.7,3.0,6,8,Testing,Medium
8154,2026-01-11,2026-02-10,2.3,5.0,7,1,Development,Medium
8155,2025-12-12,2026-01-29,39.4,5.0,3,1,Development,Low
8156,2026-08-09,2026-09-22,2.0,2.0,7,8,Testing,Medium
8157,2026-02-13,2026-02-20,13.1,7.0,3,2,Other,Medium
8158,2026-04-05,2026-04-20,3.0,4.0,9,-5,Documentation,Low
8159,2026-05-06,2026-05-29,1.0,8.0,5,1,Testing,Medium
8160,2026-05-22,2026-06-10,23.4,7.0,9,4,Testing,High
8161,2025-12-12,2026-01-05,31.1,4.0,3,10,Documentation,Medium
8161,2025-12-12,2026-01-05,31.1,4.0,3,10,Documentation,Medium
8163,2026-06-05,2026-06-25,6.6,3.0,5,8,Development,Medium
8164,2026-07-06,2026-09-03,369.0,4.0,3,7,Testing,Low
8165,2026-09-09,2026-11-04,10.2,4.0,10,7,Documentation,High
8166,2026-06-01,2026-07-25,3.8,6.0,2,-4,Other,Low
8167,2025-11-14,2025-12-10,30.0,2.0,9,2,Design,Low
8168,2026-04-22,2026-06-09,11.8,10.0,7,6,Documentation,High
8169,2026-02-16,2026-02-28,33.9,7.0,2,7,Documentation,Medium
8170,2026-04-11,2026-05-29,38.0,10.0,6,2,Testing,High
8171,2025-09-14,2025-10-22,32.2,1.0,4,6,Design,Low
8172,2026-06-19,2026-07-08,16.2,5.0,1,10,DEV,Medium
8173,2026-03-30,2026-04-01,38.6,2.0,9,5,Other,Medium
8174,2026-06-15,2026-08-06,26.7,8.0,9,9,Design,High
8175,2026-08-12,2026-09-14,19.5,,4,1,Testing,Low
8176,2026-08-03,2026-09-22,16.9,4.0,9,5,Development,Medium
8177,2026-03-10,2026-05-05,2.6,6.0,12,6,Testing,High
8178,2025-10-02,2025-10-03,35.9,7.0,2,6,Other,Medium
8179,2026-01-10,2026-01-30,484.1,11.0,12,4,Design,Critical
8180,2026-02-18,2026-02-28,25.9,4.0,1,10,Other,Low
8181,2025-10-20,2025-11-05,736.5,5.0,7,-4,development,Low
8182,2025-11-27,2026-01-04,35.8,7.0,5,3,Other,Medium
8183,2025-12-09,2025-12-13,14.6,4.0,7,2,Testing,Medium
8184,2025-10-29,2025-12-04,38.1,-1.0,7,-5,Design,Low
8185,2025-10-30,2025-11-22,4.2,4.0,1,7,Other,Low
8186,2026-08-27,2026-10-08,,8.0,10,-2,Development,Medium
8187,2026-02-28,2026-04-24,30.4,8.0,9,6,Documentation,High
8188,2026-08-04,2026-09-29,10.9,10.0,1,3,Documentation,Medium
8189,2026-02-22,2026-04-17,16.4,8.0,7,3,Development,Medium
8190,2026-06-07,2026-06-20,10.6,8.0,8,5,Testing,High
8191,2026-05-29,2026-07-10,18.1,8.0,6,7,Testing ,High
8192,2025-09-13,2025-09-17,38.5,3.0,8,5,Other,Medium
8193,2026-01-21,2026-01-29,35.3,2.0,3,8,Other,Low
8194,2026-07-30,2026-08-21,20.2,9.0,9,10,Testing,Critical
8195,2026-02-22,2026-03-01,25.3,1.0,10,8,,Medium
8196,2025-12-26,2026-02-12,33.2,4.0,7,1,Other,Low
8197,2026-05-07,2026-05-08,6.0,,8,7,Other,Low
8198,2026-05-13,2026-06-11,23.8,2.0,9,5,Design,Medium
8199,2025-09-16,2025-10-05,37.8,5.0,6,8,Design,Medium
8200,2025-11-17,2025-11-14,19.7,3.0,8,3,Other,Medium
8201,2026-07-06,2026-08-15,20.0,1.0,4,7,Other,Low
8202,2025-12-23,2026-01-23,18.8,10.0,3,-4,Other,Medium
8203,2026-05-12,2026-07-06,33.3,9.0,4,0,Testing,Medium
8204,2026-03-01,2026-02-21,20.1,,4,9,Development,Low
8205,2026-08-18,2026-08-26,38.3,10.0,5,1,Design,Medium
8206,2025-11-05,2025-11-15,28.0,1.0,9,3,Design,Low
8207,2026-01-19,2026-01-12,25.9,2.0,6,3,Documentation,Low
8208,2026-01-15,2026-03-06,22.1,1.0,4,6,Testing ,Medium
8209,2026-05-06,2026-06-29,,3.0,2,9,Design,Low
8210,2025-09-23,2025-11-22,19.5,4.0,9,4,Other,Medium
8211,2026-07-24,2026-08-29,7.6,8.0,8,8,Other,High
8212,2026-05-31,2026-06-02,30.8,,8,10,Development,Low
8213,2026-03-09,2026-04-09,12.7,11.0,12,10,Development,Critical
8214,2026-09-02,2026-10-13,12.7,6.0,4,3,Testing,Medium
8215,2025-11-04,2025-11-15,30.0,7.0,6,3,Documentation,Medium
8216,2025-09-18,2025-09-20,26.6,8.0,3,10,Development,High
8217,2026-08-05,2026-09-23,19.4,15.0,6,1,Testing,Critical
8218,2025-10-04,2025-11-26,22.3,10.0,7,1,Testing,High
8218,2025-10-04,2025-11-26,22.3,10.0,7,1,Testing,High
8220,2025-10-24,2025-12-07,8.6,7.0,6,8,Development,High
8221,2026-01-01,2026-02-03,12.2,2.0,8,5,Testing,Medium
8222,2025-10-12,2025-11-15,18.1,6.0,2,3,  Design,Low
8223,2026-03-17,2026-03-29,27.3,10.0,6,4,Testing,High
8224,2026-02-04,2026-03-19,17.7,3.0,1,2,Other,Low
8225,2026-05-11,2026-07-04,9.4,7.0,2,5,Other,High
8226,2026-05-02,2026-06-28,1.2,4.0,4,-4,Design,Low
8227,2026-08-08,2026-08-10,13.0,9.0,3,3,Testing,Medium
8228,2026-08-18,2026-08-19,37.1,,8,6,Development,Low
8229,2025-10-14,2025-10-28,28.6,10.0,2,10,Testing ,High
8230,2026-04-24,2026-06-16,7.6,10.0,8,-5,Other,Medium
8231,2025-10-22,2025-11-30,1.2,9.0,2,4,Documentation,Medium
8232,2026-08-09,2026-09-28,11.5,7.0,2,6,Other,Medium
8233,2026-02-03,2026-02-21,22.7,6.0,5,2,Documentation,Medium
8234,2026-05-31,2026-07-18,657.6,8.0,3,10,Testing,High
8235,2026-06-28,2026-07-09,7.4,5.0,9,8,Other,High
8235,2026-06-28,2026-07-09,7.4,5.0,9,8,Other,High
8237,2026-06-26,2026-08-03,,-1.0,4,3,Other,Low
8238,2026-05-23,2026-05-24,26.2,,8,-3,Design,Low
8239,2026-02-07,2026-04-01,28.6,5.0,10,9,Testing,High
8240,2026-07-07,2026-07-12,10.8,4.0,2,5,Testing,Low
8241,2026-07-28,2026-08-31,,8.0,6,10,Documentation,High
8242,2026-04-06,2026-06-01,20.0,10.0,2,6,Documentation,Medium
8243,2025-12-02,2025-12-10,30.8,6.0,10,8,Testing,High
8244,2026-08-03,2026-10-02,2.5,7.0,7,5,Design,Medium
8245,2025-11-05,2026-01-03,20.9,9.0,3,9,DEV,High
8246,2026-04-05,2026-04-11,770.4,,8,5,Documentation,Low
8247,2026-05-19,2026-07-07,39.3,4.0,1,9,Design,Low
8248,2026-02-28,2026-03-04,22.9,8.0,6,3,Testing,Medium
8249,2025-09-26,2025-11-03,0.8,8.0,5,1,Testing,Medium
8250,2025-10-23,2025-11-13,28.4,1.0,9,5,Development,Medium
8251,2026-06-14,2026-07-21,4.8,1.0,7,0,Development,Low
8252,2026-08-17,2026-09-22,4.6,9.0,9,6,Development,High
8253,2026-05-04,2026-05-07,25.2,6.0,2,6,Other,Medium
8254,2026-02-26,2026-04-05,23.6,7.0,3,7,Other,Medium
8255,2026-04-15,2026-05-28,34.2,2.0,10,5,Documentation,Medium
8256,2026-01-09,2026-03-04,654.7,6.0,4,4,Documentation,Medium
8257,2026-03-14,2026-03-24,37.9,8.0,3,8,Other,Medium
8258,2026-06-08,2026-07-03,14.6,8.0,4,9,Other,High
8259,2026-06-11,2026-06-26,9.6,8.0,5,10,Other,High
8260,2025-12-12,2025-12-19,20.8,2.0,1,8,Other,Critical
8261,2026-01-27,2026-02-05,,8.0,6,6,Testing ,High
8262,2026-05-18,2026-06-26,14.5,,2,4,Testing,Low
8263,2026-03-30,2026-05-09,782.0,3.0,2,3,Testing,Low
8264,2026-03-06,2026-03-11,,,2,5,Development,Low
8265,2026-05-20,2026-07-04,9.0,,9,3,Testing ,Low
8266,2026-07-26,2026-08-26,11.1,9.0,10,4,doc,Low
8267,2026-04-24,2026-05-18,,5.0,2,-3,Other,Low
8268,2026-09-05,2026-10-08,15.5,,8,10,Testing,Low
8269,2026-05-10,2026-06-14,2.6,5.0,7,9,Other,Medium
8270,2026-03-09,2026-04-06,942.6,9.0,9,4,Testing,High
8271,2025-12-08,2026-02-02,36.3,2.0,5,10,Design,Medium
8272,2025-10-11,2025-11-10,12.3,1.0,5,4,Design,Low
8273,2025-10-16,2025-12-11,35.8,7.0,7,3,Documentation,Medium
8274,2026-08-01,2026-08-21,37.8,8.0,6,5,Testing,High
8275,2026-09-05,2026-09-29,11.5,1.0,4,8,Design,Low
8276,2026-08-22,2026-09-21,8.4,7.0,6,5,Testing,Medium
8277,2025-12-28,2026-01-14,5.8,9.0,6,6,Development,High
8278,2026-05-23,2026-06-03,32.3,3.0,1,6,Documentation,Low
8279,2026-07-05,2026-07-15,18.8,1.0,100,1,Development,Critical
8280,2026-07-20,2026-07-29,,0.0,1,4,Design,Low
8281,2025-11-12,2025-12-03,30.0,6.0,5,0,doc,Low
8282,2025-12-16,2026-01-16,36.1,10.0,9,3,Testing,High
8283,2025-11-05,2025-12-07,1.6,9.0,3,7,Testing,Medium
8284,2026-05-08,2026-07-04,19.8,6.0,9,10,Documentation,High
8285,2026-07-28,2026-08-15,23.7,8.0,2,4,Testing,Medium
8286,2025-10-06,2025-10-11,35.4,9.0,10,8,Design,Critical
8287,2026-01-03,2026-02-08,4.8,8.0,3,10,Development,High
8287,2026-01-03,2026-02-08,4.8,8.0,3,10,Development,High
8289,2026-02-20,2026-04-01,23.6,1.0,4,6,Testing,Low
8290,2025-09-26,2025-11-23,25.8,10.0,8,6,doc,Low
8291,2025-10-04,2025-10-19,29.8,4.0,7,0,Development,Low
8292,2026-07-01,2026-08-10,32.2,3.0,6,7,Design,Medium
8293,2026-05-08,2026-05-28,13.1,5.0,3,8,Other,Medium
8294,2026-06-01,2026-06-19,36.3,11.0,10,9,Testing,Critical
8294,2026-06-01,2026-06-19,36.3,11.0,10,9,Testing,Critical
8296,2026-04-30,2026-05-12,36.9,8.0,7,0,Other,Medium
8297,2025-12-06,2025-12-27,24.7,-1.0,6,3,Other,Low
8298,2026-06-05,2026-08-04,25.7,5.0,2,4,Development,Low
8299,2026-06-15,2026-06-30,3.1,6.0,9,5,Development,High
8300,2026-07-26,2026-08-03,33.9,9.0,10,7,Development,Critical
8301,2026-01-10,2026-02-19,16.5,4.0,10,9,Documentation,High
8302,2025-11-08,2025-12-07,15.8,10.0,1,2,Documentation,Medium
8303,2026-08-24,2026-10-21,26.2,6.0,4,3,Other,Medium
8304,2026-05-04,2026-05-08,25.4,3.0,7,7,Design,Medium
8305,2025-10-21,2025-10-29,34.4,6.0,9,1,Other,Medium
8306,2026-02-04,2026-03-15,31.7,7.0,5,3,Documentation,Medium
8307,2026-03-01,2026-03-09,2.5,,2,1,Testing,Low
8308,2026-04-22,2026-05-04,27.3,10.0,8,4,,High
8309,2026-08-17,2026-09-25,18.8,15.0,2,1,Development,High
8310,2025-11-19,2025-12-07,3.3,10.0,9,8,Other,Critical
8311,2025-11-14,2025-11-30,5.7,10.0,100,1,Other,Critical
8312,2026-07-08,2026-07-20,24.9,2.0,2,10,Development,Low
8313,2025-12-24,2026-01-23,17.2,,6,7,Design,Low
8314,2026-05-12,2026-06-22,7.4,6.0,8,8,Design,High
8315,2025-12-19,2026-01-08,13.9,5.0,9,1,Other,Medium
8316,2026-04-28,2026-06-26,39.9,10.0,9,8,Other,Critical
8317,2026-03-17,2026-05-02,11.1,10.0,1,4,Other,Medium
8318,2026-06-27,2026-08-11,2.3,8.0,4,7,,Medium
8319,2025-10-10,2025-10-18,20.2,4.0,6,1,Development,Low
8320,2025-09-18,2025-10-20,5.4,7.0,3,-4,Development,Low
8321,2026-07-07,2026-09-05,20.9,5.0,1,6,doc,Low
8322,2026-05-16,2026-06-18,27.3,4.0,6,6,Documentation,Medium
8323,2026-04-20,2026-05-23,459.3,9.0,7,6,Documentation,High
8324,2026-01-14,2026-01-23,21.6,10.0,4,2,Design,Critical
8325,2025-09-25,2025-10-18,32.5,8.0,10,2,Testing,High
8326,2026-06-14,2026-06-17,20.7,4.0,8,5,Design,Medium
8327,2026-06-02,2026-05-26,37.0,5.0,5,9,Testing,Medium
8328,2026-08-26,2026-09-15,14.5,3.0,4,10,Other,Medium
8329,2026-02-05,2026-03-12,13.6,5.0,5,3,Other,Medium
8330,2026-08-01,2026-08-31,35.1,-1.0,6,8,Development,Low
8331,2025-10-13,2025-11-27,29.4,10.0,8,9,Design,Critical
8332,2026-04-25,2026-04-17,266.0,8.0,1,4,Testing,Medium
8333,2025-12-19,2026-02-05,34.4,1.0,1,9,Other,Low
8334,2026-01-31,2026-03-16,13.3,5.0,5,10,Other,Medium
8335,2026-05-16,2026-07-02,2.3,1.0,2,3,Other,Low
8336,2025-10-09,2025-10-29,29.5,15.0,5,7,Documentation,Critical
8337,2025-11-04,2025-11-20,9.9,-1.0,8,10,Testing,Medium
8338,2026-04-16,2026-06-14,19.5,9.0,3,3,Design,Medium
8339,2026-04-06,2026-06-05,16.5,7.0,10,8,Development,High
8340,2026-08-25,2026-10-17,9.2,4.0,9,9,DEV,High
8341,2026-09-06,2026-09-26,,5.0,10,0,Testing,Medium
8342,2026-07-30,2026-09-08,32.5,2.0,5,-2,Design,Low
8343,2026-07-20,2026-09-17,9.0,3.0,2,5,Other,Low
8344,2026-06-06,2026-06-07,9.6,6.0,3,8,Development,Medium
8345,2026-04-05,2026-05-14,14.1,10.0,8,6,Design,Medium
8346,2026-06-16,2026-07-10,29.8,1.0,6,0,Design,Low
8347,2025-12-30,2025-12-20,17.9,7.0,7,1,Testing,High
8348,2026-07-16,2026-08-11,15.9,0.0,8,10,Documentation,Medium
8349,2026-08-04,2026-08-10,26.4,1.0,3,0,Design,Low
8350,2025-12-11,2026-01-22,18.9,1.0,8,10,Development,Medium
8351,2025-10-29,2025-10-30,,1.0,7,0,Design,Low
8352,2025-12-17,2026-01-03,8.1,2.0,10,10,Testing,Medium
8353,2026-04-29,2026-04-19,13.3,10.0,7,6,Development,High
8354,2025-12-09,2026-01-30,6.8,8.0,8,1,Documentation,Medium
8355,2026-05-16,2026-07-04,8.5,1.0,2,3,Testing,Low
8356,2025-09-13,2025-11-05,14.8,10.0,9,10,Development,Critical
8357,2026-08-01,2026-08-14,13.6,9.0,2,4,Documentation,Medium
8358,2025-11-27,2025-12-09,27.5,6.0,3,8,Documentation,Medium
8359,2026-08-28,2026-09-05,22.6,1.0,6,4,Design,Low
8360,2025-12-13,2026-01-07,23.4,10.0,6,3,Testing,Critical
8361,2026-07-01,2026-08-16,755.6,4.0,1,8,  Design,Low
8362,2026-05-15,2026-07-06,38.7,4.0,5,3,development,Low
8363,2025-10-24,2025-10-19,7.3,9.0,100,9,Documentation,Critical
8364,2026-02-23,2026-04-01,26.9,1.0,6,6,Other,Low
8365,2025-12-20,2025-12-15,6.8,4.0,7,2,doc,Medium
8366,2026-04-18,2026-04-08,35.8,6.0,1,7,Documentation,Medium
8367,2026-06-12,2026-06-15,37.4,0.0,6,1,Testing,Low
8368,2026-02-07,2026-03-11,16.5,3.0,1,2,Documentation,Low
8369,2026-08-06,2026-09-24,10.6,10.0,10,9,Other,Critical
8370,2025-09-12,2025-09-15,16.9,3.0,8,2,Documentation,Medium
8371,2025-12-18,2026-01-19,33.4,5.0,5,5,Documentation,Medium
8372,2026-01-05,2026-01-21,27.0,10.0,5,1,Testing,Medium
8373,2026-05-22,2026-06-17,18.6,4.0,1,4,Design,Low
8374,2026-06-13,2026-06-27,28.0,2.0,10,0,Design,Low
8375,2026-08-23,2026-10-21,341.0,10.0,2,7,Development,High
8376,2026-01-17,2026-03-16,18.6,3.0,2,6,Documentation,Low
8377,2026-07-04,2026-07-13,31.7,5.0,7,9,Design,Medium
8378,2025-12-28,2026-01-06,12.7,2.0,1,7,DEV,Low
8379,2025-12-24,2026-02-15,2.9,5.0,9,4,Documentation,Medium
8380,2026-08-28,2026-09-10,634.3,6.0,4,5,Other,Medium
8381,2026-03-02,2026-05-01,4.9,,2,7,Other,Low
8382,2026-05-17,2026-06-12,26.5,10.0,3,8,Development,High
8383,2026-05-06,2026-05-09,4.0,7.0,9,5,Design,High
8384,2026-05-06,2026-05-12,32.2,6.0,5,2,Other,Medium
8385,2026-06-19,2026-07-13,33.2,6.0,5,9,Testing,Medium
8386,2026-01-28,2026-03-09,33.8,3.0,10,5,Testing,Medium
8387,2026-03-13,2026-04-24,18.9,5.0,3,10,Design,Medium
8388,2026-09-11,2026-10-28,13.4,8.0,4,2,Development,Medium
8389,2026-07-30,2026-08-23,22.5,7.0,7,9,Documentation,High
8390,2025-12-31,2026-01-15,20.6,3.0,5,0,Testing,Low
8391,2026-04-07,2026-05-23,24.3,8.0,5,-3,Documentation,Medium
8392,2026-07-05,2026-08-21,23.2,5.0,10,1,Development,Medium
8393,2026-04-15,2026-05-23,21.5,7.0,2,7,Design,Medium
8394,2026-05-23,2026-06-13,27.0,1.0,4,9,Development,Low
8395,2026-08-25,2026-09-09,21.7,6.0,9,7,Other,High
8396,2026-07-26,2026-07-18,12.1,7.0,8,0,Development,Medium
8397,2026-01-21,2026-03-18,27.8,10.0,7,6,Documentation,High
8398,2025-09-22,2025-10-14,9.3,10.0,5,1,Documentation,Medium
8399,2026-09-08,2026-10-05,35.5,5.0,8,-2,Documentation,Medium
8400,2025-11-04,2025-12-30,26.1,7.0,8,5,  Design,High
8401,2026-07-11,2026-09-02,10.2,6.0,7,8,Development,High
8402,2026-02-27,2026-04-07,10.9,2.0,3,2,Testing ,Low
8403,2026-07-24,2026-09-22,39.1,3.0,7,10,Documentation,Medium
8404,2025-09-12,2025-10-20,14.6,6.0,8,9,Design,High
8405,2026-06-03,2026-06-19,38.4,4.0,6,3,Development,Medium
8406,2026-07-23,2026-08-19,7.9,6.0,8,10,Documentation,High
8407,2025-09-20,2025-10-07,9.7,,0,9,Documentation,Low
8408,2026-08-31,2026-09-10,11.2,7.0,100,4,Other,Critical
8409,2026-01-24,2026-01-27,876.0,7.0,2,7,development,Medium
8410,2025-12-25,2026-01-08,,5.0,3,8,Development,Medium
8411,2026-08-04,2026-09-18,37.5,3.0,100,3,Development,Critical
8412,2026-07-27,2026-09-22,36.5,15.0,6,3,Design,Critical
8413,2025-10-19,2025-12-08,35.8,,6,9,Other,Low
8414,2025-12-03,2025-12-10,13.8,1.0,5,0,Design,Low
8415,2026-03-01,2026-04-19,38.0,6.0,3,2,Documentation,Low
8416,2026-02-21,2026-03-16,36.4,10.0,9,6,DEV,High
8417,2026-06-20,2026-07-26,4.1,15.0,1,9,Development,Critical
8418,2026-05-02,2026-06-24,11.9,1.0,4,9,Other,Low
8419,2026-01-26,2026-03-22,371.0,5.0,9,0,Development,Medium
8420,2026-08-27,2026-09-10,253.8,11.0,5,9,DEV,Medium
8421,2026-04-02,2026-04-15,7.3,8.0,2,10,Other,Medium
8422,2025-09-28,2025-11-11,10.4,-1.0,6,6,Testing,Critical
8423,2026-07-04,2026-08-04,10.7,5.0,5,5,Design,Medium
8424,2026-08-30,2026-09-23,19.0,7.0,1,4,Development,Low
8425,2025-09-21,2025-10-29,39.6,10.0,5,4,Testing,High
8426,2025-10-20,2025-11-26,2.1,6.0,3,3,development,Low
8427,2025-11-20,2025-12-31,8.4,9.0,2,1,Development,Medium
8428,2026-03-05,2026-04-19,1.0,9.0,7,7,Design,High
8429,2026-04-04,2026-04-21,19.4,7.0,9,6,Documentation,High
8430,2026-02-07,2026-04-05,16.1,6.0,7,0,Testing,Medium
8431,2025-12-29,2026-02-17,14.8,9.0,100,10,Documentation,Critical
8432,2026-03-04,2026-04-20,1.5,-1.0,1,0,Other,Low
8433,2025-12-31,2026-01-19,9.2,1.0,4,4,Development,Low
8434,2026-04-28,2026-06-23,5.8,10.0,5,6,Documentation,High
8435,2026-05-02,2026-06-04,16.5,4.0,8,0,Development,Medium
8436,2026-09-06,2026-08-30,,1.0,7,3,Testing,Low
8437,2026-03-23,2026-04-22,,6.0,10,4,Development,High
8438,2025-12-16,2026-01-05,7.3,7.0,9,8,Testing,Medium
8439,2025-10-15,2025-11-23,3.6,8.0,7,3,Development,Medium
8440,2026-04-24,2026-05-06,21.3,4.0,100,3,Testing,Critical
8441,2026-04-12,2026-05-30,24.6,5.0,3,8,Development,Medium
8441,2026-04-12,2026-05-30,24.6,5.0,3,8,Development,Medium
8443,2025-11-30,2026-01-19,40.0,,8,3,Development,Low
8444,2025-09-22,2025-10-12,23.1,1.0,10,6,,Medium
8445,2026-03-03,2026-04-08,36.5,7.0,5,10,Development,High
8446,2026-06-12,2026-07-09,27.0,8.0,0,7,Other,Medium
8447,2026-04-29,2026-06-13,37.9,3.0,2,7,Design,High
8448,2026-08-14,2026-09-23,21.9,5.0,1,3,Other,Low
8449,2026-03-22,2026-04-19,37.4,4.0,8,10,Design,High
8450,2026-05-18,2026-05-31,11.4,3.0,7,0,Testing,Low
8451,2025-12-14,2025-12-07,38.0,4.0,2,4,Other,Medium
8452,2025-12-28,2026-01-16,34.7,2.0,1,1,Other,Low
8453,2026-02-28,2026-04-15,10.7,6.0,1,6,DEV,Low
8454,2026-06-30,2026-07-11,33.8,8.0,2,2,Other,Medium
8455,2025-11-22,2025-12-18,14.4,3.0,7,7,Design,Medium
8456,2025-11-08,2026-01-02,,,8,10,Other,Low
8457,2026-01-09,2026-02-13,19.2,10.0,10,6,Documentation,Critical
8458,2025-12-28,2026-01-17,16.0,4.0,4,3,Development,Low
8459,2026-08-31,2026-09-19,35.8,7.0,9,1,,Medium
8459,2026-08-31,2026-09-19,35.8,7.0,9,1,,Medium
8461,2026-04-04,2026-05-24,35.2,4.0,12,10,Documentation,High
8462,2026-06-19,2026-07-13,22.7,10.0,2,10,Development,High
8463,2026-08-02,2026-08-23,2.4,15.0,4,0,Design,High
8464,2025-11-07,2026-01-05,5.1,1.0,3,1,Development,Low
8465,2026-03-01,2026-03-15,31.2,1.0,4,1,  Design,Low
8466,2025-12-28,2026-01-18,723.7,5.0,6,8,Testing,Medium
8467,2025-12-21,2026-01-06,35.1,6.0,6,9,Other,High
8468,2026-06-22,2026-07-03,15.8,-1.0,4,4,Documentation,Low
8469,2026-08-30,2026-09-20,10.6,9.0,10,10,Documentation,Critical
8470,2025-10-24,2025-11-28,35.2,4.0,8,4,Other,Medium
8471,2025-09-21,2025-10-22,601.7,,9,10,Design,Low
8472,2026-03-06,2026-04-15,20.0,1.0,4,6,Design,Low
8473,2026-05-24,2026-06-27,38.8,2.0,6,10,Development,Medium
8474,2026-08-09,2026-10-02,16.4,9.0,7,10,Development,High
8475,2025-11-09,2025-11-03,25.9,1.0,5,6,doc,Low
8476,2025-10-09,2025-11-04,,8.0,7,6,Testing,High
8477,2025-12-21,2026-02-03,6.0,8.0,0,9,Other,Medium
8478,2026-07-15,2026-08-11,12.2,4.0,6,10,Documentation,Medium
8479,2026-03-29,2026-05-04,35.5,6.0,1,2,development,Low
8479,2026-03-29,2026-05-04,35.5,6.0,1,2,development,Low
8481,2025-10-25,2025-12-23,8.9,,1,5,DEV,Low
8482,2026-02-21,2026-04-18,9.9,8.0,2,5,Design,High
8483,2026-07-28,2026-08-15,30.5,6.0,8,7,Other,High
8484,2025-09-24,2025-11-21,34.6,7.0,10,7,Other,High
8485,2025-11-10,2025-11-24,10.6,10.0,6,7,Design,High
8486,2026-04-14,2026-05-30,31.0,9.0,0,-2,Design,Low
8487,2025-11-08,2025-12-20,8.8,2.0,4,8,Other,Low
8488,2025-10-21,2025-12-02,21.2,9.0,1,8,Other,Medium
8489,2025-12-16,2026-01-03,12.1,6.0,7,4,Testing,Medium
8490,2026-08-09,2026-09-10,7.6,2.0,3,10,Other,Low
8491,2026-06-17,2026-07-06,14.6,0.0,9,3,Other,Low
8492,2026-08-23,2026-10-20,34.6,9.0,8,5,Other,High
8493,2026-07-14,2026-07-16,23.8,10.0,3,4,Testing,Medium
8494,2025-11-15,2025-12-20,24.9,3.0,4,4,Design,Low
8495,2026-09-01,2026-09-30,21.8,8.0,5,6,Documentation,Medium
8496,2025-12-14,2026-02-07,,9.0,2,0,Other,Medium
8497,2026-02-12,2026-03-29,27.7,3.0,4,-5,Documentation,Low
8498,2026-05-15,2026-06-02,11.9,3.0,3,5,Design,Low
8499,2026-07-21,2026-08-26,18.6,10.0,1,5,Design,Medium
8500,2026-04-29,2026-06-13,21.0,3.0,2,3,Testing,Low
8501,2026-05-25,2026-07-02,17.7,,8,6,Design,Low
8502,2026-08-10,2026-08-19,22.3,4.0,1,5,Other,Low
8503,2026-01-11,2026-01-27,26.7,9.0,7,2,Design,High
8504,2026-04-30,2026-05-18,261.0,8.0,7,4,Testing,High
8505,2026-04-29,2026-06-12,38.0,5.0,0,2,Documentation,Low
8506,2026-06-13,2026-08-03,3.1,9.0,8,9,Other,Medium
8507,2026-05-06,2026-05-22,8.7,4.0,9,10,Documentation,High
8508,2026-04-24,2026-05-13,7.0,1.0,7,-2,Testing,Low
8509,2026-03-27,2026-04-08,14.6,8.0,7,0,Other,Medium
8510,2026-05-03,2026-06-01,8.3,5.0,10,3,Other,Medium
8511,2025-11-20,2025-12-26,1.7,9.0,6,0,Development,Medium
8512,2025-10-20,2025-10-25,2.7,1.0,9,4,Design,Low
8513,2026-06-16,2026-07-11,31.8,6.0,3,7,Documentation,High
8514,2026-04-17,2026-05-15,8.9,2.0,3,7,Other,Low
8515,2026-01-23,2026-03-14,9.6,4.0,7,7,Documentation,Medium
8516,2026-01-11,2026-01-17,34.9,,3,8,Testing,Low
8517,2026-05-28,2026-06-18,21.2,1.0,4,3,Testing,Low
8518,2026-04-14,2026-04-13,38.7,1.0,100,3,Other,Low
8519,2026-09-01,2026-10-30,435.5,4.0,4,8,Development,Medium
8520,2026-03-31,2026-05-17,20.5,5.0,9,1,Design,Medium
8521,2025-12-29,2026-01-07,1.2,8.0,1,0,Other,Low
8522,2026-07-03,2026-07-31,4.6,4.0,4,5,Other,Low
8523,2026-04-03,2026-04-14,2.1,3.0,5,8,development,Medium
8524,2026-09-08,2026-10-09,26.9,11.0,6,4,Documentation,High
8525,2025-09-22,2025-09-30,30.0,0.0,9,6,Testing,Low
8526,2026-03-01,2026-03-15,9.8,1.0,2,10,Documentation,Low
8527,2026-07-08,2026-07-13,25.4,3.0,5,3,Design,Low
8528,2026-07-29,2026-08-01,12.1,4.0,3,6,Other,Low
8529,2025-11-09,2025-11-06,,4.0,6,7,Development,Medium
8530,2025-11-22,2025-12-19,23.2,7.0,6,10,Design,High
8531,2025-12-08,2026-02-04,30.6,0.0,8,7,Documentation,Low
8532,2026-05-09,2026-07-08,34.0,7.0,5,4,Design,Medium
8533,2026-03-12,2026-03-06,5.3,6.0,7,0,Documentation,Medium
8534,2025-12-28,2026-01-27,,3.0,4,6,,Low
8535,2025-09-15,2025-10-11,27.3,5.0,5,2,Testing,Low
8536,2025-11-17,2025-12-23,992.9,6.0,2,7,Other,Medium
8537,2026-06-07,2026-06-24,37.7,10.0,6,3,Testing,Low
8538,2025-11-10,2025-11-16,21.9,6.0,2,10,Documentation,Medium
8539,2026-01-11,2026-01-24,36.6,9.0,6,4,Testing,Low
8540,2025-10-01,2025-10-09,3.0,5.0,9,8,Other,High
8541,2025-11-20,2025-12-05,30.4,8.0,6,-5,Other,Medium
8542,2026-06-01,2026-06-28,6.4,3.0,4,6,Design,Low
8543,2026-04-20,2026-06-13,4.4,4.0,8,-3,Testing,Low
8544,2026-08-27,2026-09-25,25.0,2.0,6,8,Development,Medium
8545,2026-03-17,2026-04-17,7.8,2.0,9,5,  Design,Medium
8546,2026-09-04,2026-10-03,25.5,6.0,5,-3,Documentation,Low
8547,2025-09-29,2025-10-12,34.2,7.0,4,2,Other,Medium
8548,2026-06-19,2026-07-31,31.1,3.0,9,9,Other,Medium
8549,2025-09-17,2025-09-21,31.5,4.0,8,3,Testing,Medium
8550,2025-11-08,2025-12-06,39.5,,2,0,Design,Low
8551,2026-03-01,2026-04-13,4.5,5.0,6,10,Other,Medium
8552,2026-01-16,2026-02-26,0.8,8.0,6,0,Testing,Medium
8553,2026-05-30,2026-06-17,26.0,3.0,6,3,Design,Low
8554,2025-12-28,2026-02-22,5.3,1.0,4,2,Testing ,Low
8555,2026-08-24,2026-09-25,6.7,3.0,9,-2,Other,Low
8556,2026-03-15,2026-04-18,24.8,3.0,1,3,Documentation,Low
8557,2026-01-27,2026-03-07,24.8,1.0,10,5,Development,Medium
8558,2026-02-01,2026-03-04,3.8,,4,2,Testing,High
8559,2026-07-13,2026-07-04,14.6,9.0,3,5,Other,Medium
8560,2025-12-01,2026-01-29,18.4,10.0,7,8,Documentation,High
8561,2026-02-06,2026-03-20,598.4,4.0,8,2,Testing,Medium
8562,2026-08-12,2026-10-09,39.9,5.0,6,4,Design,Medium
8563,2026-05-01,2026-05-08,23.9,9.0,1,4,Design,Medium
8564,2025-12-03,2025-12-11,5.6,4.0,0,5,Design,Low
8565,2025-10-28,2025-11-08,29.3,4.0,4,0,,Low
8566,2026-08-01,2026-09-14,19.0,6.0,0,7,Documentation,Low
8567,2025-11-13,2026-01-02,3.8,6.0,1,9,Development,Medium
8568,2026-04-29,2026-05-04,28.3,6.0,4,7,Testing,Medium
8569,2026-01-03,2026-01-19,,6.0,5,7,Design,Medium
8570,2026-03-12,2026-03-25,16.2,5.0,10,9,Development,High
8571,2026-04-09,2026-06-06,24.1,,1,2,doc,Low
8572,2026-04-29,2026-05-01,6.4,1.0,7,4,Testing,Low
8573,2026-01-26,2026-03-20,11.8,9.0,4,8,  Design,High
8574,2026-08-16,2026-09-01,36.3,2.0,3,2,Development,Low
8575,2025-10-29,2025-12-08,35.2,10.0,8,6,Other,High
8576,2026-03-22,2026-04-04,820.3,7.0,3,1,Design,Low
8577,2026-06-10,2026-07-27,13.2,4.0,1,7,Other,Critical
8578,2025-09-22,2025-11-11,28.5,1.0,1,3,Documentation,Low
8578,2025-09-22,2025-11-11,28.5,1.0,1,3,Documentation,Low
8580,2025-11-30,2025-12-19,23.1,2.0,2,0,,Low
8581,2026-03-09,2026-03-30,6.0,11.0,9,1,Design,High
8582,2026-07-18,2026-09-01,36.1,5.0,5,1,Testing,Medium
8583,2026-07-19,2026-09-11,18.6,2.0,10,4,Other,Medium
8584,2026-08-14,2026-08-23,,2.0,8,4,Other,Medium
8585,2025-12-29,2026-01-26,13.0,9.0,8,3,Testing,High
8586,2025-09-22,2025-11-21,19.3,4.0,12,0,Documentation,Low
8587,2026-05-16,2026-07-14,27.8,10.0,3,9,Testing,High
8588,2026-07-01,2026-08-10,5.0,5.0,9,4,Design,Medium
8589,2026-05-11,2026-05-15,36.6,6.0,7,3,Testing,Medium
8590,2025-10-03,2025-10-20,3.0,0.0,8,9,development,Medium
8591,2026-03-08,2026-04-25,39.1,1.0,1,6,Testing,Low
8592,2026-05-30,2026-05-22,8.0,5.0,8,5,Design,Medium
8593,2026-02-07,2026-04-06,33.6,2.0,10,10,,Medium
8594,2026-05-08,2026-07-02,23.3,8.0,9,8,Testing,High
8595,2026-05-14,2026-06-09,8.5,9.0,100,10,Testing,Critical
8596,2026-05-08,2026-05-18,24.5,4.0,8,6,  Design,Medium
8597,2025-10-12,2025-11-23,38.8,4.0,4,6,Other,Medium
8598,2026-01-16,2026-02-23,2.6,1.0,6,1,Other,Low
8599,2026-07-11,2026-08-25,17.5,3.0,10,2,Development,Medium
8600,2025-12-28,2026-02-24,15.6,1.0,7,8,Documentation,Medium
8601,2026-05-02,2026-05-26,25.3,,9,2,Testing,Low
8602,2026-03-30,2026-04-11,38.3,2.0,4,1,Design,Low
8603,2026-05-13,2026-06-18,9.2,5.0,1,10,Testing,Medium
8604,2026-04-21,2026-05-19,36.4,0.0,9,9,Other,Critical
8605,2026-07-22,2026-08-04,24.2,15.0,5,4,Development,Critical
8606,2026-06-01,2026-07-23,22.3,10.0,6,8,Design,High
8607,2025-10-10,2025-12-04,26.3,7.0,9,10,Testing,High
8608,2026-09-12,2026-09-24,36.7,4.0,2,3,Other,Low
8609,2026-07-03,2026-08-26,31.3,6.0,8,7,Design,Critical
8610,2026-08-23,2026-08-29,30.5,3.0,6,5,Design,Medium
8611,2026-03-07,2026-04-14,33.3,6.0,9,7,Documentation,High
8612,2026-04-18,2026-06-12,31.5,10.0,9,3,Testing,High
8612,2026-04-18,2026-06-12,31.5,10.0,9,3,Testing,High
8614,2026-04-26,2026-06-25,31.4,1.0,0,1,Other,Low
8615,2025-12-12,2025-12-20,5.3,3.0,100,7,Other,Critical
8616,2026-05-20,2026-07-13,5.9,8.0,4,2,Other,High
8617,2026-06-11,2026-06-29,32.1,3.0,2,2,Other,Low
8618,2026-03-03,2026-04-24,11.5,10.0,4,9,Development,High
8619,2026-02-03,2026-03-21,3.6,6.0,10,7,Design,High
8620,2025-09-20,2025-11-14,9.0,2.0,6,10,Other,Medium
8621,2026-05-11,2026-06-23,30.3,3.0,6,4,Design,Low
8622,2025-12-29,2026-02-17,28.0,1.0,8,1,Other,Low
8623,2026-05-08,2026-05-23,30.7,2.0,2,9,Testing,Low
8624,2026-02-07,2026-02-10,37.4,4.0,1,6,Testing,Low
8624,2026-02-07,2026-02-10,37.4,4.0,1,6,Testing,Low
8626,2026-07-27,2026-08-07,8.3,3.0,4,1,Development,Low
8627,2026-08-06,2026-08-15,30.8,9.0,7,3,Design,High
8628,2025-10-10,2025-11-08,35.9,2.0,5,-2,Design,Low
8629,2026-02-15,2026-04-02,19.5,2.0,7,8,Documentation,Medium
8630,2025-10-26,2025-12-07,19.6,7.0,1,3,Design,Low
8631,2025-12-27,2026-01-20,34.2,7.0,3,8,Other,Critical
8632,2025-11-12,2025-12-20,31.1,6.0,3,7,development,Low
8633,2025-12-17,2026-01-04,16.4,9.0,5,1,Testing,Medium
8634,2025-11-09,2025-12-04,26.1,3.0,10,9,Other,High
8635,2026-02-23,2026-04-07,21.0,1.0,0,9,Testing,Low
8636,2026-01-12,2026-03-06,9.5,1.0,10,1,Other,Low
8637,2026-04-21,2026-06-03,27.7,2.0,8,9,Testing,Medium
8638,2026-07-23,2026-08-25,15.5,2.0,3,2,Development,Low
8639,2025-09-15,2025-10-17,9.3,3.0,1,6,Documentation,Low
8640,2025-11-03,2025-12-26,19.1,5.0,2,5,Development,Low
8641,2026-08-31,2026-10-04,881.7,8.0,9,5,Development,High
8641,2026-08-31,2026-10-04,881.7,8.0,9,5,Development,High
8643,2026-04-10,2026-06-08,8.7,9.0,1,2,Documentation,Medium
8644,2025-11-20,2025-12-18,28.4,5.0,9,4,Testing,Medium
8645,2025-12-03,2025-12-20,33.3,4.0,6,5,Testing,Medium
8646,2025-09-20,2025-09-11,12.5,1.0,2,10,Development,Low
8647,2026-01-25,2026-02-15,34.5,5.0,1,7,Documentation,Low
8648,2026-07-22,2026-08-15,6.8,-1.0,7,4,Testing,Low
8649,2025-12-31,2026-02-23,11.3,6.0,100,2,Documentation,Critical
8650,2026-08-11,2026-08-12,37.7,1.0,7,3,Other,Low
8651,2026-02-25,2026-03-10,1.8,1.0,5,10,Documentation,Low
8652,2026-02-19,2026-04-03,,3.0,100,8,Documentation,Critical
8653,2025-12-28,2026-02-10,17.2,7.0,3,2,Design,Medium
8654,2025-12-30,2026-01-22,7.7,1.0,2,5,,Low
8655,2026-09-05,2026-09-19,29.5,1.0,7,0,DEV,Low
8656,2026-01-01,2026-02-08,18.5,9.0,6,9,Documentation,Medium
8657,2025-11-07,2026-01-06,15.1,3.0,3,4,Design,Low
8658,2025-09-18,2025-11-04,35.4,3.0,12,3,Testing,Medium
8659,2026-02-23,2026-03-12,36.3,2.0,7,1,Design,Critical
8660,2026-08-31,2026-10-30,29.4,2.0,5,2,Documentation,High
8661,2026-01-21,2026-01-12,13.8,6.0,0,3,,Medium
8662,2026-07-23,2026-08-13,36.9,3.0,5,4,Design,Low
8663,2025-12-27,2026-01-20,4.1,7.0,8,6,Development,High
8664,2026-02-26,2026-04-06,9.5,7.0,5,6,Design,Medium
8665,2026-08-03,2026-08-14,2.0,5.0,2,3,Other,Low
8666,2025-11-10,2025-12-09,11.6,2.0,9,7,Testing,Medium
8667,2026-08-22,2026-10-05,613.5,9.0,9,1,Development,High
8668,2026-01-04,2026-01-23,8.6,11.0,3,2,Design,Medium
8669,2025-12-10,2026-01-04,23.1,9.0,3,1,Testing,Medium
8670,2026-05-14,2026-06-30,26.0,10.0,3,5,Other,Medium
8671,2025-10-02,2025-10-08,12.9,3.0,9,6,Other,Medium
8672,2026-05-20,2026-06-01,9.0,5.0,5,5,Testing,Medium
8673,2026-05-12,2026-06-20,,15.0,6,0,Development,High
8674,2025-12-28,2026-01-25,33.3,8.0,10,7,Testing ,High
8675,2026-06-16,2026-06-17,628.5,7.0,7,8,Design,Medium
8676,2025-10-05,2025-11-10,33.0,6.0,8,1,Documentation,Medium
8676,2025-10-05,2025-11-10,33.0,6.0,8,1,Documentation,Medium
8678,2025-12-17,2026-02-14,5.7,1.0,2,10,development,Low
8679,2026-06-28,2026-08-19,11.5,0.0,1,9,Other,Low
8680,2025-11-10,2025-12-15,25.1,4.0,4,8,Documentation,Medium
8681,2026-06-04,2026-07-22,8.7,5.0,4,-1,Documentation,Low
8682,2026-04-24,2026-05-01,26.0,3.0,1,2,,Low
8683,2026-03-26,2026-04-29,36.1,1.0,3,4,Other,Low
8684,2026-06-23,2026-07-23,2.6,7.0,6,5,Other,Medium
8685,2026-01-10,2026-02-06,6.3,1.0,9,5,Development,Medium
8686,2026-07-04,2026-08-13,24.2,5.0,4,7,Other,Medium
8687,2026-05-29,2026-06-16,0.6,4.0,1,4,Testing,Low
8688,2026-08-06,2026-09-09,24.2,9.0,1,7,Documentation,Medium
8689,2026-02-02,2026-03-23,29.4,2.0,7,0,Testing,Low
8690,2026-01-25,2026-02-03,,8.0,5,10,Other,High
8691,2025-11-21,2025-11-11,284.8,4.0,5,6,Documentation,Medium
8692,2025-12-27,2026-02-07,27.8,1.0,5,3,Documentation,Low
8693,2026-07-06,2026-08-10,34.7,5.0,4,8,Testing,Medium
8694,2026-09-02,2026-09-18,,1.0,1,10,Design,Low
8695,2026-07-02,2026-08-31,33.9,2.0,3,10,development,Medium
8696,2025-10-05,2025-10-20,17.0,1.0,8,3,Development,Low
8697,2026-07-03,2026-08-11,10.2,10.0,7,2,Documentation,High
8698,2026-05-12,2026-06-18,28.7,9.0,2,0,Design,Low
8699,2026-08-16,2026-08-28,31.5,9.0,1,2,Development,Medium
8700,2026-02-27,2026-04-03,29.7,5.0,9,9,  Design,High
8701,2026-03-08,2026-05-02,10.8,8.0,2,7,,Medium
8702,2026-02-01,2026-03-17,18.4,,10,8,Testing,Low
8703,2026-01-28,2026-01-29,34.2,1.0,0,0,Testing,Medium
8704,2026-03-24,2026-03-29,33.1,3.0,8,2,  Design,Medium
8705,2026-04-06,2026-04-16,28.8,3.0,6,0,Development,Low
8706,2026-03-12,2026-03-27,30.8,7.0,6,6,Design,Medium
8707,2026-04-28,2026-05-16,27.8,6.0,4,4,Documentation,Medium
8708,2026-06-15,2026-08-13,8.0,5.0,5,6,Design,Medium
8709,2025-09-24,2025-10-03,37.9,3.0,9,9,Design,Medium
8710,2026-08-14,2026-10-11,28.4,5.0,4,1,Testing,Low
8711,2025-11-23,2025-12-22,24.8,3.0,5,0,development,Low
8712,2025-10-29,2025-12-06,18.4,2.0,8,3,Other,High
8713,2026-08-26,2026-10-22,32.3,2.0,7,1,Development,Low
8714,2026-05-21,2026-06-21,35.6,6.0,4,2,Documentation,Medium
8715,2025-12-24,2026-01-21,19.3,9.0,4,-5,doc,Critical
8716,2026-08-29,2026-10-10,24.4,3.0,2,2,Design,Low
8717,2026-02-07,2026-02-28,35.1,5.0,1,10,DEV,Medium
8718,2025-10-08,2025-11-01,3.1,5.0,2,5,development,Low
8719,2025-12-07,2026-01-27,25.6,2.0,8,-4,Other,Low
8720,2026-05-01,2026-05-14,26.2,7.0,10,10,DEV,High
8721,2026-09-02,2026-08-30,24.3,8.0,10,2,Testing,High
8722,2026-08-23,2026-09-26,6.3,10.0,5,1,Documentation,Medium
8723,2026-05-21,2026-06-02,39.0,10.0,5,0,Design,Medium
8724,2025-12-13,2025-12-18,2.3,2.0,7,0,Development,Low
8725,2025-11-20,2026-01-01,34.1,5.0,8,1,Testing,Medium
8726,2026-05-20,2026-07-05,29.1,6.0,9,10,DEV,High
8727,2025-09-30,2025-11-03,11.1,9.0,7,8,Development,High
8728,2026-03-08,2026-04-01,16.6,5.0,8,0,Testing,Medium
8729,2026-04-19,2026-05-12,20.0,2.0,4,-2,Design,Low
8730,2025-11-07,2025-11-29,23.0,,2,6,,Low
8731,2026-02-28,2026-03-03,36.1,0.0,1,2,Other,Low
8732,2026-02-27,2026-03-27,26.7,9.0,10,10,Documentation,Critical
8733,2026-08-04,2026-08-01,3.0,5.0,6,8,Documentation,Medium
8734,2026-05-27,2026-07-12,2.7,5.0,7,3,Documentation,Medium
8735,2026-09-12,2026-10-06,12.4,8.0,8,10,Other,High
8736,2026-04-13,2026-05-30,28.3,5.0,8,5,Development,Medium
8737,2026-08-27,2026-08-19,20.3,2.0,9,3,Design,Medium
8738,2026-05-31,2026-07-02,32.9,3.0,5,-3,Development,Low
8739,2026-05-22,2026-06-23,262.4,7.0,2,7,Documentation,Low
8740,2025-10-31,2025-12-01,24.0,5.0,9,4,Documentation,Medium
8741,2026-04-07,2026-06-03,282.8,5.0,8,5,DEV,Medium
8742,2026-08-06,2026-08-18,5.3,8.0,4,4,Design,Medium
8743,2026-09-08,2026-10-18,3.7,10.0,9,7,doc,Critical
8744,2026-02-22,2026-02-23,17.5,7.0,1,9,Design,Medium
8745,2025-10-03,2025-10-31,17.9,8.0,6,8,Documentation,High
8746,2026-05-10,2026-06-06,30.0,2.0,1,2,Other,Low
8747,2026-01-24,2026-02-18,38.1,2.0,9,0,  Design,Low
8748,2025-11-24,2025-12-22,0.9,,4,10,Documentation,Low
8749,2026-01-09,2026-01-12,23.8,8.0,8,-2,Testing,Medium
8750,2026-05-07,2026-06-04,6.7,8.0,6,7,Other,High
8751,2026-04-24,2026-05-18,28.5,8.0,1,3,Development,Medium
8751,2026-04-24,2026-05-18,28.5,8.0,1,3,Development,Medium
8753,2026-05-20,2026-07-09,13.6,1.0,7,0,Other,Low
8754,2025-11-23,2025-12-19,30.0,6.0,6,3,Development,Medium
8755,2026-01-22,2026-03-04,23.7,6.0,10,7,Testing,High
8756,2026-07-04,2026-07-07,34.6,3.0,3,-4,doc,Low
8757,2026-04-11,2026-05-03,1.1,5.0,1,3,Testing,Low
8758,2026-07-04,2026-08-07,25.5,3.0,5,1,Documentation,Low
8759,2026-02-23,2026-04-16,17.3,2.0,7,1,  Design,Low
8759,2026-02-23,2026-04-16,17.3,2.0,7,1,  Design,Low
8761,2026-07-12,2026-07-29,25.5,6.0,2,4,Design,Low
8762,2026-01-28,2026-03-18,30.4,9.0,1,7,Documentation,Medium
8763,2026-07-02,2026-07-06,22.1,1.0,8,0,Design,Low
8764,2025-09-23,2025-11-09,17.8,4.0,4,8,Testing,Medium
8765,2026-03-08,2026-04-25,8.2,6.0,6,9,Documentation,High
8766,2025-12-24,2026-02-05,19.2,3.0,7,7,Other,Medium
8767,2026-06-27,2026-07-20,36.0,5.0,10,5,Testing,High
8768,2026-08-16,2026-09-27,11.5,8.0,6,8,doc,Critical
8769,2026-03-07,2026-05-01,35.0,5.0,5,0,Development,Low
8770,2026-04-20,2026-06-18,10.2,7.0,4,2,development,Medium
8771,2025-09-23,2025-11-21,15.5,8.0,8,0,Design,Medium
8772,2025-11-30,2025-12-10,5.6,4.0,9,5,Design,Medium
8773,2026-08-25,2026-10-03,18.2,5.0,1,2,Design,Low
8774,2025-10-18,2025-11-29,9.3,8.0,7,10,Development,High
8775,2026-05-26,2026-06-05,30.5,8.0,7,0,Testing,Medium
8776,2026-07-18,2026-09-12,27.5,8.0,6,0,Testing ,Medium
8777,2026-03-17,2026-03-28,37.2,10.0,10,0,Design,High
8778,2026-03-15,2026-05-14,5.1,1.0,1,8,Documentation,Low
8779,2026-07-05,2026-08-13,5.8,9.0,9,9,Other,Critical
8780,2026-04-19,2026-05-26,26.0,1.0,7,1,Testing,Low
8781,2026-04-18,2026-05-12,36.0,5.0,8,0,Documentation,Medium
8782,2025-10-28,2025-11-16,25.0,4.0,7,8,doc,High
8783,2026-03-09,2026-04-26,267.5,7.0,2,4,Other,Medium
8784,2026-04-11,2026-04-09,4.4,10.0,4,8,Design,High
8785,2026-08-01,2026-08-14,24.8,2.0,3,8,Documentation,Critical
8786,2025-11-19,2026-01-10,38.0,1.0,3,2,Other,Low
8787,2026-08-08,2026-10-07,24.5,4.0,4,9,Development,Medium
8788,2026-03-05,2026-03-23,26.7,3.0,2,8,Documentation,Low
8789,2025-10-18,2025-10-22,5.5,6.0,8,9,Documentation,High
8790,2026-06-07,2026-07-03,25.2,1.0,10,9,Other,Medium
8791,2026-07-05,2026-08-31,25.8,15.0,2,7,Testing,Critical
8792,2026-08-31,2026-10-30,38.3,,2,-1,Testing,Low
8793,2026-07-06,2026-08-23,14.9,6.0,2,1,Documentation,Low
8794,2025-11-10,2025-12-02,543.7,3.0,8,2,Design,Medium
8795,2026-06-27,2026-08-25,19.5,10.0,10,10,DEV,Critical
8796,2025-12-08,2026-01-29,27.1,4.0,9,6,Development,Medium
8797,2026-03-31,2026-04-16,22.3,7.0,4,10,Other,High
8798,2026-05-30,2026-07-13,37.6,6.0,0,10,Development,Medium
8799,2026-01-07,2026-02-15,10.9,6.0,8,6,Testing,Low
8800,2026-03-06,2026-03-02,4.8,10.0,6,9,Other,High
8801,2026-04-04,2026-05-02,32.7,2.0,100,7,Design,Critical
8802,2026-04-12,2026-05-13,6.4,5.0,8,6,Documentation,Medium
8803,2026-03-16,2026-03-25,23.9,10.0,12,10,Design,Critical
8804,2026-01-25,2026-03-02,245.9,9.0,4,9,Documentation,High
8805,2026-04-20,2026-06-09,16.3,2.0,3,6,Documentation,Low
8806,2026-04-18,2026-05-29,11.4,7.0,100,5,Design,Critical
8807,2026-03-10,2026-05-06,5.2,7.0,8,6,Documentation,High
8808,2025-09-18,2025-11-16,27.4,3.0,10,8,Testing,Medium
8809,2026-04-12,2026-06-01,34.1,7.0,4,1,Testing,Medium
8810,2026-01-09,2026-01-29,33.6,6.0,2,5,Development,Medium
8811,2026-06-03,2026-06-09,19.9,6.0,6,-4,doc,Low
8812,2026-03-16,2026-04-03,3.3,9.0,0,3,Other,Medium
8813,2026-04-07,2026-05-30,39.4,3.0,8,-5,development,Low
8814,2026-04-22,2026-05-19,29.6,5.0,12,9,Development,High
8815,2025-09-18,2025-10-06,31.3,4.0,9,6,,Medium
8816,2026-02-09,2026-03-28,30.2,10.0,8,5,Testing,High
8817,2026-01-23,2026-02-01,6.7,1.0,3,3,Development,Low
8818,2026-07-26,2026-09-22,12.5,3.0,7,0,Other,Low
8819,2026-03-27,2026-05-21,8.0,6.0,12,-2,Development,Medium
8820,2025-12-13,2025-12-27,10.8,6.0,10,6,Development,High
8821,2026-08-31,2026-09-04,,4.0,6,10,DEV,Medium
8822,2026-07-27,2026-09-19,31.8,3.0,4,8,Other,Medium
8823,2026-05-29,2026-07-02,9.6,9.0,2,1,Development,Medium
8824,2026-07-31,2026-08-22,19.6,4.0,12,8,Other,Low
8825,2026-04-25,2026-05-21,31.2,2.0,7,7,Testing ,Medium
8826,2026-09-12,2026-10-10,33.6,5.0,1,6,Other,Low
8827,2026-05-03,2026-05-20,34.3,6.0,8,0,,Medium
8828,2025-09-15,2025-10-10,21.3,2.0,4,1,Other,Low
8828,2025-09-15,2025-10-10,21.3,2.0,4,1,Other,Low
8830,2025-12-24,2026-01-19,4.2,4.0,4,6,Documentation,Medium
8831,2026-03-08,2026-03-31,10.7,5.0,9,9,Design,Medium
8832,2025-12-12,2026-01-10,20.9,4.0,5,8,Testing,Medium
8833,2026-08-01,2026-09-24,18.0,8.0,5,7,Other,High
8834,2026-01-14,2026-02-26,2.2,8.0,3,8,Design,Medium
8835,2026-03-20,2026-03-26,8.8,9.0,0,6,Testing,High
8836,2025-12-25,2026-02-12,3.0,4.0,6,5,Testing,Medium
8837,2025-11-06,2025-12-22,8.5,6.0,2,3,Documentation,Low
8838,2025-10-18,2025-11-13,25.2,10.0,0,4,Testing,Medium
8839,2025-12-20,2025-12-15,4.4,6.0,5,10,Documentation,Medium
8840,2026-02-18,2026-04-07,23.3,2.0,3,10,Development,Low
8841,2025-12-21,2025-12-27,32.7,2.0,5,6,Development,Low
8841,2025-12-21,2025-12-27,32.7,2.0,5,6,Development,Low
8843,2025-11-26,2026-01-20,24.4,3.0,7,5,Development,Medium
8844,2026-03-21,2026-04-18,31.1,9.0,1,6,Documentation,Medium
8845,2026-05-10,2026-06-25,6.4,6.0,3,-5,DEV,High
8846,2025-11-06,2025-11-13,23.8,1.0,6,1,Development,Low
8847,2026-02-05,2026-03-16,,6.0,6,7,Development,Medium
8848,2026-05-24,2026-07-03,6.7,-1.0,10,6,Documentation,Low
8849,2026-04-23,2026-05-08,11.5,7.0,6,6,Testing,Medium
8850,2026-05-22,2026-07-12,4.5,7.0,7,7,development,High
8851,2026-01-13,2026-01-27,21.6,,10,4,Other,High
8852,2026-07-15,2026-09-03,18.0,10.0,4,8,,High
8853,2025-12-16,2026-01-07,28.6,10.0,2,-4,Design,Low
8854,2026-05-24,2026-06-24,13.5,9.0,3,0,Documentation,Medium
8855,2026-05-18,2026-07-06,20.3,8.0,3,5,Other,Medium
8856,2026-04-17,2026-05-04,16.8,15.0,1,3,Other,High
8857,2026-02-05,2026-03-23,1.4,8.0,5,9,Documentation,High
8858,2026-03-10,2026-04-20,29.9,,4,-4,Testing,Low
8859,2025-10-08,2025-11-20,37.6,4.0,9,8,Design,Medium
8860,2026-09-05,2026-08-31,21.9,6.0,8,7,Other,High
8861,2026-08-02,2026-08-10,25.1,1.0,3,7,Testing,Low
8862,2025-09-21,2025-11-15,10.2,4.0,3,4,Other,Low
8863,2026-04-02,2026-05-20,1.7,1.0,5,7,Development,Low
8864,2026-03-04,2026-04-29,39.7,9.0,8,5,Design,High
8865,2025-11-30,2025-12-17,35.5,7.0,1,2,doc,Low
8866,2025-11-25,2025-12-24,5.6,7.0,5,8,Design,Medium
8867,2026-03-18,2026-04-15,21.5,7.0,2,0,Design,Low
8868,2025-10-04,2025-11-21,765.8,9.0,2,6,Testing ,Medium
8869,2026-09-09,2026-10-23,14.6,6.0,5,6,Testing,Medium
8870,2025-10-03,2025-10-29,25.1,2.0,4,4,Documentation,Low
8871,2026-01-16,2026-01-24,30.4,4.0,1,5,Testing,Low
8872,2026-04-11,2026-05-25,39.6,8.0,9,3,Documentation,High
8873,2026-04-03,2026-05-17,997.8,10.0,5,1,Design,Medium
8874,2026-03-05,2026-02-25,498.1,10.0,9,9,Testing,Critical
8875,2026-02-19,2026-04-04,,10.0,4,3,Documentation,Medium
8876,2026-09-06,2026-10-25,27.3,7.0,9,9,Other,High
8877,2026-03-13,2026-04-11,11.0,,7,5,Testing,Low
8878,2026-02-15,2026-03-01,27.0,2.0,10,7,Design,Medium
8879,2025-10-25,2025-12-07,14.2,7.0,10,4,Design,High
8880,2025-09-30,2025-10-19,20.9,9.0,7,0,Testing,Medium
8881,2026-09-08,2026-09-20,38.7,8.0,5,8,Documentation,High
8882,2025-12-20,2025-12-25,2.6,,4,5,Other,Low
8883,2026-08-01,2026-08-06,,2.0,9,6,Design,Medium
8884,2026-05-14,2026-06-16,25.1,7.0,10,8,Other,High
8885,2025-11-01,2025-12-11,29.8,4.0,2,10,Design,Medium
8886,2026-06-05,2026-07-20,39.8,7.0,9,-3,Design,Medium
8887,2026-03-28,2026-04-05,29.7,4.0,8,2,Design,High
8888,2026-06-15,2026-08-01,14.5,5.0,5,1,Development,Low
8889,2026-07-14,2026-08-03,9.2,6.0,9,5,Documentation,High
8890,2026-04-04,2026-04-13,20.5,4.0,10,0,Other,Medium
8891,2025-09-16,2025-10-23,13.3,6.0,9,-2,Testing,Medium
8892,2025-11-26,2026-01-14,844.6,3.0,1,8,Testing,Low
8893,2026-06-12,2026-06-08,6.9,8.0,6,0,Documentation,Medium
8894,2026-04-19,2026-04-28,37.3,10.0,100,1,Documentation,Critical
8895,2025-11-10,2025-11-26,16.5,7.0,4,1,Other,Medium
8896,2026-03-14,2026-04-10,238.3,2.0,8,4,Documentation,Medium
8897,2025-11-13,2025-12-28,31.5,4.0,9,0,Documentation,Medium
8898,2026-05-27,2026-06-28,16.0,9.0,5,10,Testing,High
8899,2025-09-30,2025-10-06,21.7,7.0,4,0,,Medium
8900,2026-05-20,2026-06-02,17.9,4.0,8,3,Testing,Medium
8901,2026-01-07,2026-01-08,14.4,7.0,9,9,Testing,High
8902,2026-03-23,2026-05-14,32.2,1.0,5,3,Other,Low
8903,2026-03-09,2026-04-16,5.8,7.0,5,8,development,Medium
8904,2026-08-25,2026-10-11,28.8,3.0,8,0,Testing ,Low
8905,2026-02-11,2026-04-12,25.7,3.0,8,10,Other,Medium
8906,2026-01-18,2026-02-24,10.3,7.0,7,3,Other,Medium
8907,2025-12-01,2025-12-08,30.9,10.0,3,1,Testing,Medium
8908,2026-08-11,2026-09-26,23.8,1.0,7,7,  Design,Low
8909,2026-03-06,2026-04-15,18.0,10.0,3,2,  Design,Medium
8910,2026-04-22,2026-05-31,10.7,10.0,9,6,DEV,High
8911,2026-03-04,2026-02-25,6.8,1.0,7,7,Other,Critical
8912,2026-03-05,2026-02-28,942.1,9.0,1,7,Other,High
8913,2026-08-12,2026-09-07,11.1,1.0,6,7,Development,Low
8914,2025-12-30,2026-02-26,28.3,3.0,1,10,Testing,Low
8915,2025-09-20,2025-11-10,,1.0,7,8,Other,Medium
8916,2026-05-22,2026-07-06,13.8,8.0,7,4,Other,Low
8917,2026-03-30,2026-05-26,9.0,8.0,9,0,Design,Medium
8918,2026-09-12,2026-11-03,19.9,8.0,10,0,doc,High
8919,2026-01-16,2026-01-22,13.1,4.0,1,4,Design,Low
8920,2026-02-08,2026-03-28,1.1,2.0,3,7,Documentation,Low
8921,2026-07-19,2026-08-16,38.5,,1,6,Documentation,Low
8922,2025-09-26,2025-10-24,21.0,2.0,4,8,Testing,Low
8923,2025-12-23,2026-01-08,32.4,5.0,8,2,Other,Medium
8924,2026-06-16,2026-07-12,27.3,9.0,7,6,Design,High
8925,2026-06-05,2026-06-09,11.0,6.0,5,0,Other,Low
8926,2026-02-01,2026-02-20,38.0,3.0,2,4,Design,Low
8927,2026-06-16,2026-08-04,406.1,5.0,1,8,Other,Low
8928,2025-12-12,2025-12-07,29.5,1.0,3,9,Testing ,Low
8929,2025-10-07,2025-11-19,37.9,1.0,4,3,Documentation,Low
8930,2025-12-29,2026-02-14,34.0,6.0,8,5,Development,Medium
8931,2026-05-26,2026-07-18,0.5,9.0,2,2,Design,Medium
8932,2026-04-28,2026-06-22,12.0,3.0,10,2,Other,Medium
8933,2025-12-21,2026-01-09,35.1,10.0,4,0,Testing,Medium
8934,2026-08-01,2026-09-30,14.7,7.0,9,10,Testing,High
8935,2025-12-23,2026-01-08,16.4,2.0,1,1,Testing,Low
8936,2026-02-08,2026-03-24,27.6,1.0,8,4,DEV,Low
8937,2025-09-29,2025-11-16,36.0,2.0,10,9,Other,Medium
8938,2026-03-26,2026-05-09,5.7,2.0,2,8,Documentation,Low
8939,2026-05-25,2026-07-10,15.4,9.0,2,8,Other,High
8940,2026-07-19,2026-07-09,4.8,7.0,5,-4,Other,Low
8941,2026-01-09,2026-02-03,16.0,6.0,5,8,development,Medium
8942,2026-04-22,2026-05-09,36.9,2.0,5,2,Development,Low
8943,2026-03-31,2026-05-06,10.4,11.0,8,8,Testing,Low
8944,2026-03-05,2026-04-23,32.7,,7,8,Testing,Low
8945,2026-04-11,2026-06-04,37.3,7.0,2,2,Other,Critical
8946,2025-10-14,2025-12-06,4.5,8.0,5,6,Development,Medium
8947,2026-09-10,2026-10-05,449.4,4.0,1,2,Development,Low
8948,2026-01-11,2026-01-30,1.9,,3,0,Other,Low
8949,2025-11-11,2025-11-04,18.4,3.0,3,0,Design,Low
8950,2026-04-26,2026-04-28,12.3,3.0,1,5,Other,Low
8951,2026-01-07,2026-02-28,14.5,1.0,4,9,Other,High
8952,2026-01-25,2026-02-16,36.5,8.0,6,10,Documentation,High
8953,2026-08-22,2026-08-24,21.7,4.0,2,7,Other,Low
8954,2026-04-17,2026-05-05,17.2,2.0,9,1,doc,Low
8955,2026-05-07,2026-06-16,25.9,8.0,8,10,Development,High
8956,2025-11-19,2026-01-13,6.9,7.0,3,9,Development,Medium
8957,2025-09-20,2025-11-04,10.4,0.0,1,7,Documentation,Low
8958,2026-02-01,2026-02-12,10.0,4.0,12,5,Design,High
8959,2026-03-25,2026-05-18,24.0,3.0,10,4,,Medium
8960,2025-12-05,2025-12-28,3.1,4.0,9,1,doc,Medium
8961,2026-01-04,2026-03-03,2.1,,2,7,Testing,Low
8962,2025-10-22,2025-10-20,34.3,2.0,8,0,Design,High
8963,2026-03-14,2026-04-16,,15.0,4,4,Documentation,Critical
8964,2026-01-17,2026-02-24,31.1,2.0,5,-3,Testing,Low
8965,2026-05-29,2026-07-23,343.4,1.0,4,10,Testing,Low
8966,2026-06-08,2026-07-29,35.8,10.0,10,8,Development,Critical
8967,2026-06-21,2026-07-05,11.0,9.0,3,6,development,Medium
8967,2026-06-21,2026-07-05,11.0,9.0,3,6,development,Medium
8969,2025-12-24,2026-01-24,35.7,2.0,8,6,Testing,Medium
8970,2025-10-02,2025-10-08,3.3,,10,8,,Low
8971,2025-11-16,2025-11-18,5.5,5.0,3,8,Other,Medium
8972,2026-07-02,2026-07-17,33.9,9.0,5,6,Development,High
8973,2025-10-04,2025-12-02,13.6,4.0,6,1,Development,Low
8974,2026-07-24,2026-08-21,,5.0,5,6,Other,Medium
8975,2025-11-21,2025-12-07,14.6,4.0,9,0,Testing,Medium
8976,2025-09-20,2025-10-22,23.3,4.0,12,9,Development,High
8977,2026-06-24,2026-08-07,19.4,5.0,6,0,Design,Low
8978,2026-02-19,2026-02-25,21.8,3.0,3,0,Design,Low
8979,2026-07-02,2026-07-20,37.6,,7,5,Testing,Low
8980,2026-08-27,2026-08-29,5.3,9.0,12,10,Documentation,Critical
8981,2026-08-19,2026-09-08,7.5,1.0,8,4,Testing,Low
8982,2026-03-22,2026-04-06,33.6,2.0,8,8,Documentation,Medium
8983,2026-01-12,2026-01-05,4.5,15.0,5,1,Testing,High
8984,2026-06-28,2026-08-04,29.0,15.0,5,4,Other,Critical
8985,2026-01-28,2026-02-04,25.5,7.0,2,9,doc,Low
8986,2025-09-17,2025-10-03,3.4,10.0,3,4,Development,Medium
8987,2026-05-17,2026-05-13,30.6,9.0,1,6,,Medium
8988,2026-07-20,2026-07-26,37.6,4.0,8,3,Design,Medium
8989,2025-10-18,2025-11-09,,6.0,8,5,Development,Medium
8990,2026-04-15,2026-04-27,17.6,3.0,7,7,Documentation,Medium
8991,2026-08-13,2026-09-02,960.8,11.0,3,-2,Development,Medium
8992,2026-02-02,2026-02-19,34.9,,4,8,Other,Low
8993,2026-05-30,2026-07-12,18.0,,6,7,Design,Critical
8994,2026-08-28,2026-09-11,,2.0,7,2,Other,Low
8995,2025-09-14,2025-09-21,19.2,2.0,3,4,Other,Low
8996,2026-05-09,2026-05-18,19.2,1.0,7,5,Documentation,Low
8997,2026-04-20,2026-06-03,30.8,11.0,9,6,Documentation,Critical
8998,2026-04-06,2026-04-07,38.5,8.0,5,6,Development,Medium
8999,2026-05-10,2026-06-17,18.1,9.0,9,3,Design,High
9000,2026-01-13,2026-01-21,35.1,10.0,5,2,Documentation,Medium
9001,2026-05-26,2026-05-31,26.3,8.0,10,10,Design,Critical
9002,2026-05-04,2026-04-29,5.1,15.0,100,-4,  Design,Medium
9003,2026-05-03,2026-05-19,25.8,3.0,6,6,Documentation,Medium
9004,2026-04-05,2026-05-14,14.6,7.0,0,7,Documentation,Medium
9005,2026-04-21,2026-06-03,4.7,8.0,12,10,Development,Critical
9006,2026-03-15,2026-04-15,22.6,4.0,4,6,Testing ,Critical
9007,2026-03-11,2026-03-14,32.4,3.0,9,5,Documentation,Medium
9008,2025-12-04,2025-12-18,14.6,9.0,3,5,Documentation,Medium
9008,2025-12-04,2025-12-18,14.6,9.0,3,5,Documentation,Medium
9010,2025-12-05,2025-12-03,27.0,6.0,6,3,Design,Medium
9011,2025-10-22,2025-11-29,6.4,3.0,9,2,Documentation,Medium
9012,2025-12-10,2026-01-14,6.9,9.0,9,-2,Testing,Medium
9013,2026-04-15,2026-04-22,7.7,-1.0,8,6,Other,Medium
9014,2025-11-08,2025-12-04,1.8,10.0,6,1,  Design,Low
9015,2025-11-23,2025-11-28,30.2,,5,7,Development,Low
9016,2026-06-13,2026-07-30,28.7,-1.0,9,2,Documentation,Low
9017,2025-11-12,2026-01-09,36.4,6.0,10,7,Testing,High
9018,2025-11-28,2025-11-29,7.1,3.0,10,2,Design,Medium
9019,2025-09-28,2025-09-19,20.7,5.0,10,-5,Development,Medium
9020,2025-12-23,2025-12-25,14.7,6.0,3,2,Other,Low
9021,2026-04-02,2026-05-03,14.9,4.0,10,-1,Documentation,Medium
9022,2026-04-17,2026-06-07,24.0,3.0,8,0,Documentation,Low
9023,2025-09-20,2025-10-14,24.3,4.0,4,10,Development,Medium
9024,2026-08-06,2026-09-21,16.7,1.0,6,10,doc,Medium
9025,2025-10-31,2025-12-17,15.0,1.0,2,-5,Other,Low
9026,2026-07-07,2026-07-27,11.0,1.0,1,3,Testing,Low
9027,2025-09-12,2025-09-21,22.3,10.0,3,3,Testing,Medium
9028,2026-02-16,2026-03-19,597.9,5.0,7,8,Design,Medium
9029,2026-05-22,2026-06-24,34.6,3.0,2,10,Development,Low
9030,2025-12-21,2026-02-06,23.6,8.0,4,7,Documentation,Medium
9031,2026-02-07,2026-02-19,39.5,1.0,8,1,Design,Low
9032,2025-09-30,2025-10-11,35.7,,3,4,Documentation,Low
9033,2025-09-17,2025-10-15,33.1,2.0,2,8,Other,Low
9034,2026-03-25,2026-04-08,29.2,9.0,2,6,Documentation,Medium
9035,2025-10-26,2025-12-19,27.9,5.0,2,3,Documentation,Low
9036,2025-10-27,2025-12-08,581.1,3.0,5,6,development,Medium
9037,2026-02-06,2026-02-25,33.9,1.0,3,4,Other,Low
9038,2026-07-20,2026-07-23,7.3,1.0,8,6,Development,Medium
9039,2026-07-19,2026-09-02,36.7,2.0,8,8,DEV,Medium
9040,2025-10-23,2025-11-15,33.3,5.0,7,6,Development,Medium
9041,2026-09-09,2026-10-26,11.6,9.0,2,6,,Medium
9042,2026-02-24,2026-03-08,18.7,8.0,5,1,Testing,Medium
9043,2026-08-17,2026-08-29,16.4,8.0,3,10,Other,High
9044,2026-07-16,2026-07-24,19.8,9.0,4,10,Other,High
9045,2026-08-06,2026-08-25,2.0,9.0,2,4,Design,Medium
9046,2025-09-29,2025-11-20,11.2,9.0,3,-5,development,Low
9047,2026-04-10,2026-05-08,538.7,8.0,9,6,Development,High
9048,2026-04-30,2026-06-02,24.5,10.0,8,2,Design,High
9049,2026-07-25,2026-09-09,8.5,4.0,5,6,,Medium
9050,2025-11-25,2026-01-20,,9.0,10,0,Documentation,High
9051,2026-04-05,2026-04-08,1.6,2.0,5,7,Other,Low
9052,2026-08-31,2026-10-02,30.0,8.0,4,4,Development,Medium
9053,2025-11-22,2025-12-26,29.1,9.0,5,7,Documentation,High
9054,2026-06-09,2026-07-23,17.2,7.0,8,7,Development,High
9055,2026-06-28,2026-07-06,22.9,1.0,8,-5,Design,Critical
9056,2025-10-26,2025-10-24,39.3,3.0,6,8,Documentation,Medium
9057,2025-12-12,2025-12-21,19.5,-1.0,3,10,Testing,Low
9058,2026-09-09,2026-10-08,20.5,2.0,1,10,Other,Low
9059,2026-02-23,2026-04-04,32.9,6.0,1,8,,Medium
9060,2026-05-04,2026-05-27,19.6,5.0,4,2,Other,Low
9061,2026-05-04,2026-05-06,23.1,4.0,6,1,Design,Low
9062,2025-10-19,2025-11-25,15.3,3.0,8,0,Design,Low
9063,2026-02-16,2026-02-19,11.7,9.0,100,1,Documentation,Critical
9064,2026-09-01,2026-10-11,,6.0,9,7,Other,High
9065,2025-12-31,2026-01-19,20.1,3.0,5,3,development,Low
9066,2026-05-09,2026-05-19,1.6,9.0,3,9,Documentation,Critical
9067,2026-08-24,2026-09-18,37.0,7.0,12,9,Other,Critical
9068,2025-12-25,2026-02-07,6.6,10.0,10,4,Development,High
9069,2026-06-21,2026-07-02,,6.0,4,4,Testing,Medium
9070,2026-07-28,2026-09-05,33.5,2.0,1,3,DEV,Low
9071,2025-10-03,2025-11-09,25.8,2.0,1,3,Design,Low
9072,2026-06-08,2026-06-10,5.2,2.0,4,3,Other,Low
9073,2026-06-19,2026-07-02,13.4,4.0,2,2,DEV,Low
9074,2025-10-18,2025-11-08,20.6,1.0,2,10,Testing ,Low
9075,2026-07-30,2026-09-01,27.5,6.0,4,4,Design,Medium
9076,2026-03-21,2026-05-03,21.6,1.0,9,-1,Documentation,Low
9077,2026-07-03,2026-08-09,8.8,,2,-2,Design,Low
9078,2026-05-05,2026-05-25,14.0,3.0,6,10,Testing,Medium
9079,2026-01-31,2026-03-05,12.5,3.0,4,3,Development,Low
9080,2025-11-29,2025-12-07,31.9,-1.0,1,9,Testing,Low
9081,2026-07-27,2026-09-16,3.9,1.0,5,8,Other,Low
9082,2026-01-02,2026-02-12,36.5,8.0,4,3,Other,Medium
9083,2026-08-17,2026-09-16,37.9,4.0,8,1,Documentation,Medium
9084,2026-05-18,2026-05-26,23.8,9.0,10,6,Testing,High
9085,2026-02-24,2026-03-06,21.5,4.0,4,1,Development,Low
9086,2026-05-01,2026-06-23,8.8,1.0,10,8,Testing,Medium
9087,2026-02-20,2026-04-13,15.2,6.0,4,2,doc,Medium
9088,2026-03-22,2026-04-08,19.3,4.0,7,5,Testing,Medium
9089,2025-11-02,2025-12-04,,9.0,6,5,Other,High
9090,2026-02-21,2026-04-05,27.8,4.0,8,5,doc,Medium
9091,2026-07-07,2026-07-16,31.6,,2,3,Other,Low
9092,2026-02-04,2026-03-12,26.0,9.0,4,0,DEV,Medium
9093,2025-09-13,2025-09-05,15.6,4.0,6,2,Testing,Low
9094,2026-04-05,2026-05-07,18.7,5.0,10,7,Other,High
9095,2026-08-11,2026-09-19,38.4,6.0,6,1,Design,Medium
9095,2026-08-11,2026-09-19,38.4,6.0,6,1,Design,Medium
9097,2026-01-07,2026-01-22,39.2,2.0,3,3,Documentation,Low
9098,2026-03-23,2026-04-25,37.9,9.0,3,2,Testing,Medium
9099,2026-09-03,2026-09-05,12.4,3.0,8,1,Testing,Low
9100,2026-03-08,2026-04-24,14.4,9.0,4,7,Documentation,High
9101,2025-11-19,2026-01-17,36.0,4.0,9,-4,Other,Low
9102,2026-07-13,2026-08-05,15.9,6.0,9,3,Other,Medium
9103,2025-10-15,2025-11-16,,2.0,4,2,Testing,Low
9104,2026-05-06,2026-04-28,984.1,7.0,2,9,Testing,Medium
9105,2026-02-07,2026-03-18,37.1,1.0,3,6,Development,Critical
9106,2026-02-10,2026-02-25,8.9,3.0,1,10,Testing,Low
9107,2026-07-14,2026-08-14,11.9,10.0,9,4,Documentation,High
9108,2025-10-08,2025-11-19,8.8,10.0,4,-1,Testing,Medium
9109,2026-07-16,2026-09-10,4.0,5.0,9,5,Other,Medium
9110,2025-11-25,2026-01-12,21.4,15.0,100,-1,Testing,Critical
9111,2026-05-23,2026-07-22,38.5,8.0,10,8,Design,High
9112,2026-07-11,2026-07-17,26.5,10.0,8,2,Development,High
9113,2025-12-13,2026-02-05,34.5,7.0,1,5,Documentation,Medium
9114,2025-12-25,2026-02-08,1.8,4.0,5,3,Documentation,Low
9115,2025-10-15,2025-10-28,30.8,7.0,1,10,Design,Medium
9116,2026-07-09,2026-07-14,10.8,,10,7,Development,Low
9117,2026-01-08,2026-02-18,26.5,,8,3,Documentation,Low
9118,2026-06-30,2026-08-06,36.4,2.0,3,10,Documentation,Low
9119,2026-05-28,2026-05-31,,5.0,5,10,Testing,Medium
9120,2026-04-09,2026-04-24,10.8,6.0,2,10,Design,Medium
9121,2026-07-24,2026-08-07,25.6,5.0,9,4,Development,Low
9122,2025-11-25,2026-01-09,20.9,10.0,5,2,Documentation,Medium
9123,2026-06-23,2026-06-26,20.1,8.0,2,5,Documentation,Medium
9124,2026-01-13,2026-02-13,35.7,4.0,9,-1,Testing,Medium
9125,2026-05-12,2026-06-08,10.1,10.0,9,8,Other,Critical
9126,2025-11-18,2025-12-30,8.3,1.0,2,3,Testing,Low
9127,2025-11-18,2026-01-09,34.8,15.0,3,7,Documentation,Medium
9128,2026-09-05,2026-09-15,6.3,2.0,4,5,Other,Low
9129,2026-03-30,2026-04-08,18.5,8.0,7,6,Development,High
9130,2026-04-06,2026-05-28,,4.0,4,4,DEV,Low
9131,2025-10-04,2025-11-27,28.8,3.0,4,0,Testing,Low
9132,2026-07-24,2026-07-25,27.0,,9,1,Testing,Low
9133,2026-03-14,2026-04-29,37.8,9.0,0,10,Documentation,Medium
9134,2025-12-24,2025-12-29,14.4,-1.0,2,6,Other,Low
9135,2026-06-02,2026-07-26,21.2,8.0,5,7,Documentation,Low
9136,2026-04-09,2026-04-12,36.4,3.0,1,7,Other,Low
9137,2026-08-09,2026-08-05,,8.0,6,8,  Design,Low
9138,2026-05-14,2026-06-05,34.8,9.0,4,1,,Low
9139,2026-03-14,2026-05-06,15.9,7.0,7,5,Other,Medium
9140,2025-11-17,2025-12-21,35.6,1.0,10,2,Other,Low
9141,2026-06-18,2026-07-21,31.4,3.0,5,3,Documentation,Low
9142,2025-11-30,2025-12-17,9.0,7.0,4,5,Other,Medium
9143,2026-05-21,2026-07-13,35.1,10.0,100,7,Design,Critical
9144,2026-04-19,2026-05-21,,9.0,7,8,Testing,High
9145,2026-05-27,2026-07-22,597.9,6.0,7,9,Design,High
9146,2025-09-17,2025-10-14,362.8,9.0,4,0,Testing,Medium
9147,2025-12-19,2025-12-28,37.4,8.0,4,8,Testing,High
9148,2026-04-11,2026-05-24,28.3,1.0,10,4,Documentation,Medium
9149,2026-01-04,2026-01-11,311.7,8.0,9,3,Documentation,High
9150,2026-07-16,2026-08-14,20.0,3.0,6,1,DEV,Low
9150,2026-07-16,2026-08-14,20.0,3.0,6,1,DEV,Low
9152,2025-10-31,2025-12-12,482.4,8.0,5,9,Documentation,High
9153,2026-04-20,2026-05-10,31.0,6.0,4,5,Design,Medium
9154,2026-01-21,2026-03-21,29.9,9.0,5,0,Development,Low
9155,2026-03-15,2026-03-09,1.5,3.0,5,0,doc,Low
9156,2026-01-23,2026-02-19,33.4,9.0,10,10,Testing,Critical
9157,2025-09-28,2025-11-15,2.7,8.0,4,7,Design,Critical
9158,2026-08-17,2026-10-13,12.8,8.0,0,0,Testing,Low
9159,2026-02-21,2026-04-03,30.5,2.0,8,5,Testing,Medium
9160,2026-03-01,2026-04-23,29.2,10.0,3,4,Testing,Critical
9161,2025-09-29,2025-11-27,35.8,6.0,4,10,  Design,Medium
9162,2026-09-02,2026-10-06,36.6,,1,3,Testing,Low
9163,2025-10-07,2025-11-27,7.2,6.0,9,8,Documentation,High
9164,2026-06-25,2026-07-26,12.2,6.0,9,0,Testing,Medium
9165,2026-05-26,2026-06-29,20.2,8.0,3,10,Testing,High
9166,2026-04-27,2026-05-10,859.8,2.0,6,5,Design,Low
9167,2025-11-17,2026-01-12,26.1,4.0,12,10,Testing,High
9168,2026-01-07,2026-02-15,22.9,0.0,6,1,Other,Low
9169,2026-04-15,2026-04-24,31.9,,6,4,Development,Low
9170,2026-03-08,2026-04-05,20.0,9.0,3,4,Development,Medium
9171,2025-12-15,2025-12-18,15.2,5.0,4,8,Design,Medium
9172,2026-01-14,2026-01-23,1.7,6.0,2,3,Design,Low
9173,2026-06-08,2026-07-28,17.4,10.0,7,5,Documentation,High
9174,2025-12-26,2026-01-02,28.9,2.0,10,8,Development,High
9175,2026-07-12,2026-09-02,25.1,15.0,8,6,DEV,Critical
9176,2025-11-30,2025-12-31,3.3,10.0,1,2,Development,Medium
9177,2025-09-18,2025-09-12,29.9,6.0,8,8,Design,High
9178,2026-06-17,2026-08-03,20.8,8.0,2,0,Testing,Low
9179,2025-12-21,2026-02-03,446.2,15.0,6,1,,Critical
9180,2025-12-11,2025-12-10,13.3,5.0,12,4,Development,High
9181,2026-04-21,2026-06-11,14.0,2.0,2,-5,doc,Low
9182,2026-04-24,2026-06-11,1.8,7.0,2,6,Documentation,Medium
9183,2025-11-08,2025-12-02,665.0,8.0,3,2,Other,Medium
9184,2026-08-06,2026-08-19,3.0,6.0,7,1,Documentation,Medium
9185,2026-04-23,2026-05-28,35.6,7.0,3,2,Documentation,Medium
9186,2025-10-25,2025-10-30,,7.0,2,4,Development,Medium
9187,2025-12-02,2025-12-28,11.9,3.0,5,5,Design,Low
9188,2026-08-12,2026-10-11,668.6,2.0,3,7,DEV,Low
9189,2026-04-28,2026-06-10,36.3,3.0,1,4,Documentation,Low
9190,2026-05-17,2026-06-19,19.1,6.0,2,2,Development,Low
9191,2025-11-26,2025-12-17,26.0,2.0,8,4,Development,Medium
9192,2026-07-29,2026-08-18,34.0,6.0,9,4,Documentation,Medium
9193,2025-10-28,2025-10-25,6.7,,5,9,Documentation,Low
9194,2026-08-16,2026-08-27,14.6,,6,1,Documentation,Low
9195,2026-01-26,2026-03-22,24.5,5.0,6,10,DEV,Medium
9196,2026-06-25,2026-07-26,38.6,2.0,2,3,Other,Low
9197,2026-04-06,2026-05-10,40.0,8.0,3,6,doc,Critical
9198,2026-01-05,2026-02-23,30.3,5.0,1,3,development,Low
9199,2026-03-16,2026-04-16,,4.0,7,2,Testing,Medium
9200,2025-12-26,2026-01-21,35.4,4.0,6,0,Testing,Low
9201,2026-05-28,2026-07-22,17.1,9.0,2,9,Other,High
9202,2026-01-04,2026-01-26,18.1,6.0,8,-3,Development,Medium
9203,2026-08-30,2026-10-05,880.1,3.0,4,10,Development,Medium
9204,2026-02-23,2026-04-23,38.6,1.0,1,-3,Design,Low
9205,2026-05-23,2026-06-24,35.6,,12,5,Development,Low
9206,2025-09-12,2025-10-05,5.7,7.0,6,9,Development,High
9207,2026-09-10,2026-09-21,18.6,3.0,8,3,Development,Medium
9207,2026-09-10,2026-09-21,18.6,3.0,8,3,Development,Medium
9209,2026-03-01,2026-04-05,30.4,7.0,3,4,Documentation,Medium
9210,2025-12-28,2026-02-09,23.2,8.0,3,2,Documentation,Medium
9211,2026-06-21,2026-07-15,4.7,6.0,8,0,Design,Medium
9212,2026-07-26,2026-08-01,32.7,9.0,10,0,Design,High
9213,2026-04-10,2026-05-06,1.1,4.0,6,-3,Documentation,Low
9214,2026-03-10,2026-03-03,13.4,9.0,10,0,Other,High
9215,2026-06-15,2026-07-23,514.6,5.0,100,7,Testing,Critical
9215,2026-06-15,2026-07-23,514.6,5.0,100,7,Testing,Critical
9217,2025-09-16,2025-10-24,18.9,4.0,5,6,Documentation,Medium
9217,2025-09-16,2025-10-24,18.9,4.0,5,6,Documentation,Medium
9219,2026-02-09,2026-01-30,10.5,8.0,4,9,Development,Low
9220,2025-12-10,2025-12-14,16.4,9.0,0,1,Other,Low
9221,2026-09-01,2026-10-10,9.7,7.0,7,5,Development,Medium
9222,2026-02-11,2026-03-30,17.6,8.0,1,9,DEV,Medium
9223,2026-02-22,2026-04-08,33.5,8.0,5,10,Testing,High
9224,2026-08-24,2026-09-27,13.3,5.0,3,5,Documentation,Low
9225,2025-12-12,2026-02-09,33.1,3.0,6,6,Design,Medium
9226,2026-07-26,2026-08-22,31.6,7.0,10,3,Testing,High
9227,2025-10-27,2025-11-07,30.2,2.0,10,3,Documentation,Medium
9228,2026-01-08,2026-02-09,434.2,1.0,2,9,Design,Low
9229,2026-05-19,2026-05-20,24.9,,10,8,Documentation,Low
9230,2026-01-29,2026-01-30,,2.0,7,4,doc,Low
9231,2025-09-15,2025-10-08,6.1,8.0,6,4,Design,Medium
9232,2025-12-04,2025-12-20,6.9,5.0,8,6,Documentation,Medium
9233,2026-05-15,2026-06-29,,9.0,5,1,Development,Medium
9234,2026-04-04,2026-04-14,876.5,4.0,5,0,Testing ,Low
9235,2026-08-26,2026-09-09,12.4,3.0,10,9,Development,High
9236,2026-05-09,2026-05-20,39.8,8.0,1,6,,Medium
9237,2026-03-01,2026-04-20,11.2,6.0,6,7,doc,Medium
9238,2025-10-08,2025-10-28,39.4,6.0,6,6,Design,Medium
9239,2026-06-29,2026-08-23,2.6,6.0,10,1,Documentation,Medium
9240,2026-08-11,2026-08-25,5.8,9.0,1,8,,Medium
9241,2025-09-22,2025-09-29,242.3,2.0,8,4,Documentation,Medium
9242,2026-06-12,2026-07-17,21.9,7.0,10,10,Development,High
9243,2026-04-08,2026-04-16,18.7,-1.0,9,4,  Design,Critical
9244,2026-03-13,2026-03-25,15.5,,2,-2,Testing,Low
9245,2026-06-22,2026-08-10,36.4,3.0,9,0,Documentation,Low
9246,2026-07-29,2026-09-19,2.8,9.0,2,10,Documentation,High
9247,2025-11-22,2026-01-09,21.0,4.0,10,9,Other,High
9248,2026-06-20,2026-07-22,5.3,4.0,9,9,Design,High
9249,2025-11-30,2025-12-06,,5.0,8,2,Other,Medium
9250,2025-12-06,2025-12-26,20.4,4.0,7,1,Other,Low
9251,2025-10-20,2025-11-11,36.6,7.0,1,2,Other,Low
9252,2025-10-12,2025-11-16,24.9,5.0,5,1,doc,Low
9253,2025-12-15,2026-01-23,22.4,8.0,100,7,Other,Critical
9254,2026-03-19,2026-04-25,38.7,6.0,0,5,Development,Low
9255,2026-04-04,2026-04-10,5.2,4.0,1,-2,Other,Low
9256,2026-05-03,2026-04-29,25.1,1.0,10,6,Other,Medium
9257,2026-03-21,2026-03-31,13.7,4.0,4,2,Design,Low
9258,2026-07-12,2026-07-15,38.5,7.0,1,6,doc,Medium
9259,2026-01-28,2026-02-02,26.8,2.0,6,8,Testing,Medium
9260,2026-07-22,2026-08-15,35.3,7.0,9,0,Testing,Medium
9261,2026-04-05,2026-05-07,20.9,0.0,10,10,Development,Medium
9262,2026-04-17,2026-04-23,33.2,4.0,3,6,Other,Low
9263,2025-11-21,2025-12-29,21.6,4.0,3,10,Testing,Medium
9264,2026-08-30,2026-10-01,34.4,5.0,9,5,Documentation,Medium
9265,2025-12-02,2026-01-03,10.0,,3,5,Testing,Low
9266,2026-05-14,2026-05-04,14.9,8.0,8,7,Design,High
9267,2026-07-06,2026-07-17,,-1.0,6,0,Other,Low
9268,2026-02-01,2026-02-12,1.4,3.0,9,2,Other,Medium
9269,2025-12-08,2026-02-06,32.2,4.0,7,4,Development,Medium
9270,2026-04-28,2026-05-17,7.9,5.0,6,0,Testing,Low
9271,2026-08-08,2026-09-02,8.2,-1.0,8,7,Design,Low
9272,2026-03-12,2026-05-11,35.1,10.0,1,2,development,Medium
9273,2025-10-05,2025-10-30,21.6,5.0,6,1,Testing,Medium
9274,2025-10-09,2025-12-07,32.8,4.0,8,-2,Development,Low
9275,2026-09-10,2026-09-18,27.8,11.0,8,-5,Design,Medium
9276,2026-01-10,2026-02-13,7.1,4.0,4,7,Development,Medium
9277,2026-07-22,2026-07-27,14.3,8.0,3,1,Testing,Medium
9278,2025-10-27,2025-11-23,7.4,3.0,8,4,Development,Medium
9279,2025-11-22,2025-12-22,38.6,9.0,1,0,Testing,Low
9280,2026-03-13,2026-03-31,19.7,7.0,8,8,Documentation,Critical
9281,2025-12-03,2025-12-04,6.8,6.0,2,0,Other,Low
9282,2025-12-10,2025-12-29,39.8,5.0,4,4,Design,Medium
9283,2026-06-14,2026-07-15,966.0,1.0,9,5,Other,Medium
9284,2025-09-18,2025-09-11,29.8,8.0,4,3,Design,Medium
9285,2025-10-11,2025-12-05,19.7,6.0,3,1,Other,Low
9286,2026-09-09,2026-10-04,26.8,9.0,10,3,Testing,High
9287,2026-08-13,2026-09-09,18.1,7.0,8,8,Development,High
9288,2026-03-19,2026-03-14,621.9,7.0,3,9,Other,Medium
9289,2025-12-23,2026-02-06,22.0,4.0,4,3,Development,Low
9289,2025-12-23,2026-02-06,22.0,4.0,4,3,Development,Low
9291,2026-06-10,2026-06-27,18.3,7.0,4,0,doc,Medium
9292,2025-09-26,2025-11-17,11.7,11.0,1,3,Development,Medium
9293,2026-05-21,2026-06-02,20.4,4.0,8,1,Design,Medium
9294,2026-06-20,2026-08-11,28.2,5.0,2,10,Testing,Medium
9295,2026-03-06,2026-03-16,,,12,10,Testing,Low
9296,2025-10-26,2025-11-23,16.4,15.0,1,10,Development,Critical
9297,2025-12-22,2025-12-25,14.5,9.0,7,4,Other,High
9298,2025-12-16,2026-02-13,,8.0,8,0,,Medium
9299,2026-04-09,2026-05-29,11.2,8.0,1,9,Design,Medium
9300,2026-07-22,2026-07-27,39.7,7.0,5,0,Design,Medium
9301,2025-09-22,2025-09-28,19.6,4.0,3,6,doc,Low
9302,2025-11-05,2025-11-15,28.3,7.0,10,6,Development,High
9303,2026-07-17,2026-08-25,1.6,7.0,10,1,Documentation,High
9304,2025-10-04,2025-11-13,28.6,8.0,10,6,Development,High
9305,2026-04-11,2026-06-07,7.3,10.0,3,8,Documentation,High
9306,2025-10-27,2025-11-06,19.8,8.0,9,1,  Design,High
9307,2026-07-18,2026-08-05,31.2,7.0,1,4,Development,Low
9308,2026-04-17,2026-06-05,6.1,6.0,8,3,Development,Medium
9309,2026-04-22,2026-04-24,19.1,1.0,10,3,Design,Medium
9310,2026-06-10,2026-07-09,3.4,7.0,1,5,development,Medium
9311,2025-12-23,2026-01-04,38.7,2.0,2,2,Development,Low
9312,2026-08-30,2026-10-23,28.0,1.0,3,7,Testing,Low
9313,2025-11-06,2026-01-01,15.5,6.0,9,5,Other,High
9314,2026-05-17,2026-06-09,23.8,6.0,6,5,  Design,Low
9315,2026-08-31,2026-10-14,23.9,,9,10,Testing,Low
9316,2025-10-27,2025-11-06,384.8,4.0,6,2,Design,Low
9317,2026-03-31,2026-05-05,15.1,8.0,7,-5,,Medium
9318,2026-04-12,2026-05-24,20.8,9.0,7,4,Documentation,High
9319,2026-01-03,2026-01-30,30.3,5.0,10,9,Documentation,High
9320,2026-01-31,2026-02-05,,9.0,2,2,Design,Medium
9321,2026-04-16,2026-05-14,438.5,9.0,8,2,Design,High
9322,2026-05-10,2026-05-23,22.9,6.0,3,7,Design,Medium
9323,2026-07-02,2026-07-07,15.4,9.0,3,1,Design,Medium
9324,2026-07-15,2026-08-06,8.0,6.0,4,4,Development,Medium
9325,2025-11-03,2025-12-04,28.6,9.0,6,1,,Medium
9326,2026-04-09,2026-04-07,948.8,8.0,8,8,Development,High
9327,2026-07-15,2026-07-21,28.2,,7,-2,Development,Low
9328,2026-03-09,2026-04-11,4.6,6.0,9,9,Testing,High
9329,2026-06-04,2026-06-27,30.4,6.0,12,4,Testing,High
9330,2026-05-30,2026-06-20,33.9,2.0,10,6,Other,Medium
9331,2026-07-03,2026-09-01,12.3,1.0,9,6,Testing,Medium
9332,2026-09-07,2026-09-28,38.7,11.0,8,3,Testing ,High
9333,2026-04-08,2026-06-05,30.8,7.0,1,0,Testing,Low
9334,2025-10-03,2025-11-02,22.6,1.0,5,-4,Testing,Low
9335,2025-11-11,2026-01-01,37.9,1.0,9,3,Development,Low
9336,2026-03-11,2026-04-25,21.9,10.0,9,7,Testing,Critical
9337,2025-11-22,2026-01-05,39.0,7.0,7,0,Design,Medium
9338,2026-03-13,2026-03-27,8.4,2.0,4,1,Testing,Low
9339,2026-04-09,2026-06-08,10.5,9.0,2,6,Design,Medium
9340,2026-02-23,2026-03-11,28.1,4.0,5,7,Testing,Medium
9341,2026-06-29,2026-07-08,3.7,6.0,5,9,Design,Medium
9342,2025-11-13,2026-01-03,18.8,-1.0,4,9,Design,Low
9343,2025-11-17,2025-12-25,24.5,1.0,3,9,Other,Low
9344,2026-01-06,2026-01-23,39.6,,8,3,Development,Low
9345,2026-04-15,2026-05-01,7.0,6.0,2,0,Development,Low
9346,2026-06-25,2026-07-17,4.8,1.0,7,3,Other,Low
9347,2026-02-09,2026-02-15,37.2,9.0,8,7,Other,High
9348,2026-06-04,2026-07-03,14.0,1.0,9,4,Design,Low
9349,2026-08-11,2026-09-01,5.6,9.0,6,9,Other,High
9350,2026-06-30,2026-08-19,39.5,4.0,8,0,Documentation,Medium
9351,2025-10-29,2025-12-26,,7.0,7,2,Other,Medium
9352,2026-03-19,2026-04-14,30.1,5.0,9,9,Testing ,High
9353,2026-04-24,2026-05-29,6.1,4.0,7,4,,High
9354,2025-10-13,2025-12-04,18.3,5.0,10,6,Development,High
9355,2025-09-20,2025-10-11,13.1,4.0,5,8,development,Medium
9356,2026-04-28,2026-06-03,33.0,1.0,8,8,Design,Medium
9357,2026-04-13,2026-05-09,14.4,15.0,6,5,Testing ,Critical
9358,2026-01-26,2026-02-06,37.4,5.0,100,4,Other,Critical
9359,2026-04-29,2026-05-02,17.3,2.0,9,-2,Testing,Low
9360,2025-10-20,2025-12-04,34.9,9.0,4,9,development,High
9361,2026-09-06,2026-09-05,7.6,1.0,4,7,Development,Low
9362,2026-02-19,2026-03-03,911.1,1.0,6,10,Documentation,Medium
9363,2026-01-04,2026-03-02,4.7,3.0,9,9,Design,Medium
9364,2026-09-05,2026-09-06,33.4,-1.0,8,1,Testing,Low
9365,2026-03-09,2026-05-04,18.8,,10,10,Other,Low
9366,2026-08-07,2026-10-06,19.0,5.0,4,7,Documentation,Medium
9367,2026-01-07,2026-02-01,9.1,,8,3,Design,Low
9368,2026-06-19,2026-07-01,17.3,2.0,12,7,Design,Medium
9369,2026-08-31,2026-08-29,19.9,1.0,8,8,Development,Medium
9370,2025-12-01,2025-11-22,36.9,10.0,7,5,Testing,High
9371,2026-04-07,2026-05-17,2.2,3.0,1,4,Design,Low
9372,2026-01-11,2026-02-27,10.6,3.0,3,5,Testing,Low
9373,2026-06-11,2026-08-04,27.0,3.0,1,10,Design,Low
9374,2026-04-14,2026-04-24,32.3,4.0,2,-3,Testing,Low
9375,2026-04-13,2026-04-21,39.0,10.0,8,-5,Documentation,Medium
9376,2026-01-24,2026-02-16,13.1,6.0,4,3,Documentation,Medium
9377,2026-06-07,2026-06-24,20.7,1.0,4,8,Design,Critical
9378,2026-09-02,2026-10-01,31.3,,10,9,Design,Low
9379,2026-07-22,2026-08-17,3.1,3.0,9,2,Design,Medium
9380,2026-02-01,2026-02-05,33.1,10.0,5,1,Design,Medium
9381,2026-01-01,2026-02-20,2.0,3.0,0,0,Design,Low
9382,2026-06-26,2026-08-09,9.6,8.0,10,10,Other,Critical
9383,2026-03-18,2026-03-29,35.9,3.0,6,4,Documentation,Low
9384,2026-04-21,2026-05-12,23.5,3.0,5,7,Documentation,Medium
9385,2025-09-24,2025-10-11,14.2,4.0,9,1,Documentation,Medium
9386,2026-03-02,2026-04-05,6.4,2.0,3,2,doc,Low
9387,2026-05-11,2026-05-26,2.4,3.0,4,2,DEV,Low
9388,2025-10-10,2025-11-27,19.7,15.0,8,2,Development,Critical
9389,2026-09-08,2026-10-05,31.6,2.0,6,2,Design,Low
9390,2026-01-11,2026-03-03,2.0,8.0,9,2,Development,High
9391,2025-11-22,2025-12-27,17.4,6.0,2,10,Documentation,Medium
9392,2025-12-30,2026-01-27,10.0,9.0,2,1,Other,Critical
9393,2026-05-01,2026-06-06,6.4,6.0,8,3,Other,Medium
9394,2026-05-18,2026-06-27,28.7,0.0,8,1,Documentation,Low
9395,2026-05-05,2026-06-03,29.9,1.0,8,1,Documentation,Low
9396,2025-10-09,2025-10-16,31.5,1.0,4,9,Development,Low
9397,2025-12-26,2026-01-24,29.2,1.0,3,1,Documentation,Low
9398,2026-04-20,2026-05-12,25.9,3.0,1,8,Development,Low
9399,2026-08-29,2026-10-26,15.6,3.0,2,6,Development,Low
9400,2025-10-22,2025-11-14,32.5,6.0,8,9,Testing,High
9400,2025-10-22,2025-11-14,32.5,6.0,8,9,Testing,High
9402,2026-04-23,2026-05-23,5.1,7.0,2,4,Design,Medium
9403,2026-07-25,2026-09-09,9.4,3.0,8,4,Development,Medium
9404,2026-04-01,2026-05-13,37.7,3.0,3,7,Design,Low
9405,2026-06-26,2026-06-20,32.2,8.0,5,5,Other,Medium
9406,2025-10-06,2025-11-01,32.0,3.0,2,4,Design,High
9407,2026-02-27,2026-04-02,30.1,5.0,2,-2,Design,Low
9408,2025-12-07,2026-01-11,22.5,2.0,7,10,Other,Medium
9409,2025-10-11,2025-11-09,36.7,2.0,4,4,Testing,Low
9410,2025-11-27,2025-11-30,27.6,3.0,2,1,Other,Low
9411,2026-05-16,2026-05-28,21.7,6.0,9,5,Other,High
9412,2026-03-06,2026-04-14,1.8,7.0,1,9,Other,Medium
9413,2026-03-21,2026-03-18,,7.0,1,9,Documentation,High
9414,2025-09-27,2025-11-02,17.0,8.0,1,2,Other,Low
9415,2026-08-25,2026-09-19,5.5,8.0,7,5,Other,High
9416,2026-05-28,2026-06-23,32.7,6.0,6,6,Testing ,Medium
9417,2026-07-09,2026-09-07,36.6,3.0,6,1,development,Low
9418,2026-05-13,2026-06-17,6.9,7.0,100,3,Design,Critical
9419,2026-02-25,2026-03-29,32.6,1.0,7,7,Development,Low
9420,2026-02-24,2026-03-11,3.1,,10,10,Development,Medium
9421,2025-12-18,2026-01-12,7.0,1.0,2,5,Testing,Low
9422,2026-05-13,2026-06-01,14.3,9.0,10,10,Documentation,Critical
9423,2026-07-03,2026-08-26,29.3,7.0,5,3,Testing,Medium
9424,2026-05-31,2026-06-12,20.9,1.0,9,2,Other,Low
9425,2026-06-15,2026-07-31,37.1,8.0,3,6,Other,Medium
9426,2025-11-24,2026-01-07,308.0,5.0,6,1,Testing,Medium
9427,2026-04-15,2026-04-28,36.5,9.0,2,0,Documentation,Medium
9428,2026-06-22,2026-08-20,12.9,9.0,100,4,Other,Critical
9428,2026-06-22,2026-08-20,12.9,9.0,100,4,Other,Critical
9430,2026-05-01,2026-06-27,10.7,2.0,10,1,Testing,Medium
9431,2026-08-07,2026-09-28,7.7,2.0,4,1,Documentation,Low
9432,2026-01-23,2026-01-17,35.1,8.0,7,3,  Design,Medium
9433,2026-05-17,2026-07-11,27.3,7.0,2,5,development,Medium
9434,2026-02-14,2026-03-08,35.1,6.0,7,4,Other,Medium
9435,2026-04-17,2026-04-28,38.4,6.0,8,6,Development,High
9436,2026-03-27,2026-04-18,34.9,6.0,1,0,Documentation,Low
9437,2025-12-19,2026-02-08,17.2,4.0,1,0,Testing,Low
9438,2025-10-10,2025-11-12,28.8,9.0,8,1,Design,High
9439,2026-05-30,2026-07-29,36.9,8.0,2,3,Development,Medium
9440,2025-12-07,2026-01-17,35.4,2.0,5,10,Documentation,Medium
9441,2026-07-23,2026-08-15,27.2,4.0,1,3,Testing,Low
9442,2026-02-16,2026-03-15,27.0,3.0,8,10,Testing,Medium
9443,2025-10-23,2025-11-17,206.7,7.0,3,0,Documentation,Low
9444,2025-10-17,2025-11-10,26.3,-1.0,10,0,Design,Low
9445,2026-01-09,2026-02-19,36.2,,6,3,Design,Low
9446,2026-03-20,2026-03-23,18.4,3.0,8,9,Testing,Medium
9447,2026-05-30,2026-05-31,1.5,7.0,8,2,Design,Medium
9448,2026-07-26,2026-08-09,37.9,7.0,3,7,Design,Medium
9449,2026-05-31,2026-06-07,,3.0,4,4,,Low
9450,2026-06-07,2026-07-19,8.9,3.0,8,6,Other,Critical
9451,2026-01-01,2026-02-28,33.9,,7,4,Documentation,Low
9452,2026-02-07,2026-03-01,,7.0,3,3,  Design,Medium
9453,2026-01-17,2026-01-29,518.4,9.0,10,2,development,High
9454,2025-09-12,2025-09-29,13.0,8.0,3,-5,development,Low
9455,2026-05-03,2026-05-19,916.2,10.0,2,5,Other,Medium
9456,2026-07-31,2026-09-19,,6.0,9,1,Testing,Medium
9457,2026-07-05,2026-07-17,17.6,7.0,4,1,Testing,Medium
9458,2026-05-30,2026-07-21,33.2,10.0,2,0,Design,Medium
9459,2026-07-14,2026-09-02,18.6,10.0,3,9,Design,High
9460,2025-12-19,2026-01-09,3.0,6.0,7,2,Development,Medium
9461,2026-03-31,2026-04-12,11.4,9.0,4,-2,DEV,Medium
9462,2025-11-02,2025-11-09,31.3,3.0,4,5,Testing,Low
9463,2025-10-16,2025-10-06,37.3,1.0,100,-5,Development,Critical
9464,2026-03-13,2026-05-04,19.0,2.0,0,4,Documentation,Low
9465,2026-01-22,2026-02-05,33.0,,10,2,Design,Low
9466,2025-10-11,2025-10-22,11.3,9.0,2,4,Development,Medium
9467,2025-12-27,2026-02-07,32.6,6.0,10,0,Documentation,Medium
9468,2026-07-16,2026-07-26,19.9,2.0,1,9,Documentation,Low
9469,2026-01-15,2026-02-08,821.7,2.0,2,1,Documentation,Low
9470,2026-04-17,2026-04-24,6.1,,8,7,Development,Low
9470,2026-04-17,2026-04-24,6.1,,8,7,Development,Low
9472,2026-05-15,2026-06-16,23.1,,3,5,Other,Low
9473,2025-10-12,2025-10-17,31.3,6.0,7,2,development,Medium
9474,2025-11-12,2025-12-15,33.1,8.0,2,6,Design,Medium
9475,2026-03-20,2026-04-16,9.0,,7,5,Development,Low
9476,2026-08-28,2026-09-06,24.0,0.0,4,10,  Design,Low
9477,2025-09-26,2025-10-25,13.2,6.0,2,5,  Design,High
9478,2026-08-06,2026-09-05,,4.0,5,8,Other,Medium
9479,2026-04-13,2026-05-15,24.0,5.0,100,6,Other,Critical
9480,2026-07-10,2026-08-30,37.5,3.0,3,5,Other,Low
9481,2026-08-26,2026-10-01,17.3,1.0,7,1,DEV,High
9482,2025-10-24,2025-11-07,21.6,15.0,8,2,,Critical
9483,2026-04-09,2026-05-26,10.6,4.0,5,6,doc,Medium
9483,2026-04-09,2026-05-26,10.6,4.0,5,6,doc,Medium
9485,2026-08-19,2026-09-20,35.3,2.0,8,-1,Other,Low
9486,2026-02-20,2026-03-19,17.7,3.0,3,4,Design,Low
9487,2025-10-29,2025-11-14,36.7,3.0,6,1,Other,Low
9488,2025-10-09,2025-10-30,14.6,1.0,6,6,Testing,Low
9489,2026-04-24,2026-04-26,,5.0,7,8,Other,Medium
9490,2026-07-27,2026-08-19,8.3,7.0,7,3,Testing,Medium
9491,2026-08-21,2026-09-28,33.0,9.0,8,7,Other,High
9492,2026-04-18,2026-05-20,6.1,4.0,7,6,Testing,Medium
9493,2026-02-24,2026-04-17,1.3,4.0,7,8,Documentation,High
9494,2026-04-24,2026-05-29,15.3,6.0,2,0,Testing,Low
9495,2026-03-12,2026-04-24,12.8,1.0,2,5,Documentation,Low
9496,2026-08-22,2026-10-06,31.0,10.0,4,9,Testing,High
9497,2026-01-16,2026-03-02,22.1,3.0,8,6,Testing,Medium
9498,2026-01-02,2026-01-11,27.6,,6,2,Testing,Low
9499,2026-02-23,2026-03-02,15.0,5.0,5,10,Documentation,Medium
9500,2025-10-31,2025-12-23,3.7,3.0,100,10,Other,Critical
9501,2026-01-19,2026-01-26,14.5,2.0,3,9,Other,Low
9502,2025-10-19,2025-10-23,2.3,1.0,1,5,Design,Low
9503,2026-06-20,2026-07-01,,2.0,9,3,Other,Medium
9504,2026-05-29,2026-07-07,24.0,1.0,10,8,Development,Medium
9505,2026-02-21,2026-02-23,29.1,11.0,4,6,Testing,High
9506,2025-09-24,2025-10-29,,8.0,4,3,Other,Medium
9507,2026-01-07,2025-12-30,11.9,3.0,1,4,Development,Low
9508,2026-05-01,2026-06-11,39.9,9.0,1,1,Design,Medium
9509,2026-04-19,2026-06-02,11.7,3.0,3,0,Design,Low
9510,2026-02-18,2026-04-01,13.2,9.0,10,3,Other,High
9511,2025-11-06,2025-11-10,15.8,6.0,1,3,Documentation,Low
9512,2026-05-24,2026-06-01,15.4,3.0,7,4,Testing,Medium
9513,2025-11-30,2025-12-04,6.2,4.0,1,10,Testing,Low
9514,2026-04-22,2026-05-17,985.4,6.0,8,5,Testing,Medium
9515,2026-09-08,2026-10-29,11.0,4.0,0,1,Documentation,Low
9516,2025-12-31,2026-01-07,4.5,2.0,10,7,Development,Medium
9517,2026-08-22,2026-10-12,1.8,6.0,3,10,doc,Medium
9518,2026-01-12,2026-01-24,24.8,7.0,1,1,,Critical
9519,2026-06-24,2026-07-20,2.2,6.0,2,0,DEV,Low
9520,2026-07-07,2026-07-16,39.1,9.0,1,10,Development,Medium
9521,2026-03-04,2026-04-06,20.1,3.0,10,3,Other,Medium
9522,2026-06-01,2026-06-18,13.6,6.0,8,2,Testing,Medium
9523,2025-11-13,2026-01-09,17.6,15.0,1,8,Testing,High
9524,2026-06-19,2026-07-16,23.7,7.0,10,9,DEV,High
9525,2025-10-11,2025-10-28,28.9,5.0,4,5,DEV,Medium
9526,2026-07-27,2026-08-21,2.1,8.0,4,0,Documentation,Medium
9527,2025-12-11,2025-12-27,9.2,6.0,2,10,Testing ,Critical
9528,2025-12-28,2026-02-19,21.6,9.0,1,6,Testing,Medium
9529,2025-11-25,2025-12-28,26.1,2.0,4,3,,Low
9530,2026-05-12,2026-07-06,16.1,6.0,8,3,Design,Medium
9531,2025-11-20,2026-01-19,14.0,10.0,8,9,Design,Critical
9532,2026-05-23,2026-07-15,7.6,6.0,4,1,Testing,Low
9533,2026-02-09,2026-02-17,32.4,-1.0,10,3,  Design,Low
9534,2025-12-11,2026-01-20,33.1,4.0,10,4,development,Medium
9535,2025-10-29,2025-11-01,36.6,1.0,7,0,Testing,Low
9536,2026-01-06,2026-01-07,25.0,6.0,4,3,Documentation,Medium
9537,2026-06-23,2026-06-15,32.3,3.0,10,10,Development,High
9538,2026-03-13,2026-04-12,,5.0,10,3,DEV,Medium
9539,2026-06-11,2026-08-07,2.2,4.0,9,1,Design,Medium
9540,2026-08-03,2026-07-25,31.4,11.0,6,8,Design,High
9541,2026-02-08,2026-03-22,36.8,10.0,8,10,,Critical
9542,2026-05-04,2026-05-10,23.4,-1.0,10,10,development,Medium
9543,2026-09-07,2026-09-25,22.5,1.0,3,5,Testing,Low
9544,2026-01-26,2026-02-25,23.8,3.0,4,10,Other,Medium
9545,2026-05-31,2026-07-13,25.2,5.0,8,4,Testing,Medium
9546,2026-05-21,2026-05-26,39.0,,10,8,Other,Low
9547,2026-06-02,2026-07-19,21.7,8.0,9,6,Other,High
9548,2025-12-14,2026-01-24,36.4,9.0,3,6,Design,Medium
9549,2025-09-20,2025-11-02,40.0,2.0,9,0,Design,Low
9550,2026-06-26,2026-06-17,1.8,1.0,4,3,  Design,Low
9551,2026-08-06,2026-08-17,20.0,6.0,8,2,Design,Medium
9552,2026-08-11,2026-09-12,3.4,2.0,4,10,DEV,Medium
9553,2026-07-23,2026-09-12,37.2,2.0,6,9,Testing ,Medium
9554,2026-05-24,2026-07-13,15.1,7.0,3,2,Documentation,Medium
9555,2026-04-30,2026-06-02,743.5,4.0,8,2,Documentation,Medium
9556,2025-12-03,2025-12-08,17.3,2.0,2,5,Development,Low
9557,2026-08-03,2026-08-29,14.3,4.0,8,5,Documentation,Medium
9558,2026-09-10,2026-10-10,39.3,2.0,8,4,Development,Medium
9559,2026-08-23,2026-10-02,35.5,3.0,8,5,Testing,Medium
9560,2026-07-23,2026-08-17,22.4,8.0,10,1,Testing,High
9561,2026-05-05,2026-06-26,2.0,,2,4,Design,Low
9562,2026-03-17,2026-03-20,946.1,2.0,2,4,Testing,Low
9563,2025-11-27,2025-12-30,35.8,2.0,10,10,Documentation,Medium
9564,2026-01-12,2026-01-14,37.2,3.0,4,10,Documentation,Medium
9565,2026-06-21,2026-07-05,22.8,1.0,8,3,Documentation,Low
9566,2025-10-20,2025-12-11,36.4,7.0,1,9,Documentation,Medium
9567,2026-07-31,2026-08-13,24.5,10.0,3,7,DEV,High
9568,2025-12-30,2026-01-20,28.0,10.0,8,6,Other,High
9569,2025-11-13,2025-12-04,,8.0,5,1,Documentation,Medium
9570,2026-03-14,2026-03-25,16.0,7.0,3,4,Testing,Medium
9571,2025-12-12,2026-01-10,30.7,7.0,5,7,Other,Medium
9572,2025-12-20,2026-01-15,2.9,5.0,10,5,Testing,High
9573,2026-01-28,2026-03-21,18.9,6.0,1,8,Development,Medium
9574,2026-07-10,2026-07-18,28.1,2.0,5,4,Design,Low
9575,2026-06-10,2026-07-01,5.3,5.0,9,5,Design,Medium
9576,2026-06-10,2026-07-04,,,3,7,  Design,Low
9577,2025-11-18,2026-01-06,778.3,,9,8,Testing,Low
9578,2026-05-05,2026-07-01,36.2,8.0,7,7,,High
9579,2026-07-03,2026-08-21,32.2,3.0,0,3,Testing,Low
9580,2026-04-11,2026-05-21,29.6,,1,8,Development,Low
9581,2026-02-11,2026-02-27,,1.0,4,3,Other,Low
9582,2025-09-29,2025-10-08,26.2,4.0,1,3,Testing,Low
9583,2025-10-28,2025-12-16,18.8,1.0,7,6,Testing,Low
9584,2025-10-17,2025-12-12,33.1,5.0,1,8,Documentation,Low
9585,2026-03-13,2026-03-23,22.3,1.0,7,0,  Design,Low
9586,2025-11-09,2026-01-06,15.0,4.0,10,-3,Development,Medium
9587,2025-11-28,2026-01-02,4.6,8.0,5,7,Testing,High
9588,2026-01-25,2026-01-29,37.3,8.0,9,0,Documentation,Medium
9589,2026-05-06,2026-05-15,10.5,9.0,10,7,DEV,Critical
9590,2025-11-24,2026-01-22,32.2,10.0,4,5,Development,High
9591,2026-09-11,2026-10-23,4.2,4.0,2,-1,,Low
9592,2026-07-24,2026-08-03,9.3,10.0,6,9,Other,High
9593,2025-11-05,2025-11-07,4.6,2.0,2,8,Other,Low
9594,2026-06-28,2026-08-22,35.4,5.0,8,0,Development,Medium
9595,2026-04-06,2026-04-09,16.1,6.0,10,9,Testing,High
9596,2026-08-08,2026-08-11,2.3,7.0,8,9,Development,High
9597,2026-04-11,2026-05-25,13.7,3.0,1,0,Testing,Low
9598,2026-08-31,2026-10-12,13.4,8.0,7,7,Testing,High
9599,2026-03-14,2026-04-13,18.7,10.0,5,-1,Development,Medium
9600,2026-07-03,2026-08-10,27.6,0.0,9,7,Documentation,Medium
9601,2026-02-08,2026-02-23,21.5,10.0,100,9,Design,Critical
9602,2026-02-15,2026-03-19,21.1,9.0,1,7,Other,Medium
9603,2026-07-09,2026-07-01,18.8,10.0,8,6,Design,High
9604,2025-09-22,2025-10-28,24.4,6.0,2,1,Other,Low
9605,2026-02-22,2026-03-22,10.9,10.0,10,1,Design,High
9606,2026-03-24,2026-05-08,13.5,9.0,4,4,Testing ,Medium
9607,2026-08-24,2026-09-23,35.6,5.0,6,9,  Design,Medium
9608,2026-03-19,2026-03-29,23.7,4.0,10,5,Development,Medium
9609,2026-03-31,2026-05-28,,8.0,7,0,DEV,Medium
9610,2026-07-10,2026-08-07,30.7,9.0,5,4,Other,Medium
9611,2026-02-12,2026-02-13,943.9,6.0,1,-1,  Design,Low
9612,2026-03-02,2026-03-25,39.8,10.0,4,9,Development,High
9613,2026-04-01,2026-05-06,39.9,2.0,7,10,Other,Medium
9614,2026-01-26,2026-03-16,18.5,4.0,4,2,Other,Low
9615,2026-08-06,2026-09-04,3.7,2.0,4,10,Other,Medium
9616,2026-05-05,2026-05-09,25.4,3.0,3,3,Other,Low
9617,2025-10-06,2025-10-10,37.1,6.0,4,10,Design,Medium
9618,2026-02-01,2026-03-10,13.1,9.0,2,8,doc,High
9619,2025-09-13,2025-10-19,251.5,8.0,3,9,Documentation,Medium
9620,2026-01-06,2026-01-21,16.6,2.0,3,6,Design,Low
9621,2025-10-08,2025-10-28,35.2,3.0,4,7,  Design,Medium
9622,2026-02-21,2026-04-15,2.0,7.0,4,0,Design,Medium
9623,2026-09-07,2026-10-12,24.4,1.0,4,4,Design,Low
9624,2025-12-23,2026-01-09,32.2,8.0,3,7,Development,Medium
9625,2026-06-09,2026-07-31,39.6,6.0,1,9,Development,Medium
9626,2026-07-17,2026-08-31,26.4,,6,7,Testing,Low
9627,2025-09-25,2025-11-04,38.0,3.0,4,2,Design,Low
9628,2026-01-03,2026-02-16,25.6,10.0,5,4,Other,High
9629,2026-03-14,2026-03-18,1.4,8.0,3,8,Testing,Medium
9630,2026-04-05,2026-05-05,17.0,11.0,10,9,Development,Critical
9631,2025-10-06,2025-09-27,27.0,,9,2,Testing,Low
9632,2026-04-08,2026-04-27,20.8,10.0,1,10,Documentation,High
9633,2026-01-16,2026-03-13,22.6,1.0,2,5,Design,Low
9634,2026-01-23,2026-03-01,17.3,7.0,3,3,Development,Medium
9635,2025-09-23,2025-11-03,26.5,6.0,2,9,Design,Medium
9636,2026-05-17,2026-06-18,16.7,1.0,5,3,Development,Low
9637,2025-12-06,2026-01-02,17.3,7.0,1,5,Development,Medium
9638,2026-03-26,2026-04-14,15.0,1.0,3,2,Testing,Low
9639,2026-04-04,2026-05-29,8.3,,4,10,Design,Low
9639,2026-04-04,2026-05-29,8.3,,4,10,Design,Low
9641,2026-07-11,2026-08-18,31.0,15.0,7,7,Design,Critical
9642,2025-11-20,2025-11-22,29.0,2.0,1,3,Testing ,Low
9643,2025-11-17,2025-12-09,15.0,4.0,9,7,Other,Medium
9644,2026-04-02,2026-04-05,26.5,7.0,2,2,Other,Low
9645,2026-08-18,2026-09-17,9.0,1.0,10,0,Other,Low
9646,2026-01-02,2026-02-01,36.9,1.0,2,1,Development,Low
9647,2026-02-02,2026-03-11,26.0,5.0,10,2,Other,Medium
9648,2026-03-18,2026-03-27,34.9,5.0,9,9,Design,High
9649,2025-12-17,2026-01-09,38.3,9.0,8,9,Design,High
9650,2026-02-02,2026-02-25,27.9,2.0,10,1,Design,Medium
9651,2026-05-13,2026-07-05,15.2,1.0,12,9,Testing,Medium
9652,2026-02-05,2026-01-28,16.0,1.0,1,8,Documentation,Low
9653,2026-08-16,2026-10-11,806.9,3.0,9,8,Other,Medium
9654,2026-05-14,2026-07-07,25.0,6.0,10,0,Documentation,Medium
9655,2025-11-20,2026-01-17,4.7,1.0,6,10,Other,Medium
9656,2026-01-21,2026-03-20,34.6,10.0,100,8,Other,Critical
9657,2025-12-14,2026-01-29,909.3,7.0,3,3,Design,Medium
9658,2025-12-18,2026-02-08,1.8,10.0,4,4,Design,High
9659,2026-02-28,2026-03-16,30.4,3.0,1,0,Testing,Low
9660,2026-04-30,2026-06-06,579.0,4.0,5,6,Other,Medium
9661,2026-03-27,2026-04-04,3.3,7.0,10,9,Testing,High
9661,2026-03-27,2026-04-04,3.3,7.0,10,9,Testing,High
9663,2026-09-02,2026-10-13,7.2,8.0,100,-5,DEV,Critical
9664,2026-01-30,2026-03-13,21.3,8.0,4,6,Documentation,Medium
9665,2026-04-08,2026-05-15,20.4,9.0,7,10,Testing,Critical
9666,2026-04-13,2026-05-08,12.1,1.0,4,5,Testing,Low
9667,2026-05-01,2026-05-19,5.3,,3,4,Documentation,Low
9668,2026-08-19,2026-09-21,,5.0,10,4,Design,Medium
9669,2026-06-08,2026-06-14,31.4,4.0,4,6,Development,Medium
9670,2026-08-18,2026-10-12,3.5,1.0,10,9,DEV,Medium
9671,2025-10-11,2025-10-21,25.4,,8,10,Design,Low
9672,2026-03-07,2026-03-17,12.4,6.0,9,4,Documentation,Medium
9673,2026-01-19,2026-02-16,,7.0,2,8,Testing,Low
9674,2025-11-14,2025-12-25,14.8,4.0,7,2,Other,Medium
9675,2025-12-08,2026-01-16,39.1,4.0,8,1,Design,Medium
9676,2026-08-05,2026-09-04,3.6,,4,3,Other,Low
9677,2026-04-25,2026-05-28,12.3,3.0,1,2,Testing,Low
9678,2026-06-28,2026-06-30,32.2,6.0,9,3,Documentation,Medium
9679,2025-10-07,2025-10-23,39.1,1.0,3,7,Development,Low
9680,2026-04-08,2026-06-06,11.9,4.0,4,4,Testing,Low
9681,2026-04-28,2026-05-13,25.4,6.0,7,10,Testing,High
9682,2025-10-30,2025-12-10,7.4,10.0,9,2,development,High
9683,2025-10-26,2025-11-18,17.9,3.0,12,2,development,Medium
9684,2026-07-31,2026-09-07,1.3,3.0,1,6,Documentation,Low
9684,2026-07-31,2026-09-07,1.3,3.0,1,6,Documentation,Low
9686,2026-01-16,2026-01-28,12.0,2.0,3,2,Development,Low
9687,2026-04-14,2026-05-18,0.8,1.0,3,4,Other,Low
9688,2026-02-04,2026-03-04,31.2,7.0,2,10,Documentation,Medium
9689,2026-03-27,2026-04-01,11.0,5.0,2,3,Other,Low
9690,2026-04-12,2026-05-12,35.2,7.0,9,7,Design,High
9691,2026-08-19,2026-09-22,22.9,7.0,8,1,Documentation,Low
9692,2025-12-25,2026-01-10,10.9,-1.0,3,0,Other,Low
9693,2025-10-29,2025-11-03,39.8,1.0,1,8,Testing,Low
9694,2026-08-21,2026-10-09,720.4,,10,6,doc,Low
9695,2026-01-16,2026-03-02,31.1,4.0,10,5,Other,Medium
9696,2026-04-01,2026-05-13,,8.0,6,6,Other,Medium
9697,2026-03-17,2026-03-31,743.0,9.0,2,1,Design,Medium
9698,2026-01-14,2026-02-24,17.9,5.0,3,1,Other,Low
9699,2025-12-22,2026-01-16,8.8,9.0,4,2,Other,Medium
9700,2026-01-08,2026-01-23,26.4,1.0,9,6,Design,Medium
9701,2026-06-27,2026-08-20,11.5,4.0,9,-4,DEV,Low
9702,2025-11-02,2025-12-19,11.8,1.0,6,7,Testing,Low
9703,2026-03-28,2026-05-15,5.8,4.0,100,3,  Design,Critical
9704,2026-04-07,2026-03-30,12.7,2.0,2,3,Testing,Low
9705,2026-03-19,2026-04-08,15.1,-1.0,5,7,Design,Low
9706,2026-05-25,2026-05-29,5.3,4.0,8,7,Documentation,Medium
9707,2026-01-28,2026-02-10,15.2,8.0,4,-5,Development,Low
9707,2026-01-28,2026-02-10,15.2,8.0,4,-5,Development,Low
9709,2026-08-06,2026-09-02,14.9,3.0,2,6,Testing,Low
9710,2026-04-17,2026-06-05,946.8,3.0,4,10,Design,Medium
9711,2026-08-21,2026-08-29,38.4,6.0,1,0,Documentation,High
9712,2025-10-19,2025-12-03,31.6,2.0,3,3,Other,Low
9713,2025-12-12,2026-01-17,3.5,4.0,9,9,Testing,High
9714,2025-09-22,2025-11-11,28.4,7.0,1,5,,Medium
9715,2025-11-11,2025-12-17,22.4,9.0,2,10,Documentation,High
9716,2026-04-27,2026-06-08,26.0,7.0,1,0,Testing,Low
9717,2026-06-24,2026-07-11,31.6,4.0,9,5,Development,Medium
9718,2026-04-20,2026-06-10,14.2,6.0,3,10,Development,High
9719,2026-03-07,2026-04-08,29.6,9.0,9,4,Testing,High
9720,2026-09-04,2026-09-14,32.4,3.0,6,10,Other,Medium
9721,2026-02-26,2026-02-20,33.0,,1,1,Other,Low
9722,2025-11-16,2025-11-22,7.8,9.0,9,0,Documentation,High
9723,2026-05-14,2026-05-31,27.3,2.0,9,10,Documentation,Medium
9724,2025-10-25,2025-11-05,1.0,7.0,7,8,Documentation,High
9725,2026-01-10,2026-01-23,8.7,7.0,7,6,DEV,High
9726,2025-09-18,2025-09-20,33.7,5.0,7,3,Testing,Medium
9727,2026-08-06,2026-08-28,15.3,2.0,7,0,Documentation,Low
9728,2026-02-10,2026-02-20,8.2,6.0,7,5,Documentation,Medium
9729,2026-06-07,2026-06-11,6.6,6.0,3,7,Testing ,Medium
9730,2025-11-18,2025-11-27,38.8,10.0,3,8,Documentation,High
9731,2025-11-24,2025-11-25,465.0,1.0,3,0,Documentation,Low
9732,2026-08-24,2026-08-28,5.2,4.0,10,6,Development,Medium
9733,2025-11-17,2026-01-16,13.7,3.0,4,7,Development,Low
9734,2026-01-25,2026-01-18,13.5,7.0,8,3,Development,Medium
9735,2026-08-09,2026-08-12,20.6,,10,6,Design,Medium
9736,2026-04-05,2026-04-24,,,4,-1,Other,Low
9737,2025-10-04,2025-11-14,26.5,6.0,2,7,Design,Medium
9738,2026-09-11,2026-10-06,14.0,1.0,3,1,Other,Low
9739,2025-10-06,2025-09-30,19.4,6.0,100,7,Other,Low
9740,2025-09-15,2025-10-14,11.4,9.0,5,4,Documentation,Medium
9741,2025-10-29,2025-12-02,22.8,2.0,10,3,Testing,Medium
9742,2025-12-12,2025-12-16,7.2,7.0,8,8,Design,High
9743,2026-07-27,2026-08-25,16.6,6.0,7,8,Other,High
9744,2025-09-21,2025-10-19,31.7,4.0,5,9,Documentation,Medium
9745,2026-05-18,2026-06-29,20.3,10.0,9,2,Design,High
9745,2026-05-18,2026-06-29,20.3,10.0,9,2,Design,High
9747,2026-05-16,2026-05-18,35.5,3.0,3,8,doc,Low
9748,2026-01-18,2026-02-09,16.2,10.0,9,2,Development,High
9749,2026-05-31,2026-06-06,38.2,9.0,7,8,Documentation,High
9749,2026-05-31,2026-06-06,38.2,9.0,7,8,Documentation,High
9751,2026-07-03,2026-07-18,,2.0,4,8,Development,Medium
9752,2025-11-29,2025-12-19,18.8,,5,5,Design,Low
9752,2025-11-29,2025-12-19,18.8,,5,5,Design,Low
9754,2025-11-25,2026-01-17,662.3,4.0,4,4,Other,Low
9755,2025-12-03,2025-12-20,14.5,9.0,1,4,Other,Medium
9756,2026-08-02,2026-09-22,11.2,5.0,12,4,doc,High
9757,2025-10-30,2025-11-10,11.5,1.0,10,0,Documentation,Low
9758,2026-02-16,2026-03-01,8.5,8.0,1,8,Development,Medium
9759,2026-01-06,2026-02-09,35.7,3.0,1,3,Documentation,Low
9760,2026-04-20,2026-06-09,39.0,11.0,6,8,Testing,High
9761,2026-07-27,2026-09-24,25.2,8.0,4,4,Documentation,Medium
9762,2025-12-10,2026-01-16,7.6,0.0,4,4,development,Low
9763,2025-11-28,2026-01-10,15.3,2.0,8,3,Development,Low
9764,2026-01-04,2026-02-02,11.0,10.0,12,1,Other,High
9765,2026-09-01,2026-10-06,37.2,2.0,6,10,Documentation,Medium
9766,2025-11-10,2025-12-26,38.4,6.0,7,7,Other,Medium
9767,2026-07-25,2026-08-07,8.1,,5,6,Testing,Low
9768,2026-07-13,2026-09-04,38.2,9.0,8,4,Design,High
9769,2026-03-11,2026-04-30,34.4,,8,8,development,Low
9770,2026-05-11,2026-06-12,11.6,2.0,6,5,Other,Low
9771,2026-03-21,2026-04-20,29.1,-1.0,12,1,  Design,Low
9772,2026-08-24,2026-10-11,30.8,7.0,10,1,Development,High
9773,2025-09-20,2025-11-17,39.2,9.0,5,3,Other,Medium
9774,2025-10-07,2025-11-04,31.4,9.0,7,2,Testing,High
9775,2025-09-30,2025-10-30,34.0,9.0,8,0,Other,Medium
9776,2026-06-11,2026-06-26,28.7,4.0,2,10,Testing,Medium
9777,2026-01-09,2026-01-18,,-1.0,1,8,Other,Low
9778,2025-10-11,2025-11-10,4.1,3.0,2,1,Testing,Low
9779,2025-12-24,2025-12-30,9.1,8.0,9,8,,High
9780,2026-02-28,2026-04-26,26.5,9.0,100,9,Testing,Critical
9781,2026-03-30,2026-04-03,30.9,1.0,7,4,Other,Low
9782,2026-06-05,2026-06-17,13.1,9.0,6,5,Testing,High
9783,2025-11-15,2025-11-06,31.1,7.0,3,2,Documentation,Medium
9784,2026-07-04,2026-07-18,39.4,11.0,6,3,Development,High
9785,2026-03-03,2026-03-04,29.6,6.0,9,5,Testing,High
9786,2025-09-25,2025-11-15,30.1,8.0,2,6,Testing,Medium
9787,2025-12-01,2026-01-21,20.8,4.0,1,8,Other,Low
9788,2026-02-01,2026-03-28,28.9,10.0,1,6,Documentation,Medium
9788,2026-02-01,2026-03-28,28.9,10.0,1,6,Documentation,Medium
9790,2025-11-28,2025-12-10,1.9,1.0,8,2,Development,Low
9791,2026-05-13,2026-07-02,25.8,9.0,2,6,Testing,Medium
9792,2026-06-14,2026-07-13,0.6,5.0,2,-1,Other,Low
9793,2026-06-09,2026-07-26,31.2,6.0,5,4,Design,Medium
9794,2026-04-28,2026-05-20,1.6,1.0,3,-2,Other,Low
9795,2025-09-25,2025-10-09,27.7,3.0,10,0,Design,Medium
9796,2025-11-26,2025-12-12,13.5,10.0,3,5,Testing,Medium
9797,2026-07-03,2026-07-10,30.9,5.0,1,2,  Design,Low
9798,2025-09-13,2025-09-14,25.0,9.0,10,7,  Design,Critical
9799,2025-12-23,2025-12-16,20.9,2.0,6,7,Testing,Medium
9800,2025-12-24,2026-01-18,1.0,,4,-4,Testing,Low
9801,2026-05-07,2026-06-14,7.5,5.0,8,8,Documentation,High
9802,2026-05-28,2026-07-03,1.5,9.0,5,8,Other,High
9803,2025-11-03,2025-11-23,13.8,10.0,5,8,Design,High
9804,2026-07-18,2026-09-16,17.8,2.0,1,1,Other,Low
9805,2025-11-18,2026-01-04,,3.0,3,9,Development,Low
9806,2026-07-13,2026-07-12,21.3,3.0,1,0,Documentation,Low
9807,2025-10-31,2025-12-17,17.6,3.0,4,8,Documentation,Medium
9808,2025-09-27,2025-10-20,1.6,4.0,8,7,Documentation,Medium
9809,2026-07-28,2026-08-27,16.9,3.0,10,5,DEV,Medium
9810,2026-06-11,2026-07-13,35.8,,1,7,Design,Low
9811,2026-02-21,2026-03-10,21.5,8.0,7,10,Testing,High
9812,2026-01-07,2026-01-18,25.7,8.0,4,9,Documentation,High
9813,2026-02-27,2026-03-27,36.4,8.0,1,4,Documentation,Medium
9814,2025-11-28,2025-12-03,27.5,10.0,6,0,Development,Medium
9815,2026-06-23,2026-06-26,8.4,9.0,7,0,Testing,Medium
9816,2025-12-27,2026-01-01,33.3,4.0,9,8,Other,Medium
9817,2026-07-03,2026-07-05,6.5,3.0,7,3,Development,Low
9818,2026-07-26,2026-08-16,14.1,4.0,8,7,Other,Medium
9819,2026-04-18,2026-05-17,10.5,3.0,2,4,DEV,Low
9820,2026-03-27,2026-05-14,3.0,7.0,7,1,Documentation,Medium
9821,2025-11-14,2025-12-10,21.9,15.0,3,1,Documentation,High
9822,2026-01-15,2026-02-17,4.8,8.0,3,2,Development,Low
9823,2026-07-13,2026-07-20,16.4,8.0,9,9,Development,High
9824,2026-05-01,2026-06-11,23.3,2.0,9,0,Development,Low
9825,2026-04-18,2026-05-13,22.0,3.0,2,4,Other,Low
9826,2026-05-21,2026-06-14,6.4,2.0,8,4,  Design,Medium
9827,2026-06-29,2026-07-21,9.6,4.0,2,4,Design,Low
9828,2026-05-16,2026-07-02,21.9,3.0,7,1,Development,Low
9829,2026-07-18,2026-09-05,3.6,8.0,3,2,Design,Low
9830,2025-11-14,2026-01-03,37.3,6.0,6,3,Testing,Medium
9831,2025-10-27,2025-12-19,17.5,15.0,6,8,Documentation,Critical
9832,2026-08-09,2026-10-06,28.6,9.0,4,1,Testing,Medium
9833,2026-01-26,2026-03-24,37.3,4.0,10,2,Testing,Medium
9834,2026-06-12,2026-07-01,19.8,,7,2,Other,Low
9835,2026-07-07,2026-07-08,35.7,3.0,4,5,Testing,Low
9836,2026-07-31,2026-08-27,6.6,8.0,5,4,Design,Medium
9837,2026-01-19,2026-02-27,37.2,3.0,8,9,development,Medium
9838,2026-08-06,2026-08-10,38.6,10.0,5,0,  Design,Medium
9839,2026-01-19,2026-01-31,28.3,9.0,2,1,Design,Medium
9840,2026-02-17,2026-03-09,21.0,7.0,4,2,Development,Medium
9841,2026-07-27,2026-09-12,34.9,10.0,8,3,Documentation,High
9842,2025-10-19,2025-11-23,21.9,,7,8,Design,Low
9843,2026-02-02,2026-03-31,12.9,2.0,9,9,Testing,Medium
9844,2026-01-24,2026-03-04,479.4,6.0,4,2,Design,Medium
9845,2026-08-01,2026-09-02,30.5,9.0,10,6,Other,High
9846,2026-04-20,2026-06-01,2.2,6.0,7,4,Other,Medium
9847,2025-09-19,2025-11-13,,7.0,5,3,Testing,Critical
9848,2025-10-07,2025-11-27,25.0,5.0,10,1,Development,Medium
9849,2026-02-20,2026-03-14,16.0,2.0,2,4,Design,Low
9850,2026-08-12,2026-08-19,9.2,3.0,9,-3,Testing,Low
9851,2026-05-01,2026-05-19,15.4,11.0,9,8,Documentation,Critical
9852,2026-06-20,2026-07-10,28.3,8.0,4,6,Development,Medium
9853,2026-02-06,2026-03-08,536.8,7.0,5,8,Documentation,Medium
9854,2025-10-10,2025-11-30,37.2,6.0,6,0,Testing,Medium
9855,2025-10-02,2025-11-29,23.1,10.0,4,0,Development,Medium
9856,2026-02-28,2026-04-23,14.5,5.0,2,10,doc,Medium
9857,2025-12-27,2026-01-02,16.7,2.0,7,5,Design,Low
9858,2025-10-29,2025-10-31,26.4,1.0,5,8,Design,Medium
9859,2026-06-22,2026-07-25,20.2,6.0,0,1,Design,Medium
9860,2025-12-17,2025-12-22,36.3,,5,2,  Design,Low
9861,2025-12-14,2026-01-15,,9.0,6,2,development,Medium
9862,2026-01-04,2026-02-12,23.1,6.0,10,3,DEV,High
9863,2026-05-23,2026-05-27,29.6,10.0,8,2,Documentation,High
9864,2026-09-02,2026-08-31,13.3,4.0,3,4,Other,Medium
9865,2026-08-29,2026-09-10,36.5,1.0,5,7,Testing,Low
9866,2026-02-14,2026-03-18,,9.0,7,3,Documentation,High
9867,2026-07-05,2026-08-27,21.6,5.0,6,10,Documentation,Medium
9868,2026-07-17,2026-08-12,10.7,7.0,9,4,Development,High
9869,2026-07-20,2026-09-10,13.6,4.0,5,1,Testing ,Low
9870,2025-10-06,2025-11-28,539.6,10.0,4,7,Other,High
9871,2026-01-15,2026-02-06,28.0,3.0,10,4,Design,Low
9872,2025-11-15,2025-11-14,9.7,6.0,5,9,Testing,Medium
9873,2026-03-26,2026-04-16,27.8,8.0,3,4,Development,Medium
9874,2026-05-11,2026-06-08,24.8,1.0,10,-2,Design,Low
9875,2026-03-13,2026-05-06,8.1,8.0,4,9,Documentation,High
9876,2025-11-19,2025-12-24,8.9,,1,7,Documentation,Low
9877,2025-11-28,2025-12-30,39.1,8.0,3,5,Testing,Medium
9878,2026-06-08,2026-06-06,27.8,3.0,6,6,Development,Medium
9879,2025-11-29,2025-12-13,28.9,6.0,6,10,Testing,High
9880,2026-03-19,2026-05-05,10.7,2.0,8,0,Other,Medium
9881,2026-07-13,2026-08-22,18.1,9.0,1,2,Other,Medium
9882,2026-07-25,2026-08-16,34.3,5.0,7,3,Development,Medium
9883,2026-04-12,2026-05-04,8.8,8.0,9,9,Testing ,High
9884,2026-06-23,2026-08-11,12.5,9.0,8,10,Testing ,Critical
9885,2026-05-08,2026-07-06,39.1,7.0,6,10,Other,High
9886,2026-06-30,2026-08-18,553.6,7.0,9,0,Design,Medium
9887,2026-09-12,2026-10-05,14.1,6.0,100,0,Documentation,Critical
9888,2026-05-17,2026-07-07,1.0,10.0,8,2,Testing,High
9889,2026-01-21,2026-03-09,1.5,8.0,3,8,Other,Critical
9890,2025-10-01,2025-09-21,2.0,4.0,8,7,Design,Medium
9891,2025-10-02,2025-11-23,29.9,4.0,1,5,Design,Low
9892,2025-11-18,2025-12-25,28.7,1.0,0,0,Design,Low
9893,2025-11-02,2025-12-19,10.2,5.0,1,0,Documentation,Low
9894,2025-11-06,2025-11-08,27.2,3.0,2,3,development,Low
9895,2025-11-24,2026-01-05,19.4,9.0,1,8,Other,Medium
9896,2026-07-14,2026-08-25,35.5,1.0,3,6,Testing,Low
9897,2025-11-26,2026-01-04,24.8,8.0,4,7,Testing,Medium
9898,2025-10-31,2025-10-30,37.1,10.0,8,8,Documentation,Low
9899,2025-09-22,2025-10-22,10.6,6.0,9,7,Development,High
9900,2026-04-14,2026-06-10,27.1,1.0,7,0,Testing,Low
9901,2025-12-05,2025-12-20,23.3,0.0,4,8,Development,High
9902,2025-11-06,2026-01-05,39.2,6.0,2,8,Other,Medium
9903,2026-05-01,2026-05-30,31.3,7.0,2,0,Design,Low
9904,2026-02-23,2026-02-20,31.9,5.0,1,10,Testing ,Medium
9905,2026-05-14,2026-07-12,5.6,15.0,5,9,  Design,High
9906,2026-02-26,2026-04-15,4.8,8.0,5,3,Documentation,Medium
9907,2026-08-06,2026-10-05,33.2,10.0,10,1,Testing,High
9908,2026-04-28,2026-06-10,23.8,9.0,12,0,Design,High
9909,2026-01-28,2026-03-02,33.5,10.0,9,2,Development,High
9910,2026-07-27,2026-09-10,12.4,5.0,4,10,Design,Medium
9911,2026-03-13,2026-03-26,23.4,,2,1,Development,Low
9912,2026-02-06,2026-02-23,37.1,5.0,9,5,Other,Medium
9913,2026-05-29,2026-07-22,39.7,2.0,8,1,Design,Low
9914,2026-06-28,2026-08-01,3.3,10.0,5,4,Design,High
9915,2026-01-03,2026-02-05,38.8,10.0,2,0,Testing,Medium
9916,2026-08-08,2026-09-11,8.0,10.0,8,4,Development,High
9917,2026-01-20,2026-02-18,32.8,,9,6,  Design,Low
9918,2026-04-30,2026-06-24,15.5,2.0,8,0,Design,Low
9919,2026-06-01,2026-06-23,0.7,7.0,5,1,doc,Medium
9920,2025-11-22,2025-12-05,7.5,2.0,9,0,Other,Low
9921,2026-03-31,2026-05-29,27.9,3.0,9,7,Other,Medium
9922,2026-07-29,2026-08-12,10.9,2.0,3,-5,Development,Low
9923,2026-07-18,2026-08-06,19.5,3.0,8,9,Other,Medium
9924,2025-12-27,2026-02-02,35.0,8.0,9,2,Testing,High
9925,2026-08-14,2026-08-15,5.6,1.0,6,5,Other,Low
9926,2026-07-27,2026-09-09,39.6,10.0,5,5,Development,High
9927,2026-08-26,2026-09-04,22.0,7.0,6,7,Documentation,High
9928,2026-05-10,2026-05-22,2.4,10.0,9,10,development,Critical
9929,2026-02-08,2026-03-15,18.2,11.0,1,2,Documentation,Medium
9930,2026-05-28,2026-05-25,15.4,1.0,10,0,Development,Low
9931,2026-01-20,2026-03-06,12.4,1.0,9,9,Other,Medium
9932,2025-11-06,2025-12-26,19.2,9.0,2,6,Documentation,Medium
9933,2025-11-20,2025-12-17,19.2,5.0,5,5,Testing,Medium
9934,2026-08-11,2026-09-07,9.2,-1.0,5,3,Other,Low
9935,2026-03-23,2026-04-27,729.3,15.0,0,9,Testing,High
9936,2026-08-16,2026-08-20,15.4,0.0,3,9,doc,Low
9937,2025-09-16,2025-11-09,25.4,8.0,6,8,Testing,High
9938,2026-07-07,2026-07-31,36.4,7.0,10,2,Testing,Critical
9939,2026-06-11,2026-07-29,35.4,5.0,2,10,Documentation,Medium
9940,2025-11-29,2026-01-24,24.9,2.0,7,5,Other,Low
9941,2025-12-27,2026-02-22,16.3,7.0,6,-3,Design,Medium
9942,2025-10-25,2025-12-15,31.8,1.0,9,7,Development,Medium
9943,2026-02-12,2026-03-28,23.6,10.0,1,0,Testing,Medium
9944,2026-02-10,2026-03-13,38.5,10.0,12,3,Documentation,Critical
9945,2026-09-03,2026-10-31,1.5,1.0,9,1,Development,Low
9946,2026-06-07,2026-07-20,39.2,4.0,9,9,Development,High
9947,2025-11-04,2025-12-28,33.4,3.0,6,3,Other,Low
9948,2026-01-24,2026-03-13,24.2,8.0,1,4,Documentation,Medium
9949,2026-02-05,2026-02-12,15.4,5.0,7,10,Documentation,High
9950,2025-10-25,2025-11-11,26.0,7.0,9,7,Design,High
9951,2026-02-20,2026-03-08,29.2,6.0,100,2,Testing,Critical
9952,2025-12-19,2026-02-12,34.4,6.0,7,3,Testing,Medium
9953,2026-04-18,2026-06-08,8.1,3.0,2,5,Development,Low
9953,2026-04-18,2026-06-08,8.1,3.0,2,5,Development,Low
9955,2026-08-01,2026-08-29,39.4,3.0,5,3,Other,Low
9956,2025-09-16,2025-11-07,15.0,9.0,9,8,Design,High
9957,2026-05-11,2026-06-28,23.7,2.0,10,1,  Design,Medium
9958,2025-09-14,2025-10-27,38.7,3.0,6,7,Documentation,Medium
9959,2026-02-22,2026-03-01,22.9,6.0,1,10,Other,Medium
9960,2026-07-20,2026-07-26,842.9,1.0,6,3,Development,Low
9961,2026-05-07,2026-07-06,21.3,10.0,9,7,Design,Critical
9962,2026-03-09,2026-03-15,,8.0,7,1,doc,Medium
9963,2026-01-16,2026-02-12,,7.0,8,4,Development,High
9964,2026-04-08,2026-06-02,0.8,1.0,7,8,Development,Medium
9965,2026-07-30,2026-07-25,8.3,1.0,8,10,DEV,Medium
9966,2025-10-26,2025-11-30,13.1,5.0,9,2,Other,Medium
9967,2026-02-22,2026-03-22,472.1,3.0,5,7,Documentation,Medium
9968,2025-09-26,2025-09-29,23.2,-1.0,2,7,Testing,Low
9969,2026-08-03,2026-08-05,32.5,4.0,3,7,Other,Low
9970,2025-09-25,2025-11-12,1.1,4.0,4,10,Other,Medium
9971,2025-11-26,2026-01-08,33.4,6.0,2,3,Documentation,Low
9972,2026-08-05,2026-10-02,21.3,4.0,9,3,Development,Medium
9973,2026-05-10,2026-07-01,28.2,4.0,1,0,Documentation,Low
9974,2026-07-15,2026-08-04,11.4,6.0,0,6,Design,Low
9975,2026-07-09,2026-07-10,28.9,4.0,4,1,Development,Low
9976,2026-04-17,2026-05-14,26.1,3.0,4,2,Testing ,Low
9977,2025-09-22,2025-11-07,0.9,2.0,1,7,Design,Low
9978,2026-06-17,2026-06-21,39.5,10.0,10,4,Design,High
9979,2026-03-22,2026-04-01,23.5,8.0,2,8,Design,Medium
9980,2026-09-06,2026-09-17,35.6,6.0,2,7,Documentation,Medium
9981,2026-09-07,2026-10-27,11.4,5.0,5,9,Documentation,Critical
9982,2026-09-07,2026-09-11,13.4,4.0,6,3,Documentation,Medium
9983,2026-02-06,2026-03-19,16.8,1.0,9,1,Documentation,Low
9984,2025-10-04,2025-10-26,,2.0,10,6,Development,Medium
9985,2025-12-15,2025-12-19,15.1,3.0,5,9,Documentation,Medium
9986,2026-06-26,2026-07-10,,5.0,9,3,DEV,Medium
9987,2025-12-24,2026-01-16,33.6,2.0,10,3,Design,Medium
9988,2025-09-27,2025-10-14,30.0,9.0,4,1,Development,Medium
9989,2026-09-11,2026-10-26,15.7,8.0,5,2,Development,Medium
9990,2026-07-20,2026-08-02,20.8,1.0,4,4,Design,Low
9991,2026-08-27,2026-10-05,14.9,8.0,10,10,Testing,Low
9992,2026-06-29,2026-07-06,13.7,8.0,7,0,Development,Medium
9993,2026-07-06,2026-08-07,26.2,10.0,1,2,Testing,Medium
9994,2025-11-12,2025-11-30,25.6,10.0,6,8,Testing,High
9995,2026-05-07,2026-06-06,27.5,9.0,9,6,Documentation,High
9996,2025-10-01,2025-11-01,9.9,1.0,8,4,Other,Low
9997,2026-08-31,2026-10-11,32.4,2.0,2,5,Development,Low
9998,2025-11-08,2026-01-02,29.3,6.0,8,9,Documentation,High
9999,2026-01-12,2026-02-22,22.0,7.0,6,3,Other,Medium
10000,2025-10-30,2025-12-26,28.2,8.0,1,3,Design,Low
